incident_id,incident_category,severity,incident_description,resolution_status,location,clean_text
1,Customs Issue,Low,Customs clearance process delayed. Reported at Chennai facility during shift 3.,Open,Delhi,customs clearance process delay report chennai facility shift
2,Customs Issue,Medium,Customs clearance process delayed. Reported at Mumbai facility during shift 3.,Open,Mumbai,customs clearance process delay report mumbai facility shift
3,Inventory Shortage,Low,Demand exceeded available stock levels. Reported at Chennai facility during shift 3.,Resolved,Kolkata,demand exceed available stock level report chennai facility shift
4,Inventory Shortage,High,Inventory forecast underestimated demand. Reported at Hyderabad facility during shift 1.,Open,Kolkata,inventory forecast underestimate demand report hyderabad facility shift
5,Damaged Goods,Critical,Shipment contents damaged in transit. Reported at Delhi facility during shift 1.,In Progress,Mumbai,shipment content damage transit report delhi facility shift
6,Shipment Delay,High,Delivery delayed due to traffic disruption. Reported at Mumbai facility during shift 2.,Resolved,Hyderabad,delivery delay due traffic disruption report mumbai facility shift
7,Warehouse Issue,Low,Warehouse stock mismatch identified. Reported at Ahmedabad facility during shift 3.,In Progress,Mumbai,warehouse stock mismatch identify report ahmedabad facility shift
8,Documentation Error,Low,Required compliance document missing. Reported at Pune facility during shift 3.,Open,Chennai,require compliance document miss report pune facility shift
9,Customs Issue,High,Border inspection extended shipment hold. Reported at Hyderabad facility during shift 1.,Open,Kolkata,border inspection extend shipment hold report hyderabad facility shift
10,Damaged Goods,Medium,Improper handling caused item breakage. Reported at Pune facility during shift 1.,Open,Hyderabad,improper handle cause item breakage report pune facility shift
11,Customs Issue,Medium,Country-specific restriction affected import. Reported at Mumbai facility during shift 3.,Resolved,Bengaluru,countryspecific restriction affect import report mumbai facility shift
12,Inventory Shortage,Critical,Inventory forecast underestimated demand. Reported at Kolkata facility during shift 2.,Resolved,Bengaluru,inventory forecast underestimate demand report kolkata facility shift
13,Customs Issue,High,Customs requested additional documentation. Reported at Chennai facility during shift 1.,In Progress,Kolkata,customs request additional documentation report chennai facility shift
14,Damaged Goods,High,Product packaging torn during loading. Reported at Bengaluru facility during shift 3.,In Progress,Bengaluru,product package tear load report bengaluru facility shift
15,Customs Issue,Medium,Import permit approval pending. Reported at Kolkata facility during shift 3.,In Progress,Delhi,import permit approval pending report kolkata facility shift
16,Inventory Shortage,Medium,Procurement delay affected inventory availability. Reported at Hyderabad facility during shift 3.,Resolved,Kolkata,procurement delay affect inventory availability report hyderabad facility shift
17,Damaged Goods,Medium,Forklift accident damaged inventory. Reported at Delhi facility during shift 3.,Open,Mumbai,forklift accident damage inventory report delhi facility shift
18,Inventory Shortage,Medium,Raw material shortage impacted production. Reported at Delhi facility during shift 3.,Open,Kolkata,raw material shortage impact production report delhi facility shift
19,Transportation Failure,Low,Route planning error delayed movement. Reported at Ahmedabad facility during shift 3.,Resolved,Chennai,route plan error delay movement report ahmedabad facility shift
20,Customs Issue,High,Regulatory approval pending clearance. Reported at Mumbai facility during shift 3.,In Progress,Pune,regulatory approval pending clearance report mumbai facility shift
21,Shipment Delay,Medium,Carrier scheduling issue caused shipment delay. Reported at Kolkata facility during shift 1.,Resolved,Hyderabad,carrier schedule issue cause shipment delay report kolkata facility shift
22,Documentation Error,Critical,Invoice value discrepancy identified. Reported at Delhi facility during shift 3.,Resolved,Hyderabad,invoice value discrepancy identify report delhi facility shift
23,Warehouse Issue,Medium,Dock congestion slowed warehouse throughput. Reported at Bengaluru facility during shift 1.,Open,Chennai,dock congestion slow warehouse throughput report bengaluru facility shift
24,Documentation Error,Low,Incorrect consignee information provided. Reported at Ahmedabad facility during shift 1.,In Progress,Hyderabad,incorrect consignee information provide report ahmedabad facility shift
25,Inventory Shortage,Critical,Warehouse stock shortage detected. Reported at Bengaluru facility during shift 3.,Open,Ahmedabad,warehouse stock shortage detect report bengaluru facility shift
26,Warehouse Issue,Medium,Picking error occurred in warehouse. Reported at Delhi facility during shift 1.,Resolved,Delhi,pick error occur warehouse report delhi facility shift
27,Damaged Goods,Critical,Temperature excursion affected product quality. Reported at Kolkata facility during shift 1.,Resolved,Bengaluru,temperature excursion affect product quality report kolkata facility shift
28,Customs Issue,Medium,Regulatory verification delayed release. Reported at Kolkata facility during shift 3.,In Progress,Ahmedabad,regulatory verification delay release report kolkata facility shift
29,Shipment Delay,Medium,Unexpected weather conditions slowed transportation. Reported at Bengaluru facility during shift 1.,Resolved,Bengaluru,unexpected weather condition slow transportation report bengaluru facility shift
30,Documentation Error,High,Bill of lading information mismatch detected. Reported at Chennai facility during shift 1.,Open,Bengaluru,bill lade information mismatch detect report chennai facility shift
31,Shipment Delay,Low,Mechanical failure delayed freight movement. Reported at Chennai facility during shift 2.,Open,Hyderabad,mechanical failure delay freight movement report chennai facility shift
32,Customs Issue,Low,Import permit approval pending. Reported at Bengaluru facility during shift 3.,Resolved,Ahmedabad,import permit approval pending report bengaluru facility shift
33,Inventory Shortage,Low,Unexpected order spike exhausted stock. Reported at Ahmedabad facility during shift 2.,Open,Kolkata,unexpected order spike exhaust stock report ahmedabad facility shift
34,Damaged Goods,High,Pallet collapse resulted in product damage. Reported at Kolkata facility during shift 2.,Open,Mumbai,pallet collapse result product damage report kolkata facility shift
35,Shipment Delay,Low,Delivery delayed due to traffic disruption. Reported at Pune facility during shift 1.,Open,Ahmedabad,delivery delay due traffic disruption report pune facility shift
36,Inventory Shortage,Medium,Supplier delay created inventory gap. Reported at Delhi facility during shift 2.,Open,Ahmedabad,supplier delay create inventory gap report delhi facility shift
37,Warehouse Issue,Medium,Warehouse staffing shortage reported. Reported at Mumbai facility during shift 1.,Resolved,Chennai,warehouse staff shortage report report mumbai facility shift
38,Shipment Delay,Medium,Mechanical failure delayed freight movement. Reported at Bengaluru facility during shift 1.,In Progress,Bengaluru,mechanical failure delay freight movement report bengaluru facility shift
39,Warehouse Issue,Medium,Order picking queue exceeded capacity. Reported at Chennai facility during shift 1.,In Progress,Hyderabad,order pick queue exceed capacity report chennai facility shift
40,Warehouse Issue,Medium,Space constraint affected storage operations. Reported at Ahmedabad facility during shift 2.,Resolved,Ahmedabad,space constraint affect storage operations report ahmedabad facility shift
41,Inventory Shortage,Critical,Demand exceeded available stock levels. Reported at Hyderabad facility during shift 1.,Resolved,Chennai,demand exceed available stock level report hyderabad facility shift
42,Customs Issue,Medium,Customs requested additional documentation. Reported at Chennai facility during shift 1.,Resolved,Delhi,customs request additional documentation report chennai facility shift
43,Shipment Delay,Low,Cargo loading completed behind schedule. Reported at Mumbai facility during shift 1.,Open,Bengaluru,cargo load complete behind schedule report mumbai facility shift
44,Transportation Failure,Medium,Transport route disruption due to road closure. Reported at Bengaluru facility during shift 3.,Resolved,Mumbai,transport route disruption due road closure report bengaluru facility shift
45,Transportation Failure,Low,Accident blocked scheduled delivery route. Reported at Pune facility during shift 2.,Resolved,Pune,accident block schedule delivery route report pune facility shift
46,Inventory Shortage,Medium,Stockout occurred at fulfillment center. Reported at Kolkata facility during shift 1.,In Progress,Ahmedabad,stockout occur fulfillment center report kolkata facility shift
47,Damaged Goods,Medium,Receiving inspection identified damaged goods. Reported at Mumbai facility during shift 1.,Resolved,Mumbai,receive inspection identify damage goods report mumbai facility shift
48,Shipment Delay,Low,Cargo loading completed behind schedule. Reported at Bengaluru facility during shift 3.,In Progress,Mumbai,cargo load complete behind schedule report bengaluru facility shift
49,Inventory Shortage,Medium,Safety stock threshold breached. Reported at Hyderabad facility during shift 1.,Resolved,Hyderabad,safety stock threshold breach report hyderabad facility shift
50,Documentation Error,High,Invoice value discrepancy identified. Reported at Chennai facility during shift 3.,In Progress,Mumbai,invoice value discrepancy identify report chennai facility shift
51,Inventory Shortage,High,Stockout occurred at fulfillment center. Reported at Mumbai facility during shift 1.,Open,Hyderabad,stockout occur fulfillment center report mumbai facility shift
52,Damaged Goods,Medium,Container impact damaged shipment contents. Reported at Bengaluru facility during shift 3.,Resolved,Hyderabad,container impact damage shipment content report bengaluru facility shift
53,Documentation Error,Low,Export declaration contained errors. Reported at Hyderabad facility during shift 1.,In Progress,Hyderabad,export declaration contain errors report hyderabad facility shift
54,Shipment Delay,Medium,Shipment delayed due to customs inspection. Reported at Pune facility during shift 1.,In Progress,Delhi,shipment delay due customs inspection report pune facility shift
55,Customs Issue,Low,Import permit approval pending. Reported at Kolkata facility during shift 3.,Open,Delhi,import permit approval pending report kolkata facility shift
56,Documentation Error,Medium,Incorrect shipping documentation submitted. Reported at Pune facility during shift 3.,In Progress,Delhi,incorrect ship documentation submit report pune facility shift
57,Shipment Delay,High,Carrier scheduling issue caused shipment delay. Reported at Pune facility during shift 1.,Open,Bengaluru,carrier schedule issue cause shipment delay report pune facility shift
58,Customs Issue,High,Customs clearance process delayed. Reported at Pune facility during shift 3.,In Progress,Delhi,customs clearance process delay report pune facility shift
59,Inventory Shortage,High,Inventory reservation conflict identified. Reported at Delhi facility during shift 1.,Open,Delhi,inventory reservation conflict identify report delhi facility shift
60,Customs Issue,High,Country-specific restriction affected import. Reported at Pune facility during shift 2.,Resolved,Bengaluru,countryspecific restriction affect import report pune facility shift
61,Damaged Goods,High,Goods arrived with visible damage. Reported at Mumbai facility during shift 2.,In Progress,Bengaluru,goods arrive visible damage report mumbai facility shift
62,Inventory Shortage,Medium,Inventory reservation conflict identified. Reported at Ahmedabad facility during shift 2.,Open,Bengaluru,inventory reservation conflict identify report ahmedabad facility shift
63,Shipment Delay,Medium,Shipment rerouted causing additional transit time. Reported at Bengaluru facility during shift 2.,Open,Hyderabad,shipment rerouted cause additional transit time report bengaluru facility shift
64,Damaged Goods,Critical,Fragile goods mishandled during unloading. Reported at Kolkata facility during shift 3.,Resolved,Pune,fragile goods mishandle unload report kolkata facility shift
65,Shipment Delay,Medium,Truck breakdown caused delivery delay. Reported at Hyderabad facility during shift 1.,In Progress,Chennai,truck breakdown cause delivery delay report hyderabad facility shift
66,Shipment Delay,High,Rail transport delay impacted delivery timeline. Reported at Kolkata facility during shift 2.,In Progress,Kolkata,rail transport delay impact delivery timeline report kolkata facility shift
67,Documentation Error,High,Labeling information did not match shipment. Reported at Mumbai facility during shift 2.,Open,Hyderabad,label information match shipment report mumbai facility shift
68,Shipment Delay,Medium,Dispatch process delayed at origin facility. Reported at Kolkata facility during shift 1.,Resolved,Bengaluru,dispatch process delay origin facility report kolkata facility shift
69,Damaged Goods,Critical,Pallet collapse resulted in product damage. Reported at Mumbai facility during shift 3.,Resolved,Pune,pallet collapse result product damage report mumbai facility shift
70,Customs Issue,Critical,Trade compliance review delayed processing. Reported at Mumbai facility during shift 3.,Resolved,Hyderabad,trade compliance review delay process report mumbai facility shift
71,Customs Issue,Medium,Tariff classification review in progress. Reported at Pune facility during shift 2.,Resolved,Delhi,tariff classification review progress report pune facility shift
72,Inventory Shortage,High,Supplier delay created inventory gap. Reported at Kolkata facility during shift 3.,Open,Hyderabad,supplier delay create inventory gap report kolkata facility shift
73,Transportation Failure,Low,Transportation vendor system outage reported. Reported at Chennai facility during shift 2.,In Progress,Pune,transportation vendor system outage report report chennai facility shift
74,Transportation Failure,Low,Fleet utilization exceeded available capacity. Reported at Ahmedabad facility during shift 3.,In Progress,Delhi,fleet utilization exceed available capacity report ahmedabad facility shift
75,Customs Issue,Medium,Customs clearance process delayed. Reported at Hyderabad facility during shift 3.,Resolved,Pune,customs clearance process delay report hyderabad facility shift
76,Shipment Delay,Medium,Holiday demand surge caused shipping delays. Reported at Bengaluru facility during shift 3.,Open,Delhi,holiday demand surge cause ship delay report bengaluru facility shift
77,Shipment Delay,Medium,Shipment delayed due to customs inspection. Reported at Bengaluru facility during shift 2.,Open,Ahmedabad,shipment delay due customs inspection report bengaluru facility shift
78,Transportation Failure,Medium,Trailer availability issue delayed dispatch. Reported at Bengaluru facility during shift 3.,In Progress,Kolkata,trailer availability issue delay dispatch report bengaluru facility shift
79,Inventory Shortage,High,Inventory replenishment delayed. Reported at Chennai facility during shift 1.,Open,Delhi,inventory replenishment delay report chennai facility shift
80,Warehouse Issue,Medium,Put-away process delayed inventory availability. Reported at Ahmedabad facility during shift 1.,Open,Ahmedabad,putaway process delay inventory availability report ahmedabad facility shift
81,Inventory Shortage,Medium,Unexpected order spike exhausted stock. Reported at Ahmedabad facility during shift 3.,Resolved,Pune,unexpected order spike exhaust stock report ahmedabad facility shift
82,Warehouse Issue,High,Order consolidation process delayed shipment. Reported at Ahmedabad facility during shift 3.,Resolved,Kolkata,order consolidation process delay shipment report ahmedabad facility shift
83,Warehouse Issue,High,Order consolidation process delayed shipment. Reported at Ahmedabad facility during shift 1.,In Progress,Ahmedabad,order consolidation process delay shipment report ahmedabad facility shift
84,Damaged Goods,Low,Warehouse accident damaged stored inventory. Reported at Bengaluru facility during shift 3.,Resolved,Ahmedabad,warehouse accident damage store inventory report bengaluru facility shift
85,Customs Issue,Low,Border inspection extended shipment hold. Reported at Hyderabad facility during shift 2.,In Progress,Bengaluru,border inspection extend shipment hold report hyderabad facility shift
86,Damaged Goods,Low,Water exposure damaged packaged goods. Reported at Pune facility during shift 3.,Open,Bengaluru,water exposure damage package goods report pune facility shift
87,Transportation Failure,Low,Equipment malfunction impacted transport operations. Reported at Delhi facility during shift 3.,In Progress,Kolkata,equipment malfunction impact transport operations report delhi facility shift
88,Damaged Goods,Low,Temperature excursion affected product quality. Reported at Ahmedabad facility during shift 2.,In Progress,Kolkata,temperature excursion affect product quality report ahmedabad facility shift
89,Warehouse Issue,Medium,Cycle count discrepancy identified. Reported at Chennai facility during shift 3.,Open,Pune,cycle count discrepancy identify report chennai facility shift
90,Damaged Goods,Medium,Warehouse accident damaged stored inventory. Reported at Kolkata facility during shift 2.,Resolved,Bengaluru,warehouse accident damage store inventory report kolkata facility shift
91,Transportation Failure,Medium,Logistics partner experienced operational failure. Reported at Hyderabad facility during shift 2.,In Progress,Pune,logistics partner experience operational failure report hyderabad facility shift
92,Customs Issue,Low,Customs valuation dispute identified. Reported at Kolkata facility during shift 3.,In Progress,Delhi,customs valuation dispute identify report kolkata facility shift
93,Documentation Error,Medium,Labeling information did not match shipment. Reported at Chennai facility during shift 2.,Resolved,Chennai,label information match shipment report chennai facility shift
94,Shipment Delay,High,Shipment rerouted causing additional transit time. Reported at Kolkata facility during shift 1.,Open,Chennai,shipment rerouted cause additional transit time report kolkata facility shift
95,Damaged Goods,Medium,Pallet collapse resulted in product damage. Reported at Pune facility during shift 1.,In Progress,Kolkata,pallet collapse result product damage report pune facility shift
96,Damaged Goods,High,Warehouse accident damaged stored inventory. Reported at Kolkata facility during shift 2.,In Progress,Chennai,warehouse accident damage store inventory report kolkata facility shift
97,Customs Issue,Low,Shipment flagged for compliance audit. Reported at Chennai facility during shift 2.,Open,Chennai,shipment flag compliance audit report chennai facility shift
98,Warehouse Issue,High,Warehouse stock mismatch identified. Reported at Bengaluru facility during shift 1.,Resolved,Delhi,warehouse stock mismatch identify report bengaluru facility shift
99,Inventory Shortage,Low,Inventory replenishment delayed. Reported at Ahmedabad facility during shift 3.,Open,Ahmedabad,inventory replenishment delay report ahmedabad facility shift
100,Customs Issue,Medium,Regulatory verification delayed release. Reported at Pune facility during shift 1.,Resolved,Mumbai,regulatory verification delay release report pune facility shift
101,Warehouse Issue,Low,Warehouse staffing shortage reported. Reported at Delhi facility during shift 2.,Open,Hyderabad,warehouse staff shortage report report delhi facility shift
102,Documentation Error,Critical,Missing certificate delayed shipment release. Reported at Kolkata facility during shift 2.,Open,Mumbai,miss certificate delay shipment release report kolkata facility shift
103,Documentation Error,Medium,Data entry error impacted shipment records. Reported at Bengaluru facility during shift 1.,In Progress,Mumbai,data entry error impact shipment record report bengaluru facility shift
104,Warehouse Issue,Medium,Cycle count discrepancy identified. Reported at Chennai facility during shift 2.,Resolved,Pune,cycle count discrepancy identify report chennai facility shift
105,Shipment Delay,High,Cargo loading completed behind schedule. Reported at Pune facility during shift 1.,In Progress,Mumbai,cargo load complete behind schedule report pune facility shift
106,Transportation Failure,Low,Driver unavailable for scheduled route. Reported at Ahmedabad facility during shift 3.,Open,Hyderabad,driver unavailable schedule route report ahmedabad facility shift
107,Documentation Error,Medium,Invoice value discrepancy identified. Reported at Ahmedabad facility during shift 2.,Resolved,Hyderabad,invoice value discrepancy identify report ahmedabad facility shift
108,Damaged Goods,Low,Transit vibration caused product defects. Reported at Bengaluru facility during shift 1.,In Progress,Bengaluru,transit vibration cause product defect report bengaluru facility shift
109,Warehouse Issue,Low,Warehouse management system outage reported. Reported at Kolkata facility during shift 2.,In Progress,Delhi,warehouse management system outage report report kolkata facility shift
110,Transportation Failure,Medium,Logistics partner experienced operational failure. Reported at Pune facility during shift 2.,Resolved,Hyderabad,logistics partner experience operational failure report pune facility shift
111,Documentation Error,Low,Incorrect shipping documentation submitted. Reported at Bengaluru facility during shift 1.,In Progress,Ahmedabad,incorrect ship documentation submit report bengaluru facility shift
112,Documentation Error,Medium,Invoice value discrepancy identified. Reported at Bengaluru facility during shift 3.,Resolved,Ahmedabad,invoice value discrepancy identify report bengaluru facility shift
113,Transportation Failure,Low,Third-party carrier cancelled shipment booking. Reported at Chennai facility during shift 1.,In Progress,Bengaluru,thirdparty carrier cancel shipment book report chennai facility shift
114,Damaged Goods,Medium,Fragile goods mishandled during unloading. Reported at Pune facility during shift 2.,In Progress,Kolkata,fragile goods mishandle unload report pune facility shift
115,Customs Issue,High,Shipment flagged for compliance audit. Reported at Pune facility during shift 2.,In Progress,Hyderabad,shipment flag compliance audit report pune facility shift
116,Damaged Goods,Low,Forklift accident damaged inventory. Reported at Mumbai facility during shift 3.,Open,Delhi,forklift accident damage inventory report mumbai facility shift
117,Inventory Shortage,High,Demand exceeded available stock levels. Reported at Ahmedabad facility during shift 2.,Resolved,Hyderabad,demand exceed available stock level report ahmedabad facility shift
118,Shipment Delay,Low,Holiday demand surge caused shipping delays. Reported at Bengaluru facility during shift 2.,Open,Hyderabad,holiday demand surge cause ship delay report bengaluru facility shift
119,Shipment Delay,Low,Dispatch process delayed at origin facility. Reported at Delhi facility during shift 2.,Open,Hyderabad,dispatch process delay origin facility report delhi facility shift
120,Customs Issue,High,Import documentation under review. Reported at Ahmedabad facility during shift 1.,Resolved,Hyderabad,import documentation review report ahmedabad facility shift
121,Transportation Failure,Low,Fleet utilization exceeded available capacity. Reported at Ahmedabad facility during shift 2.,Open,Hyderabad,fleet utilization exceed available capacity report ahmedabad facility shift
122,Warehouse Issue,Medium,Warehouse management system outage reported. Reported at Mumbai facility during shift 1.,Open,Chennai,warehouse management system outage report report mumbai facility shift
123,Inventory Shortage,Critical,Inventory replenishment delayed. Reported at Hyderabad facility during shift 1.,Open,Kolkata,inventory replenishment delay report hyderabad facility shift
124,Documentation Error,Medium,Documentation approval pending correction. Reported at Bengaluru facility during shift 3.,In Progress,Hyderabad,documentation approval pending correction report bengaluru facility shift
125,Warehouse Issue,Medium,Cycle count discrepancy identified. Reported at Kolkata facility during shift 2.,Open,Mumbai,cycle count discrepancy identify report kolkata facility shift
126,Warehouse Issue,Medium,Warehouse processing backlog reported. Reported at Bengaluru facility during shift 2.,Open,Bengaluru,warehouse process backlog report report bengaluru facility shift
127,Inventory Shortage,Low,Backordered items unavailable for dispatch. Reported at Mumbai facility during shift 1.,In Progress,Ahmedabad,backordered items unavailable dispatch report mumbai facility shift
128,Damaged Goods,High,Package damaged during transportation. Reported at Bengaluru facility during shift 2.,Resolved,Ahmedabad,package damage transportation report bengaluru facility shift
129,Shipment Delay,High,Shipment rerouted causing additional transit time. Reported at Bengaluru facility during shift 2.,Resolved,Bengaluru,shipment rerouted cause additional transit time report bengaluru facility shift
130,Transportation Failure,Low,Transport route disruption due to road closure. Reported at Bengaluru facility during shift 3.,In Progress,Delhi,transport route disruption due road closure report bengaluru facility shift
131,Shipment Delay,Medium,Shipment delayed due to customs inspection. Reported at Delhi facility during shift 2.,Resolved,Hyderabad,shipment delay due customs inspection report delhi facility shift
132,Transportation Failure,Medium,Transport route disruption due to road closure. Reported at Ahmedabad facility during shift 3.,In Progress,Hyderabad,transport route disruption due road closure report ahmedabad facility shift
133,Documentation Error,Low,Labeling information did not match shipment. Reported at Ahmedabad facility during shift 2.,Open,Kolkata,label information match shipment report ahmedabad facility shift
134,Customs Issue,Low,Customs requested additional documentation. Reported at Hyderabad facility during shift 1.,Resolved,Chennai,customs request additional documentation report hyderabad facility shift
135,Warehouse Issue,Low,Dock congestion slowed warehouse throughput. Reported at Hyderabad facility during shift 3.,Open,Ahmedabad,dock congestion slow warehouse throughput report hyderabad facility shift
136,Documentation Error,Low,Missing certificate delayed shipment release. Reported at Ahmedabad facility during shift 2.,Resolved,Kolkata,miss certificate delay shipment release report ahmedabad facility shift
137,Customs Issue,Medium,Trade compliance review delayed processing. Reported at Ahmedabad facility during shift 1.,In Progress,Pune,trade compliance review delay process report ahmedabad facility shift
138,Damaged Goods,Medium,Fragile goods mishandled during unloading. Reported at Mumbai facility during shift 1.,Resolved,Ahmedabad,fragile goods mishandle unload report mumbai facility shift
139,Damaged Goods,Low,Fragile goods mishandled during unloading. Reported at Kolkata facility during shift 3.,Open,Pune,fragile goods mishandle unload report kolkata facility shift
140,Damaged Goods,High,Water exposure damaged packaged goods. Reported at Mumbai facility during shift 2.,Open,Ahmedabad,water exposure damage package goods report mumbai facility shift
141,Transportation Failure,Medium,Delivery vehicle breakdown reported. Reported at Bengaluru facility during shift 3.,In Progress,Ahmedabad,delivery vehicle breakdown report report bengaluru facility shift
142,Warehouse Issue,Medium,Warehouse stock mismatch identified. Reported at Bengaluru facility during shift 2.,In Progress,Ahmedabad,warehouse stock mismatch identify report bengaluru facility shift
143,Customs Issue,Critical,Import permit approval pending. Reported at Mumbai facility during shift 1.,Resolved,Bengaluru,import permit approval pending report mumbai facility shift
144,Customs Issue,Low,Import documentation under review. Reported at Hyderabad facility during shift 3.,In Progress,Mumbai,import documentation review report hyderabad facility shift
145,Inventory Shortage,Critical,Inventory reservation conflict identified. Reported at Mumbai facility during shift 2.,Resolved,Delhi,inventory reservation conflict identify report mumbai facility shift
146,Transportation Failure,High,Trailer availability issue delayed dispatch. Reported at Hyderabad facility during shift 3.,In Progress,Ahmedabad,trailer availability issue delay dispatch report hyderabad facility shift
147,Transportation Failure,Low,Logistics partner experienced operational failure. Reported at Ahmedabad facility during shift 3.,Open,Delhi,logistics partner experience operational failure report ahmedabad facility shift
148,Warehouse Issue,Medium,Picking error occurred in warehouse. Reported at Hyderabad facility during shift 2.,Resolved,Hyderabad,pick error occur warehouse report hyderabad facility shift
149,Warehouse Issue,Low,Warehouse stock mismatch identified. Reported at Hyderabad facility during shift 3.,Resolved,Ahmedabad,warehouse stock mismatch identify report hyderabad facility shift
150,Warehouse Issue,Medium,Storage location information incorrect. Reported at Ahmedabad facility during shift 3.,In Progress,Kolkata,storage location information incorrect report ahmedabad facility shift
151,Transportation Failure,Critical,Trailer availability issue delayed dispatch. Reported at Pune facility during shift 1.,Open,Kolkata,trailer availability issue delay dispatch report pune facility shift
152,Inventory Shortage,Medium,Inventory reservation conflict identified. Reported at Kolkata facility during shift 1.,In Progress,Kolkata,inventory reservation conflict identify report kolkata facility shift
153,Transportation Failure,Critical,Accident blocked scheduled delivery route. Reported at Delhi facility during shift 2.,Open,Pune,accident block schedule delivery route report delhi facility shift
154,Warehouse Issue,Medium,Picking error occurred in warehouse. Reported at Ahmedabad facility during shift 1.,In Progress,Chennai,pick error occur warehouse report ahmedabad facility shift
155,Customs Issue,Critical,Import documentation under review. Reported at Kolkata facility during shift 3.,Open,Ahmedabad,import documentation review report kolkata facility shift
156,Warehouse Issue,Medium,Inventory allocation issue detected. Reported at Pune facility during shift 3.,Resolved,Mumbai,inventory allocation issue detect report pune facility shift
157,Warehouse Issue,Medium,Receiving delay impacted warehouse operations. Reported at Kolkata facility during shift 2.,In Progress,Chennai,receive delay impact warehouse operations report kolkata facility shift
158,Documentation Error,Medium,Missing invoice delayed processing. Reported at Bengaluru facility during shift 3.,In Progress,Bengaluru,miss invoice delay process report bengaluru facility shift
159,Customs Issue,High,Customs clearance process delayed. Reported at Kolkata facility during shift 1.,Resolved,Mumbai,customs clearance process delay report kolkata facility shift
160,Transportation Failure,Low,Carrier failed to pick up shipment. Reported at Hyderabad facility during shift 1.,Open,Hyderabad,carrier fail pick shipment report hyderabad facility shift
161,Damaged Goods,Low,Water exposure damaged packaged goods. Reported at Kolkata facility during shift 1.,In Progress,Delhi,water exposure damage package goods report kolkata facility shift
162,Inventory Shortage,High,Inventory replenishment delayed. Reported at Mumbai facility during shift 3.,Resolved,Bengaluru,inventory replenishment delay report mumbai facility shift
163,Transportation Failure,Medium,Trailer availability issue delayed dispatch. Reported at Delhi facility during shift 1.,In Progress,Ahmedabad,trailer availability issue delay dispatch report delhi facility shift
164,Damaged Goods,Critical,Fragile goods mishandled during unloading. Reported at Chennai facility during shift 2.,Resolved,Delhi,fragile goods mishandle unload report chennai facility shift
165,Shipment Delay,Low,Last-mile delivery partner unavailable. Reported at Pune facility during shift 3.,In Progress,Hyderabad,lastmile delivery partner unavailable report pune facility shift
166,Transportation Failure,Critical,Transportation network disruption reported. Reported at Hyderabad facility during shift 1.,In Progress,Mumbai,transportation network disruption report report hyderabad facility shift
167,Inventory Shortage,Low,Supplier delay created inventory gap. Reported at Pune facility during shift 3.,Resolved,Hyderabad,supplier delay create inventory gap report pune facility shift
168,Shipment Delay,Low,Holiday demand surge caused shipping delays. Reported at Kolkata facility during shift 2.,Resolved,Chennai,holiday demand surge cause ship delay report kolkata facility shift
169,Documentation Error,High,Data entry error impacted shipment records. Reported at Ahmedabad facility during shift 2.,Open,Pune,data entry error impact shipment record report ahmedabad facility shift
170,Inventory Shortage,Low,Raw material shortage impacted production. Reported at Bengaluru facility during shift 3.,Resolved,Delhi,raw material shortage impact production report bengaluru facility shift
171,Customs Issue,High,Customs clearance process delayed. Reported at Chennai facility during shift 2.,Open,Pune,customs clearance process delay report chennai facility shift
172,Customs Issue,Medium,Import documentation under review. Reported at Mumbai facility during shift 2.,In Progress,Delhi,import documentation review report mumbai facility shift
173,Inventory Shortage,Medium,Inventory replenishment delayed. Reported at Pune facility during shift 3.,In Progress,Delhi,inventory replenishment delay report pune facility shift
174,Damaged Goods,High,Receiving inspection identified damaged goods. Reported at Ahmedabad facility during shift 2.,In Progress,Mumbai,receive inspection identify damage goods report ahmedabad facility shift
175,Transportation Failure,High,Transport route disruption due to road closure. Reported at Delhi facility during shift 1.,Resolved,Kolkata,transport route disruption due road closure report delhi facility shift
176,Warehouse Issue,High,Space constraint affected storage operations. Reported at Pune facility during shift 1.,Open,Hyderabad,space constraint affect storage operations report pune facility shift
177,Documentation Error,Medium,Missing invoice delayed processing. Reported at Ahmedabad facility during shift 2.,Resolved,Hyderabad,miss invoice delay process report ahmedabad facility shift
178,Documentation Error,Medium,Purchase order details inconsistent. Reported at Pune facility during shift 1.,In Progress,Chennai,purchase order detail inconsistent report pune facility shift
179,Documentation Error,Low,Shipping label generated with incorrect address. Reported at Pune facility during shift 3.,Open,Ahmedabad,ship label generate incorrect address report pune facility shift
180,Customs Issue,Low,Regulatory verification delayed release. Reported at Kolkata facility during shift 1.,Open,Hyderabad,regulatory verification delay release report kolkata facility shift
181,Transportation Failure,High,Transport route disruption due to road closure. Reported at Mumbai facility during shift 1.,Open,Kolkata,transport route disruption due road closure report mumbai facility shift
182,Transportation Failure,High,Driver unavailable for scheduled route. Reported at Kolkata facility during shift 3.,Open,Kolkata,driver unavailable schedule route report kolkata facility shift
183,Customs Issue,Medium,Customs clearance process delayed. Reported at Ahmedabad facility during shift 3.,In Progress,Chennai,customs clearance process delay report ahmedabad facility shift
184,Customs Issue,Medium,Customs requested additional documentation. Reported at Bengaluru facility during shift 2.,Open,Pune,customs request additional documentation report bengaluru facility shift
185,Shipment Delay,Critical,Shipment rerouted causing additional transit time. Reported at Pune facility during shift 3.,Resolved,Pune,shipment rerouted cause additional transit time report pune facility shift
186,Shipment Delay,Critical,Delivery delayed due to traffic disruption. Reported at Hyderabad facility during shift 1.,In Progress,Mumbai,delivery delay due traffic disruption report hyderabad facility shift
187,Customs Issue,High,Border inspection extended shipment hold. Reported at Chennai facility during shift 1.,Open,Delhi,border inspection extend shipment hold report chennai facility shift
188,Warehouse Issue,High,Cycle count discrepancy identified. Reported at Bengaluru facility during shift 1.,Resolved,Bengaluru,cycle count discrepancy identify report bengaluru facility shift
189,Documentation Error,High,Bill of lading information mismatch detected. Reported at Bengaluru facility during shift 2.,Resolved,Chennai,bill lade information mismatch detect report bengaluru facility shift
190,Damaged Goods,Medium,Transit vibration caused product defects. Reported at Delhi facility during shift 1.,Open,Mumbai,transit vibration cause product defect report delhi facility shift
191,Customs Issue,Low,Trade compliance review delayed processing. Reported at Chennai facility during shift 1.,Open,Pune,trade compliance review delay process report chennai facility shift
192,Shipment Delay,Low,Port congestion delayed shipment arrival. Reported at Hyderabad facility during shift 1.,In Progress,Mumbai,port congestion delay shipment arrival report hyderabad facility shift
193,Customs Issue,High,Customs clearance process delayed. Reported at Ahmedabad facility during shift 2.,Resolved,Mumbai,customs clearance process delay report ahmedabad facility shift
194,Transportation Failure,Low,Transportation vendor system outage reported. Reported at Bengaluru facility during shift 3.,Resolved,Hyderabad,transportation vendor system outage report report bengaluru facility shift
195,Transportation Failure,Critical,Accident blocked scheduled delivery route. Reported at Chennai facility during shift 1.,In Progress,Kolkata,accident block schedule delivery route report chennai facility shift
196,Customs Issue,Critical,Customs clearance process delayed. Reported at Ahmedabad facility during shift 3.,Open,Mumbai,customs clearance process delay report ahmedabad facility shift
197,Damaged Goods,Low,Container impact damaged shipment contents. Reported at Delhi facility during shift 1.,Resolved,Pune,container impact damage shipment content report delhi facility shift
198,Transportation Failure,Medium,Route planning error delayed movement. Reported at Hyderabad facility during shift 2.,In Progress,Mumbai,route plan error delay movement report hyderabad facility shift
199,Warehouse Issue,Medium,Put-away process delayed inventory availability. Reported at Mumbai facility during shift 3.,Resolved,Bengaluru,putaway process delay inventory availability report mumbai facility shift
200,Transportation Failure,Medium,Fleet utilization exceeded available capacity. Reported at Bengaluru facility during shift 2.,In Progress,Kolkata,fleet utilization exceed available capacity report bengaluru facility shift
201,Transportation Failure,Medium,Equipment malfunction impacted transport operations. Reported at Mumbai facility during shift 2.,Resolved,Hyderabad,equipment malfunction impact transport operations report mumbai facility shift
202,Damaged Goods,Low,Goods arrived with visible damage. Reported at Ahmedabad facility during shift 1.,Open,Mumbai,goods arrive visible damage report ahmedabad facility shift
203,Transportation Failure,Medium,Transport route disruption due to road closure. Reported at Pune facility during shift 1.,Resolved,Pune,transport route disruption due road closure report pune facility shift
204,Customs Issue,High,Customs clearance process delayed. Reported at Kolkata facility during shift 2.,In Progress,Chennai,customs clearance process delay report kolkata facility shift
205,Damaged Goods,Low,Container impact damaged shipment contents. Reported at Hyderabad facility during shift 2.,Resolved,Bengaluru,container impact damage shipment content report hyderabad facility shift
206,Inventory Shortage,High,Raw material shortage impacted production. Reported at Ahmedabad facility during shift 1.,In Progress,Pune,raw material shortage impact production report ahmedabad facility shift
207,Shipment Delay,Low,Driver shortage affected transportation schedule. Reported at Hyderabad facility during shift 3.,In Progress,Chennai,driver shortage affect transportation schedule report hyderabad facility shift
208,Documentation Error,Low,Shipping label generated with incorrect address. Reported at Hyderabad facility during shift 1.,Resolved,Hyderabad,ship label generate incorrect address report hyderabad facility shift
209,Damaged Goods,High,Water exposure damaged packaged goods. Reported at Chennai facility during shift 1.,Resolved,Kolkata,water exposure damage package goods report chennai facility shift
210,Shipment Delay,High,Port congestion delayed shipment arrival. Reported at Chennai facility during shift 1.,Open,Kolkata,port congestion delay shipment arrival report chennai facility shift
211,Transportation Failure,Medium,Fleet utilization exceeded available capacity. Reported at Pune facility during shift 1.,Resolved,Pune,fleet utilization exceed available capacity report pune facility shift
212,Warehouse Issue,Low,Cycle count discrepancy identified. Reported at Mumbai facility during shift 1.,Resolved,Chennai,cycle count discrepancy identify report mumbai facility shift
213,Customs Issue,Medium,Customs clearance process delayed. Reported at Hyderabad facility during shift 2.,In Progress,Ahmedabad,customs clearance process delay report hyderabad facility shift
214,Transportation Failure,Low,Vehicle maintenance issue halted delivery. Reported at Bengaluru facility during shift 3.,In Progress,Mumbai,vehicle maintenance issue halt delivery report bengaluru facility shift
215,Damaged Goods,Medium,Fragile goods mishandled during unloading. Reported at Ahmedabad facility during shift 3.,Open,Bengaluru,fragile goods mishandle unload report ahmedabad facility shift
216,Transportation Failure,Low,Route planning error delayed movement. Reported at Chennai facility during shift 1.,Open,Delhi,route plan error delay movement report chennai facility shift
217,Warehouse Issue,Low,Inventory allocation issue detected. Reported at Hyderabad facility during shift 2.,In Progress,Kolkata,inventory allocation issue detect report hyderabad facility shift
218,Inventory Shortage,High,Inventory replenishment delayed. Reported at Kolkata facility during shift 3.,Resolved,Pune,inventory replenishment delay report kolkata facility shift
219,Shipment Delay,Low,Delivery delayed due to traffic disruption. Reported at Chennai facility during shift 2.,Open,Pune,delivery delay due traffic disruption report chennai facility shift
220,Documentation Error,Medium,Purchase order details inconsistent. Reported at Kolkata facility during shift 3.,In Progress,Mumbai,purchase order detail inconsistent report kolkata facility shift
221,Transportation Failure,High,Delivery vehicle breakdown reported. Reported at Pune facility during shift 1.,Resolved,Ahmedabad,delivery vehicle breakdown report report pune facility shift
222,Warehouse Issue,Medium,Put-away process delayed inventory availability. Reported at Pune facility during shift 1.,Open,Bengaluru,putaway process delay inventory availability report pune facility shift
223,Transportation Failure,Low,Route planning error delayed movement. Reported at Kolkata facility during shift 3.,In Progress,Pune,route plan error delay movement report kolkata facility shift
224,Inventory Shortage,Medium,Safety stock threshold breached. Reported at Delhi facility during shift 1.,Open,Bengaluru,safety stock threshold breach report delhi facility shift
225,Warehouse Issue,Critical,Receiving delay impacted warehouse operations. Reported at Pune facility during shift 3.,Resolved,Delhi,receive delay impact warehouse operations report pune facility shift
226,Inventory Shortage,Low,Product unavailable due to inventory mismatch. Reported at Delhi facility during shift 2.,Resolved,Delhi,product unavailable due inventory mismatch report delhi facility shift
227,Warehouse Issue,Critical,Space constraint affected storage operations. Reported at Mumbai facility during shift 1.,Resolved,Ahmedabad,space constraint affect storage operations report mumbai facility shift
228,Transportation Failure,Critical,Third-party carrier cancelled shipment booking. Reported at Ahmedabad facility during shift 3.,Resolved,Pune,thirdparty carrier cancel shipment book report ahmedabad facility shift
229,Warehouse Issue,Medium,Dock congestion slowed warehouse throughput. Reported at Pune facility during shift 1.,In Progress,Ahmedabad,dock congestion slow warehouse throughput report pune facility shift
230,Customs Issue,Low,Regulatory verification delayed release. Reported at Hyderabad facility during shift 3.,Resolved,Mumbai,regulatory verification delay release report hyderabad facility shift
231,Damaged Goods,Low,Improper handling caused item breakage. Reported at Ahmedabad facility during shift 1.,In Progress,Mumbai,improper handle cause item breakage report ahmedabad facility shift
232,Customs Issue,Medium,Trade compliance review delayed processing. Reported at Mumbai facility during shift 3.,In Progress,Ahmedabad,trade compliance review delay process report mumbai facility shift
233,Documentation Error,Critical,Labeling information did not match shipment. Reported at Chennai facility during shift 2.,Resolved,Bengaluru,label information match shipment report chennai facility shift
234,Damaged Goods,Low,Container impact damaged shipment contents. Reported at Ahmedabad facility during shift 3.,Open,Ahmedabad,container impact damage shipment content report ahmedabad facility shift
235,Shipment Delay,Low,Driver shortage affected transportation schedule. Reported at Pune facility during shift 3.,Resolved,Delhi,driver shortage affect transportation schedule report pune facility shift
236,Shipment Delay,Medium,Unexpected weather conditions slowed transportation. Reported at Ahmedabad facility during shift 2.,Resolved,Delhi,unexpected weather condition slow transportation report ahmedabad facility shift
237,Damaged Goods,Medium,Water exposure damaged packaged goods. Reported at Hyderabad facility during shift 2.,In Progress,Chennai,water exposure damage package goods report hyderabad facility shift
238,Warehouse Issue,Medium,Dock congestion slowed warehouse throughput. Reported at Pune facility during shift 1.,Resolved,Kolkata,dock congestion slow warehouse throughput report pune facility shift
239,Damaged Goods,Low,Shipment contents damaged in transit. Reported at Delhi facility during shift 2.,Resolved,Delhi,shipment content damage transit report delhi facility shift
240,Damaged Goods,Medium,Shipment contents damaged in transit. Reported at Kolkata facility during shift 1.,Open,Hyderabad,shipment content damage transit report kolkata facility shift
241,Documentation Error,Medium,Purchase order details inconsistent. Reported at Pune facility during shift 1.,Resolved,Mumbai,purchase order detail inconsistent report pune facility shift
242,Customs Issue,Medium,Customs valuation dispute identified. Reported at Kolkata facility during shift 3.,In Progress,Hyderabad,customs valuation dispute identify report kolkata facility shift
243,Inventory Shortage,Low,Demand exceeded available stock levels. Reported at Pune facility during shift 2.,Open,Delhi,demand exceed available stock level report pune facility shift
244,Shipment Delay,High,Carrier scheduling issue caused shipment delay. Reported at Mumbai facility during shift 3.,Resolved,Chennai,carrier schedule issue cause shipment delay report mumbai facility shift
245,Customs Issue,Medium,Customs requested additional documentation. Reported at Delhi facility during shift 3.,Open,Delhi,customs request additional documentation report delhi facility shift
246,Warehouse Issue,Medium,Put-away process delayed inventory availability. Reported at Delhi facility during shift 3.,In Progress,Pune,putaway process delay inventory availability report delhi facility shift
247,Customs Issue,Medium,Regulatory approval pending clearance. Reported at Bengaluru facility during shift 2.,Resolved,Ahmedabad,regulatory approval pending clearance report bengaluru facility shift
248,Inventory Shortage,Critical,Backordered items unavailable for dispatch. Reported at Bengaluru facility during shift 2.,In Progress,Bengaluru,backordered items unavailable dispatch report bengaluru facility shift
249,Damaged Goods,High,Fragile goods mishandled during unloading. Reported at Ahmedabad facility during shift 2.,In Progress,Kolkata,fragile goods mishandle unload report ahmedabad facility shift
250,Inventory Shortage,Low,Inventory reservation conflict identified. Reported at Bengaluru facility during shift 3.,In Progress,Chennai,inventory reservation conflict identify report bengaluru facility shift
251,Customs Issue,Critical,Import permit approval pending. Reported at Pune facility during shift 3.,Resolved,Mumbai,import permit approval pending report pune facility shift
252,Damaged Goods,Medium,Product packaging torn during loading. Reported at Delhi facility during shift 2.,Resolved,Delhi,product package tear load report delhi facility shift
253,Warehouse Issue,High,Order picking queue exceeded capacity. Reported at Mumbai facility during shift 1.,In Progress,Chennai,order pick queue exceed capacity report mumbai facility shift
254,Transportation Failure,Medium,Delivery vehicle breakdown reported. Reported at Kolkata facility during shift 3.,In Progress,Mumbai,delivery vehicle breakdown report report kolkata facility shift
255,Damaged Goods,Critical,Forklift accident damaged inventory. Reported at Chennai facility during shift 2.,Resolved,Pune,forklift accident damage inventory report chennai facility shift
256,Warehouse Issue,Low,Storage location information incorrect. Reported at Delhi facility during shift 1.,In Progress,Delhi,storage location information incorrect report delhi facility shift
257,Warehouse Issue,Medium,Put-away process delayed inventory availability. Reported at Ahmedabad facility during shift 2.,Open,Chennai,putaway process delay inventory availability report ahmedabad facility shift
258,Damaged Goods,Critical,Forklift accident damaged inventory. Reported at Delhi facility during shift 3.,Resolved,Kolkata,forklift accident damage inventory report delhi facility shift
259,Shipment Delay,Medium,Driver shortage affected transportation schedule. Reported at Hyderabad facility during shift 1.,Open,Bengaluru,driver shortage affect transportation schedule report hyderabad facility shift
260,Transportation Failure,Low,Accident blocked scheduled delivery route. Reported at Ahmedabad facility during shift 1.,In Progress,Chennai,accident block schedule delivery route report ahmedabad facility shift
261,Customs Issue,Low,Shipment flagged for compliance audit. Reported at Bengaluru facility during shift 3.,In Progress,Chennai,shipment flag compliance audit report bengaluru facility shift
262,Documentation Error,Medium,Incorrect consignee information provided. Reported at Bengaluru facility during shift 3.,Resolved,Mumbai,incorrect consignee information provide report bengaluru facility shift
263,Documentation Error,Medium,Incorrect consignee information provided. Reported at Mumbai facility during shift 3.,Resolved,Chennai,incorrect consignee information provide report mumbai facility shift
264,Transportation Failure,Medium,Transportation network disruption reported. Reported at Ahmedabad facility during shift 1.,In Progress,Hyderabad,transportation network disruption report report ahmedabad facility shift
265,Customs Issue,Medium,Shipment held by customs authorities. Reported at Pune facility during shift 1.,Resolved,Mumbai,shipment hold customs authorities report pune facility shift
266,Warehouse Issue,Low,Cycle count discrepancy identified. Reported at Pune facility during shift 1.,Resolved,Pune,cycle count discrepancy identify report pune facility shift
267,Warehouse Issue,Medium,Dock congestion slowed warehouse throughput. Reported at Delhi facility during shift 3.,Resolved,Ahmedabad,dock congestion slow warehouse throughput report delhi facility shift
268,Customs Issue,High,Import documentation under review. Reported at Delhi facility during shift 1.,In Progress,Chennai,import documentation review report delhi facility shift
269,Damaged Goods,High,Forklift accident damaged inventory. Reported at Chennai facility during shift 1.,In Progress,Hyderabad,forklift accident damage inventory report chennai facility shift
270,Documentation Error,Low,Purchase order details inconsistent. Reported at Ahmedabad facility during shift 2.,Resolved,Bengaluru,purchase order detail inconsistent report ahmedabad facility shift
271,Damaged Goods,Medium,Water exposure damaged packaged goods. Reported at Chennai facility during shift 3.,Open,Pune,water exposure damage package goods report chennai facility shift
272,Transportation Failure,Medium,Trailer availability issue delayed dispatch. Reported at Kolkata facility during shift 3.,In Progress,Pune,trailer availability issue delay dispatch report kolkata facility shift
273,Inventory Shortage,Critical,Inventory forecast underestimated demand. Reported at Ahmedabad facility during shift 2.,Resolved,Hyderabad,inventory forecast underestimate demand report ahmedabad facility shift
274,Warehouse Issue,Medium,Picking error occurred in warehouse. Reported at Kolkata facility during shift 1.,Open,Hyderabad,pick error occur warehouse report kolkata facility shift
275,Damaged Goods,Medium,Product packaging torn during loading. Reported at Mumbai facility during shift 2.,In Progress,Ahmedabad,product package tear load report mumbai facility shift
276,Documentation Error,Medium,Data entry error impacted shipment records. Reported at Kolkata facility during shift 1.,In Progress,Ahmedabad,data entry error impact shipment record report kolkata facility shift
277,Shipment Delay,Critical,Dispatch process delayed at origin facility. Reported at Pune facility during shift 3.,In Progress,Chennai,dispatch process delay origin facility report pune facility shift
278,Shipment Delay,Medium,Shipment rerouted causing additional transit time. Reported at Kolkata facility during shift 2.,Resolved,Delhi,shipment rerouted cause additional transit time report kolkata facility shift
279,Shipment Delay,Low,Port congestion delayed shipment arrival. Reported at Ahmedabad facility during shift 1.,Open,Pune,port congestion delay shipment arrival report ahmedabad facility shift
280,Damaged Goods,Low,Pallet collapse resulted in product damage. Reported at Chennai facility during shift 3.,In Progress,Pune,pallet collapse result product damage report chennai facility shift
281,Damaged Goods,Low,Improper handling caused item breakage. Reported at Mumbai facility during shift 3.,In Progress,Kolkata,improper handle cause item breakage report mumbai facility shift
282,Damaged Goods,Critical,Fragile goods mishandled during unloading. Reported at Hyderabad facility during shift 1.,Open,Delhi,fragile goods mishandle unload report hyderabad facility shift
283,Transportation Failure,Low,Transportation vendor system outage reported. Reported at Kolkata facility during shift 3.,In Progress,Ahmedabad,transportation vendor system outage report report kolkata facility shift
284,Inventory Shortage,Critical,Cycle count revealed stock deficiency. Reported at Hyderabad facility during shift 3.,In Progress,Bengaluru,cycle count reveal stock deficiency report hyderabad facility shift
285,Shipment Delay,Low,Port congestion delayed shipment arrival. Reported at Mumbai facility during shift 2.,Resolved,Ahmedabad,port congestion delay shipment arrival report mumbai facility shift
286,Shipment Delay,Medium,Driver shortage affected transportation schedule. Reported at Pune facility during shift 3.,Open,Hyderabad,driver shortage affect transportation schedule report pune facility shift
287,Damaged Goods,High,Transit vibration caused product defects. Reported at Delhi facility during shift 3.,Resolved,Delhi,transit vibration cause product defect report delhi facility shift
288,Warehouse Issue,Critical,Receiving delay impacted warehouse operations. Reported at Bengaluru facility during shift 1.,Open,Bengaluru,receive delay impact warehouse operations report bengaluru facility shift
289,Warehouse Issue,Medium,Warehouse management system outage reported. Reported at Chennai facility during shift 2.,In Progress,Ahmedabad,warehouse management system outage report report chennai facility shift
290,Warehouse Issue,High,Inventory misplaced within storage area. Reported at Delhi facility during shift 3.,Open,Hyderabad,inventory misplace within storage area report delhi facility shift
291,Transportation Failure,Medium,Equipment malfunction impacted transport operations. Reported at Ahmedabad facility during shift 3.,In Progress,Mumbai,equipment malfunction impact transport operations report ahmedabad facility shift
292,Inventory Shortage,Medium,Safety stock threshold breached. Reported at Mumbai facility during shift 2.,Resolved,Pune,safety stock threshold breach report mumbai facility shift
293,Inventory Shortage,Medium,Warehouse unable to fulfill requested quantity. Reported at Delhi facility during shift 1.,Open,Mumbai,warehouse unable fulfill request quantity report delhi facility shift
294,Documentation Error,Low,Customs paperwork contained errors. Reported at Hyderabad facility during shift 1.,Resolved,Bengaluru,customs paperwork contain errors report hyderabad facility shift
295,Damaged Goods,Low,Temperature excursion affected product quality. Reported at Hyderabad facility during shift 1.,Resolved,Hyderabad,temperature excursion affect product quality report hyderabad facility shift
296,Inventory Shortage,Medium,Raw material shortage impacted production. Reported at Hyderabad facility during shift 3.,Resolved,Delhi,raw material shortage impact production report hyderabad facility shift
297,Documentation Error,Medium,Documentation approval pending correction. Reported at Delhi facility during shift 1.,Resolved,Pune,documentation approval pending correction report delhi facility shift
298,Warehouse Issue,Low,Order consolidation process delayed shipment. Reported at Chennai facility during shift 1.,Resolved,Hyderabad,order consolidation process delay shipment report chennai facility shift
299,Customs Issue,Medium,Border inspection extended shipment hold. Reported at Kolkata facility during shift 3.,In Progress,Hyderabad,border inspection extend shipment hold report kolkata facility shift
300,Customs Issue,High,Regulatory verification delayed release. Reported at Ahmedabad facility during shift 1.,Resolved,Kolkata,regulatory verification delay release report ahmedabad facility shift
301,Damaged Goods,Low,Improper handling caused item breakage. Reported at Mumbai facility during shift 3.,In Progress,Kolkata,improper handle cause item breakage report mumbai facility shift
302,Transportation Failure,Medium,Fleet utilization exceeded available capacity. Reported at Bengaluru facility during shift 2.,In Progress,Pune,fleet utilization exceed available capacity report bengaluru facility shift
303,Customs Issue,Low,Trade compliance review delayed processing. Reported at Pune facility during shift 2.,In Progress,Mumbai,trade compliance review delay process report pune facility shift
304,Damaged Goods,Low,Forklift accident damaged inventory. Reported at Ahmedabad facility during shift 1.,Open,Delhi,forklift accident damage inventory report ahmedabad facility shift
305,Shipment Delay,High,Shipment delayed due to customs inspection. Reported at Hyderabad facility during shift 2.,In Progress,Bengaluru,shipment delay due customs inspection report hyderabad facility shift
306,Warehouse Issue,Critical,Order consolidation process delayed shipment. Reported at Delhi facility during shift 2.,Resolved,Pune,order consolidation process delay shipment report delhi facility shift
307,Inventory Shortage,Critical,Unexpected order spike exhausted stock. Reported at Delhi facility during shift 2.,In Progress,Ahmedabad,unexpected order spike exhaust stock report delhi facility shift
308,Damaged Goods,Critical,Improper handling caused item breakage. Reported at Chennai facility during shift 1.,Resolved,Ahmedabad,improper handle cause item breakage report chennai facility shift
309,Inventory Shortage,Low,Demand exceeded available stock levels. Reported at Pune facility during shift 1.,In Progress,Ahmedabad,demand exceed available stock level report pune facility shift
310,Damaged Goods,Medium,Temperature excursion affected product quality. Reported at Chennai facility during shift 1.,In Progress,Pune,temperature excursion affect product quality report chennai facility shift
311,Warehouse Issue,Medium,Order picking queue exceeded capacity. Reported at Pune facility during shift 1.,Resolved,Bengaluru,order pick queue exceed capacity report pune facility shift
312,Damaged Goods,Medium,Temperature excursion affected product quality. Reported at Hyderabad facility during shift 1.,In Progress,Hyderabad,temperature excursion affect product quality report hyderabad facility shift
313,Warehouse Issue,Critical,Cycle count discrepancy identified. Reported at Mumbai facility during shift 1.,In Progress,Pune,cycle count discrepancy identify report mumbai facility shift
314,Warehouse Issue,Low,Receiving delay impacted warehouse operations. Reported at Pune facility during shift 1.,Resolved,Kolkata,receive delay impact warehouse operations report pune facility shift
315,Documentation Error,Low,Incorrect shipping documentation submitted. Reported at Chennai facility during shift 1.,In Progress,Ahmedabad,incorrect ship documentation submit report chennai facility shift
316,Documentation Error,High,Export declaration contained errors. Reported at Delhi facility during shift 3.,Open,Pune,export declaration contain errors report delhi facility shift
317,Documentation Error,Critical,Incorrect consignee information provided. Reported at Delhi facility during shift 2.,Resolved,Hyderabad,incorrect consignee information provide report delhi facility shift
318,Documentation Error,Medium,Incorrect consignee information provided. Reported at Ahmedabad facility during shift 3.,In Progress,Chennai,incorrect consignee information provide report ahmedabad facility shift
319,Damaged Goods,Medium,Water exposure damaged packaged goods. Reported at Mumbai facility during shift 2.,Resolved,Chennai,water exposure damage package goods report mumbai facility shift
320,Documentation Error,High,Export declaration contained errors. Reported at Hyderabad facility during shift 3.,Resolved,Bengaluru,export declaration contain errors report hyderabad facility shift
321,Customs Issue,Medium,Shipment held by customs authorities. Reported at Ahmedabad facility during shift 1.,Resolved,Kolkata,shipment hold customs authorities report ahmedabad facility shift
322,Inventory Shortage,Medium,Inventory reservation conflict identified. Reported at Bengaluru facility during shift 1.,Resolved,Mumbai,inventory reservation conflict identify report bengaluru facility shift
323,Inventory Shortage,Medium,Warehouse stock shortage detected. Reported at Ahmedabad facility during shift 2.,In Progress,Bengaluru,warehouse stock shortage detect report ahmedabad facility shift
324,Transportation Failure,High,Transportation vendor system outage reported. Reported at Ahmedabad facility during shift 3.,Resolved,Delhi,transportation vendor system outage report report ahmedabad facility shift
325,Documentation Error,Medium,Bill of lading information mismatch detected. Reported at Pune facility during shift 3.,In Progress,Pune,bill lade information mismatch detect report pune facility shift
326,Inventory Shortage,Medium,Inventory forecast underestimated demand. Reported at Pune facility during shift 3.,Resolved,Hyderabad,inventory forecast underestimate demand report pune facility shift
327,Documentation Error,Low,Export declaration contained errors. Reported at Bengaluru facility during shift 1.,In Progress,Bengaluru,export declaration contain errors report bengaluru facility shift
328,Damaged Goods,Low,Warehouse accident damaged stored inventory. Reported at Hyderabad facility during shift 3.,Resolved,Ahmedabad,warehouse accident damage store inventory report hyderabad facility shift
329,Damaged Goods,Critical,Improper handling caused item breakage. Reported at Pune facility during shift 3.,Resolved,Hyderabad,improper handle cause item breakage report pune facility shift
330,Damaged Goods,High,Product packaging torn during loading. Reported at Kolkata facility during shift 2.,Open,Hyderabad,product package tear load report kolkata facility shift
331,Shipment Delay,Critical,Carrier scheduling issue caused shipment delay. Reported at Mumbai facility during shift 2.,Resolved,Hyderabad,carrier schedule issue cause shipment delay report mumbai facility shift
332,Customs Issue,High,Import permit approval pending. Reported at Bengaluru facility during shift 1.,In Progress,Hyderabad,import permit approval pending report bengaluru facility shift
333,Inventory Shortage,Low,Product unavailable due to inventory mismatch. Reported at Bengaluru facility during shift 1.,Resolved,Bengaluru,product unavailable due inventory mismatch report bengaluru facility shift
334,Customs Issue,Medium,Border inspection extended shipment hold. Reported at Chennai facility during shift 1.,Resolved,Ahmedabad,border inspection extend shipment hold report chennai facility shift
335,Shipment Delay,Critical,Shipment rerouted causing additional transit time. Reported at Delhi facility during shift 1.,Open,Kolkata,shipment rerouted cause additional transit time report delhi facility shift
336,Customs Issue,Medium,Country-specific restriction affected import. Reported at Ahmedabad facility during shift 2.,In Progress,Pune,countryspecific restriction affect import report ahmedabad facility shift
337,Damaged Goods,Medium,Fragile goods mishandled during unloading. Reported at Chennai facility during shift 1.,Open,Chennai,fragile goods mishandle unload report chennai facility shift
338,Inventory Shortage,Critical,Supplier delay created inventory gap. Reported at Delhi facility during shift 1.,In Progress,Ahmedabad,supplier delay create inventory gap report delhi facility shift
339,Inventory Shortage,Low,Warehouse unable to fulfill requested quantity. Reported at Hyderabad facility during shift 1.,Resolved,Mumbai,warehouse unable fulfill request quantity report hyderabad facility shift
340,Damaged Goods,Medium,Shipment contents damaged in transit. Reported at Ahmedabad facility during shift 3.,In Progress,Delhi,shipment content damage transit report ahmedabad facility shift
341,Warehouse Issue,Low,Inventory misplaced within storage area. Reported at Ahmedabad facility during shift 2.,Open,Pune,inventory misplace within storage area report ahmedabad facility shift
342,Inventory Shortage,Low,Procurement delay affected inventory availability. Reported at Ahmedabad facility during shift 3.,Open,Chennai,procurement delay affect inventory availability report ahmedabad facility shift
343,Customs Issue,Medium,Customs requested additional documentation. Reported at Hyderabad facility during shift 3.,Open,Delhi,customs request additional documentation report hyderabad facility shift
344,Documentation Error,Medium,Manifest information incomplete. Reported at Kolkata facility during shift 2.,Open,Kolkata,manifest information incomplete report kolkata facility shift
345,Customs Issue,Medium,Customs clearance process delayed. Reported at Delhi facility during shift 1.,Open,Chennai,customs clearance process delay report delhi facility shift
346,Damaged Goods,High,Pallet collapse resulted in product damage. Reported at Bengaluru facility during shift 2.,In Progress,Hyderabad,pallet collapse result product damage report bengaluru facility shift
347,Documentation Error,Medium,Data entry error impacted shipment records. Reported at Chennai facility during shift 2.,Resolved,Bengaluru,data entry error impact shipment record report chennai facility shift
348,Shipment Delay,Medium,Shipment rerouted causing additional transit time. Reported at Mumbai facility during shift 2.,In Progress,Hyderabad,shipment rerouted cause additional transit time report mumbai facility shift
349,Customs Issue,Medium,Customs clearance process delayed. Reported at Hyderabad facility during shift 2.,Open,Delhi,customs clearance process delay report hyderabad facility shift
350,Transportation Failure,Critical,Carrier failed to pick up shipment. Reported at Ahmedabad facility during shift 3.,In Progress,Kolkata,carrier fail pick shipment report ahmedabad facility shift
351,Customs Issue,High,Shipment flagged for compliance audit. Reported at Ahmedabad facility during shift 3.,Open,Bengaluru,shipment flag compliance audit report ahmedabad facility shift
352,Customs Issue,Medium,Shipment selected for random inspection. Reported at Mumbai facility during shift 3.,Resolved,Pune,shipment select random inspection report mumbai facility shift
353,Shipment Delay,High,Mechanical failure delayed freight movement. Reported at Mumbai facility during shift 1.,Resolved,Bengaluru,mechanical failure delay freight movement report mumbai facility shift
354,Documentation Error,Medium,Labeling information did not match shipment. Reported at Delhi facility during shift 1.,Resolved,Ahmedabad,label information match shipment report delhi facility shift
355,Shipment Delay,Medium,Shipment rerouted causing additional transit time. Reported at Bengaluru facility during shift 3.,Open,Ahmedabad,shipment rerouted cause additional transit time report bengaluru facility shift
356,Warehouse Issue,Medium,Warehouse stock mismatch identified. Reported at Ahmedabad facility during shift 1.,In Progress,Chennai,warehouse stock mismatch identify report ahmedabad facility shift
357,Documentation Error,Low,Export declaration contained errors. Reported at Hyderabad facility during shift 3.,In Progress,Chennai,export declaration contain errors report hyderabad facility shift
358,Customs Issue,Medium,Border inspection extended shipment hold. Reported at Mumbai facility during shift 1.,Resolved,Mumbai,border inspection extend shipment hold report mumbai facility shift
359,Documentation Error,Low,Incorrect shipping documentation submitted. Reported at Mumbai facility during shift 2.,In Progress,Delhi,incorrect ship documentation submit report mumbai facility shift
360,Warehouse Issue,Critical,Storage location information incorrect. Reported at Kolkata facility during shift 2.,In Progress,Ahmedabad,storage location information incorrect report kolkata facility shift
361,Warehouse Issue,Low,Order consolidation process delayed shipment. Reported at Kolkata facility during shift 2.,Resolved,Delhi,order consolidation process delay shipment report kolkata facility shift
362,Customs Issue,Low,Trade compliance review delayed processing. Reported at Pune facility during shift 1.,Resolved,Kolkata,trade compliance review delay process report pune facility shift
363,Documentation Error,High,Customs paperwork contained errors. Reported at Bengaluru facility during shift 1.,In Progress,Ahmedabad,customs paperwork contain errors report bengaluru facility shift
364,Customs Issue,Medium,Regulatory approval pending clearance. Reported at Kolkata facility during shift 3.,Open,Bengaluru,regulatory approval pending clearance report kolkata facility shift
365,Transportation Failure,Low,Driver unavailable for scheduled route. Reported at Delhi facility during shift 2.,Resolved,Mumbai,driver unavailable schedule route report delhi facility shift
366,Shipment Delay,High,Driver shortage affected transportation schedule. Reported at Kolkata facility during shift 3.,Open,Bengaluru,driver shortage affect transportation schedule report kolkata facility shift
367,Inventory Shortage,Low,Product unavailable due to inventory mismatch. Reported at Mumbai facility during shift 3.,Resolved,Chennai,product unavailable due inventory mismatch report mumbai facility shift
368,Inventory Shortage,Medium,Procurement delay affected inventory availability. Reported at Chennai facility during shift 2.,Resolved,Bengaluru,procurement delay affect inventory availability report chennai facility shift
369,Warehouse Issue,Medium,Warehouse staffing shortage reported. Reported at Chennai facility during shift 1.,In Progress,Bengaluru,warehouse staff shortage report report chennai facility shift
370,Warehouse Issue,Medium,Order consolidation process delayed shipment. Reported at Pune facility during shift 3.,Resolved,Pune,order consolidation process delay shipment report pune facility shift
371,Inventory Shortage,Medium,Stockout occurred at fulfillment center. Reported at Delhi facility during shift 3.,In Progress,Hyderabad,stockout occur fulfillment center report delhi facility shift
372,Damaged Goods,Medium,Package damaged during transportation. Reported at Delhi facility during shift 3.,Resolved,Ahmedabad,package damage transportation report delhi facility shift
373,Shipment Delay,Medium,Container missed connecting vessel. Reported at Kolkata facility during shift 3.,In Progress,Kolkata,container miss connect vessel report kolkata facility shift
374,Inventory Shortage,High,Stockout occurred at fulfillment center. Reported at Kolkata facility during shift 1.,In Progress,Bengaluru,stockout occur fulfillment center report kolkata facility shift
375,Warehouse Issue,Low,Warehouse processing backlog reported. Reported at Hyderabad facility during shift 3.,In Progress,Chennai,warehouse process backlog report report hyderabad facility shift
376,Documentation Error,Medium,Purchase order details inconsistent. Reported at Kolkata facility during shift 3.,In Progress,Bengaluru,purchase order detail inconsistent report kolkata facility shift
377,Damaged Goods,Low,Forklift accident damaged inventory. Reported at Pune facility during shift 3.,In Progress,Pune,forklift accident damage inventory report pune facility shift
378,Shipment Delay,Low,Cargo loading completed behind schedule. Reported at Bengaluru facility during shift 1.,Resolved,Chennai,cargo load complete behind schedule report bengaluru facility shift
379,Warehouse Issue,High,Picking error occurred in warehouse. Reported at Bengaluru facility during shift 3.,Resolved,Bengaluru,pick error occur warehouse report bengaluru facility shift
380,Transportation Failure,Critical,Logistics partner experienced operational failure. Reported at Pune facility during shift 2.,Open,Bengaluru,logistics partner experience operational failure report pune facility shift
381,Inventory Shortage,Critical,Procurement delay affected inventory availability. Reported at Mumbai facility during shift 3.,In Progress,Bengaluru,procurement delay affect inventory availability report mumbai facility shift
382,Customs Issue,Critical,Border security inspection caused delay. Reported at Bengaluru facility during shift 2.,Resolved,Pune,border security inspection cause delay report bengaluru facility shift
383,Warehouse Issue,Medium,Inventory allocation issue detected. Reported at Kolkata facility during shift 2.,In Progress,Hyderabad,inventory allocation issue detect report kolkata facility shift
384,Damaged Goods,Low,Water exposure damaged packaged goods. Reported at Ahmedabad facility during shift 2.,Resolved,Ahmedabad,water exposure damage package goods report ahmedabad facility shift
385,Warehouse Issue,Medium,Warehouse staffing shortage reported. Reported at Pune facility during shift 1.,In Progress,Chennai,warehouse staff shortage report report pune facility shift
386,Documentation Error,Low,Manifest information incomplete. Reported at Bengaluru facility during shift 3.,In Progress,Kolkata,manifest information incomplete report bengaluru facility shift
387,Damaged Goods,Low,Goods arrived with visible damage. Reported at Bengaluru facility during shift 2.,Resolved,Bengaluru,goods arrive visible damage report bengaluru facility shift
388,Transportation Failure,High,Transportation vendor system outage reported. Reported at Pune facility during shift 2.,In Progress,Ahmedabad,transportation vendor system outage report report pune facility shift
389,Transportation Failure,Low,Carrier failed to pick up shipment. Reported at Pune facility during shift 1.,Resolved,Ahmedabad,carrier fail pick shipment report pune facility shift
390,Inventory Shortage,Low,Warehouse unable to fulfill requested quantity. Reported at Chennai facility during shift 3.,Open,Chennai,warehouse unable fulfill request quantity report chennai facility shift
391,Warehouse Issue,High,Warehouse stock mismatch identified. Reported at Kolkata facility during shift 1.,Open,Mumbai,warehouse stock mismatch identify report kolkata facility shift
392,Customs Issue,Medium,Import documentation under review. Reported at Chennai facility during shift 1.,In Progress,Chennai,import documentation review report chennai facility shift
393,Documentation Error,Medium,Missing certificate delayed shipment release. Reported at Ahmedabad facility during shift 3.,Open,Kolkata,miss certificate delay shipment release report ahmedabad facility shift
394,Shipment Delay,Critical,Shipment delayed due to customs inspection. Reported at Hyderabad facility during shift 3.,Open,Kolkata,shipment delay due customs inspection report hyderabad facility shift
395,Warehouse Issue,Critical,Order consolidation process delayed shipment. Reported at Delhi facility during shift 1.,Resolved,Delhi,order consolidation process delay shipment report delhi facility shift
396,Inventory Shortage,Low,Demand exceeded available stock levels. Reported at Hyderabad facility during shift 2.,In Progress,Mumbai,demand exceed available stock level report hyderabad facility shift
397,Damaged Goods,Low,Pallet collapse resulted in product damage. Reported at Ahmedabad facility during shift 3.,Resolved,Bengaluru,pallet collapse result product damage report ahmedabad facility shift
398,Damaged Goods,Critical,Fragile goods mishandled during unloading. Reported at Mumbai facility during shift 3.,Resolved,Chennai,fragile goods mishandle unload report mumbai facility shift
399,Shipment Delay,Medium,Delivery delayed due to traffic disruption. Reported at Kolkata facility during shift 2.,Open,Chennai,delivery delay due traffic disruption report kolkata facility shift
400,Customs Issue,High,Import documentation under review. Reported at Mumbai facility during shift 2.,Resolved,Pune,import documentation review report mumbai facility shift
401,Documentation Error,Critical,Manifest information incomplete. Reported at Mumbai facility during shift 3.,Open,Bengaluru,manifest information incomplete report mumbai facility shift
402,Warehouse Issue,Low,Put-away process delayed inventory availability. Reported at Ahmedabad facility during shift 2.,Open,Hyderabad,putaway process delay inventory availability report ahmedabad facility shift
403,Documentation Error,Critical,Documentation approval pending correction. Reported at Chennai facility during shift 1.,In Progress,Chennai,documentation approval pending correction report chennai facility shift
404,Inventory Shortage,High,Cycle count revealed stock deficiency. Reported at Delhi facility during shift 3.,Open,Hyderabad,cycle count reveal stock deficiency report delhi facility shift
405,Inventory Shortage,High,Cycle count revealed stock deficiency. Reported at Bengaluru facility during shift 3.,In Progress,Pune,cycle count reveal stock deficiency report bengaluru facility shift
406,Transportation Failure,High,Third-party carrier cancelled shipment booking. Reported at Delhi facility during shift 3.,Resolved,Pune,thirdparty carrier cancel shipment book report delhi facility shift
407,Shipment Delay,High,Truck breakdown caused delivery delay. Reported at Kolkata facility during shift 1.,In Progress,Kolkata,truck breakdown cause delivery delay report kolkata facility shift
408,Warehouse Issue,Low,Receiving delay impacted warehouse operations. Reported at Chennai facility during shift 3.,In Progress,Ahmedabad,receive delay impact warehouse operations report chennai facility shift
409,Inventory Shortage,Low,Safety stock threshold breached. Reported at Kolkata facility during shift 2.,Resolved,Kolkata,safety stock threshold breach report kolkata facility shift
410,Shipment Delay,High,Driver shortage affected transportation schedule. Reported at Hyderabad facility during shift 1.,Open,Hyderabad,driver shortage affect transportation schedule report hyderabad facility shift
411,Inventory Shortage,Medium,Supplier delay created inventory gap. Reported at Delhi facility during shift 3.,In Progress,Mumbai,supplier delay create inventory gap report delhi facility shift
412,Shipment Delay,Medium,Shipment delayed due to customs inspection. Reported at Hyderabad facility during shift 2.,In Progress,Mumbai,shipment delay due customs inspection report hyderabad facility shift
413,Inventory Shortage,Medium,Product unavailable due to inventory mismatch. Reported at Delhi facility during shift 2.,Resolved,Kolkata,product unavailable due inventory mismatch report delhi facility shift
414,Shipment Delay,Medium,Shipment delayed due to customs inspection. Reported at Mumbai facility during shift 2.,Resolved,Pune,shipment delay due customs inspection report mumbai facility shift
415,Warehouse Issue,Medium,Order picking queue exceeded capacity. Reported at Chennai facility during shift 2.,Open,Bengaluru,order pick queue exceed capacity report chennai facility shift
416,Documentation Error,Medium,Labeling information did not match shipment. Reported at Delhi facility during shift 3.,Open,Hyderabad,label information match shipment report delhi facility shift
417,Damaged Goods,Low,Shipment contents damaged in transit. Reported at Ahmedabad facility during shift 1.,In Progress,Hyderabad,shipment content damage transit report ahmedabad facility shift
418,Transportation Failure,Medium,Vehicle maintenance issue halted delivery. Reported at Ahmedabad facility during shift 1.,Open,Ahmedabad,vehicle maintenance issue halt delivery report ahmedabad facility shift
419,Documentation Error,Low,Documentation approval pending correction. Reported at Bengaluru facility during shift 2.,In Progress,Chennai,documentation approval pending correction report bengaluru facility shift
420,Transportation Failure,Medium,Driver unavailable for scheduled route. Reported at Kolkata facility during shift 2.,In Progress,Delhi,driver unavailable schedule route report kolkata facility shift
421,Damaged Goods,Medium,Water exposure damaged packaged goods. Reported at Bengaluru facility during shift 2.,In Progress,Pune,water exposure damage package goods report bengaluru facility shift
422,Damaged Goods,High,Packaging failure led to damaged products. Reported at Ahmedabad facility during shift 3.,In Progress,Kolkata,package failure lead damage products report ahmedabad facility shift
423,Damaged Goods,Low,Transit vibration caused product defects. Reported at Kolkata facility during shift 2.,Resolved,Bengaluru,transit vibration cause product defect report kolkata facility shift
424,Documentation Error,High,Labeling information did not match shipment. Reported at Delhi facility during shift 3.,Open,Ahmedabad,label information match shipment report delhi facility shift
425,Customs Issue,High,Border inspection extended shipment hold. Reported at Ahmedabad facility during shift 2.,Open,Kolkata,border inspection extend shipment hold report ahmedabad facility shift
426,Customs Issue,Medium,Import permit approval pending. Reported at Delhi facility during shift 3.,In Progress,Delhi,import permit approval pending report delhi facility shift
427,Customs Issue,Medium,Tariff classification review in progress. Reported at Kolkata facility during shift 1.,Resolved,Ahmedabad,tariff classification review progress report kolkata facility shift
428,Documentation Error,Low,Purchase order details inconsistent. Reported at Kolkata facility during shift 3.,In Progress,Mumbai,purchase order detail inconsistent report kolkata facility shift
429,Shipment Delay,Medium,Driver shortage affected transportation schedule. Reported at Bengaluru facility during shift 3.,Open,Chennai,driver shortage affect transportation schedule report bengaluru facility shift
430,Documentation Error,Critical,Missing certificate delayed shipment release. Reported at Kolkata facility during shift 2.,In Progress,Mumbai,miss certificate delay shipment release report kolkata facility shift
431,Shipment Delay,Medium,Truck breakdown caused delivery delay. Reported at Hyderabad facility during shift 1.,Resolved,Bengaluru,truck breakdown cause delivery delay report hyderabad facility shift
432,Transportation Failure,High,Driver unavailable for scheduled route. Reported at Kolkata facility during shift 2.,Resolved,Delhi,driver unavailable schedule route report kolkata facility shift
433,Damaged Goods,Low,Package damaged during transportation. Reported at Ahmedabad facility during shift 1.,Open,Mumbai,package damage transportation report ahmedabad facility shift
434,Warehouse Issue,Medium,Put-away process delayed inventory availability. Reported at Delhi facility during shift 2.,In Progress,Bengaluru,putaway process delay inventory availability report delhi facility shift
435,Documentation Error,Low,Export declaration contained errors. Reported at Pune facility during shift 2.,Resolved,Ahmedabad,export declaration contain errors report pune facility shift
436,Damaged Goods,High,Product packaging torn during loading. Reported at Hyderabad facility during shift 1.,Open,Chennai,product package tear load report hyderabad facility shift
437,Warehouse Issue,High,Receiving delay impacted warehouse operations. Reported at Mumbai facility during shift 3.,Resolved,Bengaluru,receive delay impact warehouse operations report mumbai facility shift
438,Documentation Error,Medium,Customs paperwork contained errors. Reported at Delhi facility during shift 2.,In Progress,Bengaluru,customs paperwork contain errors report delhi facility shift
439,Warehouse Issue,Medium,Order picking queue exceeded capacity. Reported at Delhi facility during shift 1.,In Progress,Kolkata,order pick queue exceed capacity report delhi facility shift
440,Shipment Delay,Medium,Dispatch process delayed at origin facility. Reported at Bengaluru facility during shift 2.,In Progress,Chennai,dispatch process delay origin facility report bengaluru facility shift
441,Customs Issue,High,Border inspection extended shipment hold. Reported at Bengaluru facility during shift 2.,Open,Mumbai,border inspection extend shipment hold report bengaluru facility shift
442,Warehouse Issue,Medium,Warehouse staffing shortage reported. Reported at Delhi facility during shift 2.,In Progress,Mumbai,warehouse staff shortage report report delhi facility shift
443,Damaged Goods,Critical,Fragile goods mishandled during unloading. Reported at Ahmedabad facility during shift 3.,In Progress,Kolkata,fragile goods mishandle unload report ahmedabad facility shift
444,Documentation Error,Medium,Purchase order details inconsistent. Reported at Mumbai facility during shift 2.,In Progress,Delhi,purchase order detail inconsistent report mumbai facility shift
445,Warehouse Issue,Medium,Dock congestion slowed warehouse throughput. Reported at Hyderabad facility during shift 3.,Resolved,Delhi,dock congestion slow warehouse throughput report hyderabad facility shift
446,Damaged Goods,Low,Product packaging torn during loading. Reported at Bengaluru facility during shift 2.,In Progress,Delhi,product package tear load report bengaluru facility shift
447,Documentation Error,Low,Purchase order details inconsistent. Reported at Kolkata facility during shift 3.,In Progress,Kolkata,purchase order detail inconsistent report kolkata facility shift
448,Inventory Shortage,Low,Inventory forecast underestimated demand. Reported at Delhi facility during shift 3.,In Progress,Delhi,inventory forecast underestimate demand report delhi facility shift
449,Inventory Shortage,Low,Safety stock threshold breached. Reported at Ahmedabad facility during shift 3.,In Progress,Chennai,safety stock threshold breach report ahmedabad facility shift
450,Transportation Failure,Critical,Carrier failed to pick up shipment. Reported at Bengaluru facility during shift 2.,Resolved,Ahmedabad,carrier fail pick shipment report bengaluru facility shift
451,Transportation Failure,High,Accident blocked scheduled delivery route. Reported at Ahmedabad facility during shift 2.,In Progress,Ahmedabad,accident block schedule delivery route report ahmedabad facility shift
452,Inventory Shortage,Low,Product unavailable due to inventory mismatch. Reported at Chennai facility during shift 1.,In Progress,Bengaluru,product unavailable due inventory mismatch report chennai facility shift
453,Documentation Error,Medium,Required compliance document missing. Reported at Delhi facility during shift 2.,In Progress,Mumbai,require compliance document miss report delhi facility shift
454,Documentation Error,High,Missing invoice delayed processing. Reported at Hyderabad facility during shift 3.,In Progress,Chennai,miss invoice delay process report hyderabad facility shift
455,Warehouse Issue,Low,Put-away process delayed inventory availability. Reported at Ahmedabad facility during shift 3.,In Progress,Mumbai,putaway process delay inventory availability report ahmedabad facility shift
456,Customs Issue,High,Trade compliance review delayed processing. Reported at Bengaluru facility during shift 2.,Open,Ahmedabad,trade compliance review delay process report bengaluru facility shift
457,Damaged Goods,High,Water exposure damaged packaged goods. Reported at Mumbai facility during shift 2.,Open,Bengaluru,water exposure damage package goods report mumbai facility shift
458,Inventory Shortage,Medium,Unexpected order spike exhausted stock. Reported at Pune facility during shift 3.,In Progress,Delhi,unexpected order spike exhaust stock report pune facility shift
459,Documentation Error,High,Customs paperwork contained errors. Reported at Bengaluru facility during shift 1.,Resolved,Pune,customs paperwork contain errors report bengaluru facility shift
460,Documentation Error,Critical,Required compliance document missing. Reported at Delhi facility during shift 2.,In Progress,Hyderabad,require compliance document miss report delhi facility shift
461,Documentation Error,Critical,Required compliance document missing. Reported at Mumbai facility during shift 1.,In Progress,Chennai,require compliance document miss report mumbai facility shift
462,Damaged Goods,High,Transit vibration caused product defects. Reported at Delhi facility during shift 3.,Open,Delhi,transit vibration cause product defect report delhi facility shift
463,Customs Issue,Medium,Customs requested additional documentation. Reported at Bengaluru facility during shift 3.,Open,Hyderabad,customs request additional documentation report bengaluru facility shift
464,Customs Issue,Low,Tariff classification review in progress. Reported at Kolkata facility during shift 2.,Open,Kolkata,tariff classification review progress report kolkata facility shift
465,Documentation Error,Critical,Data entry error impacted shipment records. Reported at Hyderabad facility during shift 3.,In Progress,Ahmedabad,data entry error impact shipment record report hyderabad facility shift
466,Transportation Failure,Low,Driver unavailable for scheduled route. Reported at Chennai facility during shift 3.,In Progress,Pune,driver unavailable schedule route report chennai facility shift
467,Warehouse Issue,Critical,Picking error occurred in warehouse. Reported at Kolkata facility during shift 1.,Open,Ahmedabad,pick error occur warehouse report kolkata facility shift
468,Damaged Goods,Medium,Water exposure damaged packaged goods. Reported at Hyderabad facility during shift 2.,Open,Ahmedabad,water exposure damage package goods report hyderabad facility shift
469,Warehouse Issue,Low,Receiving delay impacted warehouse operations. Reported at Chennai facility during shift 1.,In Progress,Chennai,receive delay impact warehouse operations report chennai facility shift
470,Shipment Delay,Medium,Mechanical failure delayed freight movement. Reported at Delhi facility during shift 2.,In Progress,Bengaluru,mechanical failure delay freight movement report delhi facility shift
471,Customs Issue,Medium,Country-specific restriction affected import. Reported at Delhi facility during shift 3.,In Progress,Mumbai,countryspecific restriction affect import report delhi facility shift
472,Customs Issue,Medium,Customs requested additional documentation. Reported at Hyderabad facility during shift 1.,Resolved,Delhi,customs request additional documentation report hyderabad facility shift
473,Shipment Delay,Medium,Delivery delayed due to traffic disruption. Reported at Hyderabad facility during shift 3.,Open,Kolkata,delivery delay due traffic disruption report hyderabad facility shift
474,Customs Issue,Low,Customs clearance process delayed. Reported at Mumbai facility during shift 1.,Open,Delhi,customs clearance process delay report mumbai facility shift
475,Documentation Error,Low,Bill of lading information mismatch detected. Reported at Ahmedabad facility during shift 1.,In Progress,Mumbai,bill lade information mismatch detect report ahmedabad facility shift
476,Warehouse Issue,Low,Order picking queue exceeded capacity. Reported at Delhi facility during shift 2.,In Progress,Mumbai,order pick queue exceed capacity report delhi facility shift
477,Customs Issue,Medium,Shipment selected for random inspection. Reported at Mumbai facility during shift 1.,In Progress,Delhi,shipment select random inspection report mumbai facility shift
478,Transportation Failure,Critical,Third-party carrier cancelled shipment booking. Reported at Delhi facility during shift 3.,Open,Mumbai,thirdparty carrier cancel shipment book report delhi facility shift
479,Documentation Error,Medium,Documentation approval pending correction. Reported at Chennai facility during shift 3.,In Progress,Pune,documentation approval pending correction report chennai facility shift
480,Customs Issue,Medium,Border inspection extended shipment hold. Reported at Delhi facility during shift 2.,In Progress,Bengaluru,border inspection extend shipment hold report delhi facility shift
481,Shipment Delay,High,Mechanical failure delayed freight movement. Reported at Mumbai facility during shift 1.,Resolved,Kolkata,mechanical failure delay freight movement report mumbai facility shift
482,Damaged Goods,Low,Pallet collapse resulted in product damage. Reported at Pune facility during shift 1.,Resolved,Mumbai,pallet collapse result product damage report pune facility shift
483,Inventory Shortage,Low,Backordered items unavailable for dispatch. Reported at Hyderabad facility during shift 3.,Resolved,Hyderabad,backordered items unavailable dispatch report hyderabad facility shift
484,Inventory Shortage,Medium,Backordered items unavailable for dispatch. Reported at Bengaluru facility during shift 3.,Resolved,Chennai,backordered items unavailable dispatch report bengaluru facility shift
485,Warehouse Issue,Medium,Order consolidation process delayed shipment. Reported at Bengaluru facility during shift 2.,Open,Ahmedabad,order consolidation process delay shipment report bengaluru facility shift
486,Customs Issue,High,Border security inspection caused delay. Reported at Mumbai facility during shift 3.,Open,Pune,border security inspection cause delay report mumbai facility shift
487,Damaged Goods,Medium,Goods arrived with visible damage. Reported at Kolkata facility during shift 3.,Resolved,Delhi,goods arrive visible damage report kolkata facility shift
488,Warehouse Issue,Medium,Warehouse management system outage reported. Reported at Mumbai facility during shift 1.,Open,Hyderabad,warehouse management system outage report report mumbai facility shift
489,Inventory Shortage,Medium,Warehouse stock shortage detected. Reported at Chennai facility during shift 2.,Resolved,Kolkata,warehouse stock shortage detect report chennai facility shift
490,Transportation Failure,Medium,Equipment malfunction impacted transport operations. Reported at Kolkata facility during shift 1.,Resolved,Delhi,equipment malfunction impact transport operations report kolkata facility shift
491,Damaged Goods,Medium,Product packaging torn during loading. Reported at Hyderabad facility during shift 1.,Open,Delhi,product package tear load report hyderabad facility shift
492,Documentation Error,Medium,Incorrect consignee information provided. Reported at Kolkata facility during shift 3.,Resolved,Mumbai,incorrect consignee information provide report kolkata facility shift
493,Damaged Goods,Critical,Packaging failure led to damaged products. Reported at Kolkata facility during shift 3.,Open,Chennai,package failure lead damage products report kolkata facility shift
494,Inventory Shortage,Medium,Product unavailable due to inventory mismatch. Reported at Kolkata facility during shift 1.,Resolved,Chennai,product unavailable due inventory mismatch report kolkata facility shift
495,Damaged Goods,Low,Fragile goods mishandled during unloading. Reported at Delhi facility during shift 1.,Open,Chennai,fragile goods mishandle unload report delhi facility shift
496,Inventory Shortage,Medium,Inventory forecast underestimated demand. Reported at Pune facility during shift 3.,Resolved,Hyderabad,inventory forecast underestimate demand report pune facility shift
497,Inventory Shortage,High,Safety stock threshold breached. Reported at Delhi facility during shift 3.,In Progress,Mumbai,safety stock threshold breach report delhi facility shift
498,Warehouse Issue,High,Order consolidation process delayed shipment. Reported at Chennai facility during shift 2.,In Progress,Mumbai,order consolidation process delay shipment report chennai facility shift
499,Damaged Goods,Medium,Packaging failure led to damaged products. Reported at Mumbai facility during shift 2.,In Progress,Chennai,package failure lead damage products report mumbai facility shift
500,Transportation Failure,Low,Transportation network disruption reported. Reported at Delhi facility during shift 2.,Open,Mumbai,transportation network disruption report report delhi facility shift
501,Inventory Shortage,High,Procurement delay affected inventory availability. Reported at Chennai facility during shift 1.,Open,Bengaluru,procurement delay affect inventory availability report chennai facility shift
502,Shipment Delay,Critical,Last-mile delivery partner unavailable. Reported at Pune facility during shift 2.,Open,Chennai,lastmile delivery partner unavailable report pune facility shift
503,Documentation Error,Medium,Invoice value discrepancy identified. Reported at Kolkata facility during shift 1.,In Progress,Pune,invoice value discrepancy identify report kolkata facility shift
504,Damaged Goods,Medium,Transit vibration caused product defects. Reported at Mumbai facility during shift 3.,Resolved,Chennai,transit vibration cause product defect report mumbai facility shift
505,Inventory Shortage,Low,Demand exceeded available stock levels. Reported at Chennai facility during shift 2.,In Progress,Hyderabad,demand exceed available stock level report chennai facility shift
506,Warehouse Issue,Low,Warehouse staffing shortage reported. Reported at Hyderabad facility during shift 2.,In Progress,Chennai,warehouse staff shortage report report hyderabad facility shift
507,Damaged Goods,High,Forklift accident damaged inventory. Reported at Hyderabad facility during shift 3.,Resolved,Bengaluru,forklift accident damage inventory report hyderabad facility shift
508,Transportation Failure,High,Driver unavailable for scheduled route. Reported at Ahmedabad facility during shift 1.,Resolved,Bengaluru,driver unavailable schedule route report ahmedabad facility shift
509,Inventory Shortage,Low,Warehouse stock shortage detected. Reported at Kolkata facility during shift 1.,In Progress,Chennai,warehouse stock shortage detect report kolkata facility shift
510,Damaged Goods,High,Package damaged during transportation. Reported at Kolkata facility during shift 3.,Open,Bengaluru,package damage transportation report kolkata facility shift
511,Documentation Error,Critical,Bill of lading information mismatch detected. Reported at Kolkata facility during shift 2.,Open,Hyderabad,bill lade information mismatch detect report kolkata facility shift
512,Shipment Delay,Medium,Shipment delayed due to customs inspection. Reported at Bengaluru facility during shift 3.,In Progress,Ahmedabad,shipment delay due customs inspection report bengaluru facility shift
513,Customs Issue,Low,Customs clearance process delayed. Reported at Mumbai facility during shift 3.,In Progress,Mumbai,customs clearance process delay report mumbai facility shift
514,Documentation Error,Medium,Documentation approval pending correction. Reported at Chennai facility during shift 2.,Open,Bengaluru,documentation approval pending correction report chennai facility shift
515,Damaged Goods,High,Shipment contents damaged in transit. Reported at Pune facility during shift 2.,Resolved,Pune,shipment content damage transit report pune facility shift
516,Damaged Goods,Low,Improper handling caused item breakage. Reported at Hyderabad facility during shift 1.,Open,Delhi,improper handle cause item breakage report hyderabad facility shift
517,Warehouse Issue,Low,Space constraint affected storage operations. Reported at Mumbai facility during shift 1.,In Progress,Ahmedabad,space constraint affect storage operations report mumbai facility shift
518,Damaged Goods,Medium,Pallet collapse resulted in product damage. Reported at Mumbai facility during shift 3.,Open,Ahmedabad,pallet collapse result product damage report mumbai facility shift
519,Damaged Goods,Low,Improper handling caused item breakage. Reported at Hyderabad facility during shift 1.,Resolved,Hyderabad,improper handle cause item breakage report hyderabad facility shift
520,Warehouse Issue,High,Put-away process delayed inventory availability. Reported at Chennai facility during shift 1.,In Progress,Delhi,putaway process delay inventory availability report chennai facility shift
521,Shipment Delay,Medium,Dispatch process delayed at origin facility. Reported at Bengaluru facility during shift 2.,Open,Hyderabad,dispatch process delay origin facility report bengaluru facility shift
522,Damaged Goods,Critical,Transit vibration caused product defects. Reported at Delhi facility during shift 1.,In Progress,Bengaluru,transit vibration cause product defect report delhi facility shift
523,Shipment Delay,Low,Last-mile delivery partner unavailable. Reported at Mumbai facility during shift 1.,Open,Bengaluru,lastmile delivery partner unavailable report mumbai facility shift
524,Inventory Shortage,Medium,Demand exceeded available stock levels. Reported at Kolkata facility during shift 2.,Resolved,Mumbai,demand exceed available stock level report kolkata facility shift
525,Documentation Error,Low,Documentation approval pending correction. Reported at Hyderabad facility during shift 1.,Open,Bengaluru,documentation approval pending correction report hyderabad facility shift
526,Customs Issue,Critical,Import permit approval pending. Reported at Delhi facility during shift 1.,In Progress,Mumbai,import permit approval pending report delhi facility shift
527,Shipment Delay,Critical,Last-mile delivery partner unavailable. Reported at Chennai facility during shift 1.,In Progress,Kolkata,lastmile delivery partner unavailable report chennai facility shift
528,Transportation Failure,Medium,Delivery vehicle breakdown reported. Reported at Kolkata facility during shift 3.,In Progress,Bengaluru,delivery vehicle breakdown report report kolkata facility shift
529,Inventory Shortage,High,Stockout occurred at fulfillment center. Reported at Hyderabad facility during shift 2.,Open,Bengaluru,stockout occur fulfillment center report hyderabad facility shift
530,Customs Issue,High,Regulatory verification delayed release. Reported at Ahmedabad facility during shift 2.,In Progress,Chennai,regulatory verification delay release report ahmedabad facility shift
531,Shipment Delay,Medium,Carrier scheduling issue caused shipment delay. Reported at Kolkata facility during shift 1.,Resolved,Bengaluru,carrier schedule issue cause shipment delay report kolkata facility shift
532,Customs Issue,High,Shipment selected for random inspection. Reported at Chennai facility during shift 2.,In Progress,Ahmedabad,shipment select random inspection report chennai facility shift
533,Documentation Error,Critical,Invoice value discrepancy identified. Reported at Ahmedabad facility during shift 2.,Resolved,Pune,invoice value discrepancy identify report ahmedabad facility shift
534,Transportation Failure,Medium,Vehicle maintenance issue halted delivery. Reported at Delhi facility during shift 1.,Open,Chennai,vehicle maintenance issue halt delivery report delhi facility shift
535,Warehouse Issue,High,Space constraint affected storage operations. Reported at Hyderabad facility during shift 1.,In Progress,Pune,space constraint affect storage operations report hyderabad facility shift
536,Warehouse Issue,Low,Cycle count discrepancy identified. Reported at Bengaluru facility during shift 1.,Resolved,Bengaluru,cycle count discrepancy identify report bengaluru facility shift
537,Damaged Goods,Medium,Temperature excursion affected product quality. Reported at Chennai facility during shift 1.,In Progress,Pune,temperature excursion affect product quality report chennai facility shift
538,Warehouse Issue,Low,Warehouse staffing shortage reported. Reported at Delhi facility during shift 1.,In Progress,Pune,warehouse staff shortage report report delhi facility shift
539,Documentation Error,Medium,Incorrect shipping documentation submitted. Reported at Pune facility during shift 3.,Resolved,Bengaluru,incorrect ship documentation submit report pune facility shift
540,Warehouse Issue,Medium,Space constraint affected storage operations. Reported at Ahmedabad facility during shift 3.,In Progress,Chennai,space constraint affect storage operations report ahmedabad facility shift
541,Shipment Delay,Low,Shipment delayed due to customs inspection. Reported at Bengaluru facility during shift 3.,Resolved,Ahmedabad,shipment delay due customs inspection report bengaluru facility shift
542,Shipment Delay,Medium,Container missed connecting vessel. Reported at Bengaluru facility during shift 1.,Open,Pune,container miss connect vessel report bengaluru facility shift
543,Shipment Delay,High,Shipment delayed due to customs inspection. Reported at Delhi facility during shift 3.,Open,Mumbai,shipment delay due customs inspection report delhi facility shift
544,Warehouse Issue,Medium,Inventory misplaced within storage area. Reported at Pune facility during shift 1.,Resolved,Kolkata,inventory misplace within storage area report pune facility shift
545,Documentation Error,Medium,Missing invoice delayed processing. Reported at Pune facility during shift 2.,Open,Kolkata,miss invoice delay process report pune facility shift
546,Warehouse Issue,Medium,Dock congestion slowed warehouse throughput. Reported at Ahmedabad facility during shift 3.,Resolved,Pune,dock congestion slow warehouse throughput report ahmedabad facility shift
547,Inventory Shortage,Medium,Raw material shortage impacted production. Reported at Delhi facility during shift 2.,Resolved,Hyderabad,raw material shortage impact production report delhi facility shift
548,Inventory Shortage,Critical,Inventory replenishment delayed. Reported at Chennai facility during shift 3.,In Progress,Chennai,inventory replenishment delay report chennai facility shift
549,Inventory Shortage,Low,Cycle count revealed stock deficiency. Reported at Pune facility during shift 3.,Resolved,Mumbai,cycle count reveal stock deficiency report pune facility shift
550,Transportation Failure,Low,Carrier failed to pick up shipment. Reported at Pune facility during shift 3.,In Progress,Pune,carrier fail pick shipment report pune facility shift
551,Inventory Shortage,Medium,Raw material shortage impacted production. Reported at Mumbai facility during shift 3.,Resolved,Pune,raw material shortage impact production report mumbai facility shift
552,Transportation Failure,Low,Delivery vehicle breakdown reported. Reported at Hyderabad facility during shift 1.,Open,Pune,delivery vehicle breakdown report report hyderabad facility shift
553,Damaged Goods,Low,Warehouse accident damaged stored inventory. Reported at Mumbai facility during shift 3.,In Progress,Ahmedabad,warehouse accident damage store inventory report mumbai facility shift
554,Customs Issue,Medium,Tariff classification review in progress. Reported at Delhi facility during shift 2.,In Progress,Pune,tariff classification review progress report delhi facility shift
555,Documentation Error,High,Purchase order details inconsistent. Reported at Mumbai facility during shift 2.,Resolved,Bengaluru,purchase order detail inconsistent report mumbai facility shift
556,Inventory Shortage,Low,Inventory forecast underestimated demand. Reported at Mumbai facility during shift 1.,In Progress,Hyderabad,inventory forecast underestimate demand report mumbai facility shift
557,Shipment Delay,High,Truck breakdown caused delivery delay. Reported at Pune facility during shift 1.,Open,Mumbai,truck breakdown cause delivery delay report pune facility shift
558,Documentation Error,Medium,Shipping label generated with incorrect address. Reported at Mumbai facility during shift 2.,Resolved,Ahmedabad,ship label generate incorrect address report mumbai facility shift
559,Customs Issue,Low,Shipment held by customs authorities. Reported at Kolkata facility during shift 3.,In Progress,Delhi,shipment hold customs authorities report kolkata facility shift
560,Shipment Delay,Critical,Truck breakdown caused delivery delay. Reported at Pune facility during shift 1.,In Progress,Hyderabad,truck breakdown cause delivery delay report pune facility shift
561,Customs Issue,Low,Regulatory verification delayed release. Reported at Hyderabad facility during shift 1.,In Progress,Ahmedabad,regulatory verification delay release report hyderabad facility shift
562,Inventory Shortage,Medium,Warehouse stock shortage detected. Reported at Pune facility during shift 1.,In Progress,Ahmedabad,warehouse stock shortage detect report pune facility shift
563,Inventory Shortage,Low,Product unavailable due to inventory mismatch. Reported at Chennai facility during shift 1.,In Progress,Mumbai,product unavailable due inventory mismatch report chennai facility shift
564,Transportation Failure,High,Transportation network disruption reported. Reported at Mumbai facility during shift 2.,In Progress,Ahmedabad,transportation network disruption report report mumbai facility shift
565,Customs Issue,Medium,Regulatory verification delayed release. Reported at Mumbai facility during shift 3.,Open,Pune,regulatory verification delay release report mumbai facility shift
566,Transportation Failure,Low,Driver unavailable for scheduled route. Reported at Delhi facility during shift 2.,In Progress,Ahmedabad,driver unavailable schedule route report delhi facility shift
567,Damaged Goods,Low,Forklift accident damaged inventory. Reported at Hyderabad facility during shift 3.,Resolved,Mumbai,forklift accident damage inventory report hyderabad facility shift
568,Shipment Delay,Medium,Shipment rerouted causing additional transit time. Reported at Pune facility during shift 3.,Resolved,Bengaluru,shipment rerouted cause additional transit time report pune facility shift
569,Documentation Error,Medium,Incorrect shipping documentation submitted. Reported at Kolkata facility during shift 3.,Resolved,Ahmedabad,incorrect ship documentation submit report kolkata facility shift
570,Documentation Error,Low,Shipping label generated with incorrect address. Reported at Bengaluru facility during shift 2.,In Progress,Chennai,ship label generate incorrect address report bengaluru facility shift
571,Documentation Error,Critical,Documentation approval pending correction. Reported at Delhi facility during shift 1.,In Progress,Delhi,documentation approval pending correction report delhi facility shift
572,Inventory Shortage,Low,Demand exceeded available stock levels. Reported at Bengaluru facility during shift 1.,Open,Kolkata,demand exceed available stock level report bengaluru facility shift
573,Inventory Shortage,Low,Inventory reservation conflict identified. Reported at Delhi facility during shift 3.,Resolved,Mumbai,inventory reservation conflict identify report delhi facility shift
574,Shipment Delay,Medium,Delivery delayed due to traffic disruption. Reported at Kolkata facility during shift 3.,In Progress,Ahmedabad,delivery delay due traffic disruption report kolkata facility shift
575,Warehouse Issue,Medium,Warehouse stock mismatch identified. Reported at Kolkata facility during shift 1.,Open,Mumbai,warehouse stock mismatch identify report kolkata facility shift
576,Shipment Delay,High,Rail transport delay impacted delivery timeline. Reported at Mumbai facility during shift 2.,In Progress,Kolkata,rail transport delay impact delivery timeline report mumbai facility shift
577,Damaged Goods,Medium,Pallet collapse resulted in product damage. Reported at Ahmedabad facility during shift 3.,Open,Delhi,pallet collapse result product damage report ahmedabad facility shift
578,Damaged Goods,Medium,Pallet collapse resulted in product damage. Reported at Delhi facility during shift 3.,Resolved,Kolkata,pallet collapse result product damage report delhi facility shift
579,Shipment Delay,Low,Delivery delayed due to traffic disruption. Reported at Pune facility during shift 3.,Resolved,Ahmedabad,delivery delay due traffic disruption report pune facility shift
580,Damaged Goods,Medium,Receiving inspection identified damaged goods. Reported at Pune facility during shift 1.,In Progress,Hyderabad,receive inspection identify damage goods report pune facility shift
581,Damaged Goods,Medium,Transit vibration caused product defects. Reported at Ahmedabad facility during shift 3.,Open,Delhi,transit vibration cause product defect report ahmedabad facility shift
582,Damaged Goods,Low,Packaging failure led to damaged products. Reported at Ahmedabad facility during shift 2.,In Progress,Mumbai,package failure lead damage products report ahmedabad facility shift
583,Inventory Shortage,High,Inventory forecast underestimated demand. Reported at Bengaluru facility during shift 2.,Resolved,Pune,inventory forecast underestimate demand report bengaluru facility shift
584,Warehouse Issue,Medium,Warehouse stock mismatch identified. Reported at Delhi facility during shift 1.,Resolved,Kolkata,warehouse stock mismatch identify report delhi facility shift
585,Inventory Shortage,Low,Unexpected order spike exhausted stock. Reported at Chennai facility during shift 1.,Open,Chennai,unexpected order spike exhaust stock report chennai facility shift
586,Inventory Shortage,Critical,Warehouse stock shortage detected. Reported at Ahmedabad facility during shift 1.,Resolved,Bengaluru,warehouse stock shortage detect report ahmedabad facility shift
587,Damaged Goods,Medium,Water exposure damaged packaged goods. Reported at Ahmedabad facility during shift 3.,Open,Chennai,water exposure damage package goods report ahmedabad facility shift
588,Inventory Shortage,Medium,Safety stock threshold breached. Reported at Ahmedabad facility during shift 3.,In Progress,Pune,safety stock threshold breach report ahmedabad facility shift
589,Damaged Goods,High,Goods arrived with visible damage. Reported at Hyderabad facility during shift 3.,Open,Hyderabad,goods arrive visible damage report hyderabad facility shift
590,Shipment Delay,High,Delivery delayed due to traffic disruption. Reported at Chennai facility during shift 1.,Open,Bengaluru,delivery delay due traffic disruption report chennai facility shift
591,Customs Issue,Medium,Border inspection extended shipment hold. Reported at Bengaluru facility during shift 2.,Resolved,Chennai,border inspection extend shipment hold report bengaluru facility shift
592,Warehouse Issue,Critical,Space constraint affected storage operations. Reported at Chennai facility during shift 2.,Resolved,Delhi,space constraint affect storage operations report chennai facility shift
593,Documentation Error,Low,Invoice value discrepancy identified. Reported at Chennai facility during shift 1.,In Progress,Hyderabad,invoice value discrepancy identify report chennai facility shift
594,Transportation Failure,Medium,Trailer availability issue delayed dispatch. Reported at Kolkata facility during shift 2.,Open,Ahmedabad,trailer availability issue delay dispatch report kolkata facility shift
595,Damaged Goods,Low,Fragile goods mishandled during unloading. Reported at Kolkata facility during shift 3.,Resolved,Pune,fragile goods mishandle unload report kolkata facility shift
596,Documentation Error,Medium,Missing certificate delayed shipment release. Reported at Hyderabad facility during shift 2.,In Progress,Mumbai,miss certificate delay shipment release report hyderabad facility shift
597,Damaged Goods,Low,Shipment contents damaged in transit. Reported at Pune facility during shift 2.,Resolved,Hyderabad,shipment content damage transit report pune facility shift
598,Inventory Shortage,High,Inventory replenishment delayed. Reported at Bengaluru facility during shift 1.,Resolved,Kolkata,inventory replenishment delay report bengaluru facility shift
599,Customs Issue,Low,Customs requested additional documentation. Reported at Delhi facility during shift 3.,In Progress,Hyderabad,customs request additional documentation report delhi facility shift
600,Damaged Goods,Medium,Receiving inspection identified damaged goods. Reported at Kolkata facility during shift 2.,Open,Bengaluru,receive inspection identify damage goods report kolkata facility shift
601,Damaged Goods,Medium,Packaging failure led to damaged products. Reported at Bengaluru facility during shift 3.,In Progress,Pune,package failure lead damage products report bengaluru facility shift
602,Documentation Error,High,Required compliance document missing. Reported at Delhi facility during shift 3.,Open,Hyderabad,require compliance document miss report delhi facility shift
603,Shipment Delay,Low,Last-mile delivery partner unavailable. Reported at Delhi facility during shift 3.,Resolved,Delhi,lastmile delivery partner unavailable report delhi facility shift
604,Customs Issue,Low,Country-specific restriction affected import. Reported at Pune facility during shift 3.,In Progress,Bengaluru,countryspecific restriction affect import report pune facility shift
605,Customs Issue,High,Trade compliance review delayed processing. Reported at Hyderabad facility during shift 2.,In Progress,Pune,trade compliance review delay process report hyderabad facility shift
606,Damaged Goods,High,Container impact damaged shipment contents. Reported at Hyderabad facility during shift 2.,In Progress,Chennai,container impact damage shipment content report hyderabad facility shift
607,Warehouse Issue,High,Dock congestion slowed warehouse throughput. Reported at Mumbai facility during shift 2.,Resolved,Mumbai,dock congestion slow warehouse throughput report mumbai facility shift
608,Warehouse Issue,Low,Dock congestion slowed warehouse throughput. Reported at Kolkata facility during shift 3.,Open,Delhi,dock congestion slow warehouse throughput report kolkata facility shift
609,Inventory Shortage,Critical,Demand exceeded available stock levels. Reported at Pune facility during shift 2.,In Progress,Delhi,demand exceed available stock level report pune facility shift
610,Damaged Goods,Medium,Transit vibration caused product defects. Reported at Delhi facility during shift 1.,Resolved,Delhi,transit vibration cause product defect report delhi facility shift
611,Damaged Goods,Medium,Fragile goods mishandled during unloading. Reported at Chennai facility during shift 1.,Open,Delhi,fragile goods mishandle unload report chennai facility shift
612,Documentation Error,High,Invoice value discrepancy identified. Reported at Delhi facility during shift 2.,Open,Delhi,invoice value discrepancy identify report delhi facility shift
613,Documentation Error,Medium,Purchase order details inconsistent. Reported at Kolkata facility during shift 2.,In Progress,Kolkata,purchase order detail inconsistent report kolkata facility shift
614,Shipment Delay,Medium,Shipment delayed due to customs inspection. Reported at Bengaluru facility during shift 3.,Open,Pune,shipment delay due customs inspection report bengaluru facility shift
615,Warehouse Issue,Medium,Warehouse staffing shortage reported. Reported at Bengaluru facility during shift 1.,Resolved,Bengaluru,warehouse staff shortage report report bengaluru facility shift
616,Inventory Shortage,Low,Procurement delay affected inventory availability. Reported at Pune facility during shift 2.,In Progress,Hyderabad,procurement delay affect inventory availability report pune facility shift
617,Inventory Shortage,Critical,Product unavailable due to inventory mismatch. Reported at Chennai facility during shift 2.,In Progress,Pune,product unavailable due inventory mismatch report chennai facility shift
618,Transportation Failure,Critical,Trailer availability issue delayed dispatch. Reported at Delhi facility during shift 2.,In Progress,Pune,trailer availability issue delay dispatch report delhi facility shift
619,Warehouse Issue,Low,Warehouse processing backlog reported. Reported at Delhi facility during shift 2.,Open,Delhi,warehouse process backlog report report delhi facility shift
620,Inventory Shortage,Medium,Procurement delay affected inventory availability. Reported at Chennai facility during shift 3.,Open,Pune,procurement delay affect inventory availability report chennai facility shift
621,Customs Issue,High,Customs valuation dispute identified. Reported at Chennai facility during shift 2.,In Progress,Chennai,customs valuation dispute identify report chennai facility shift
622,Documentation Error,High,Incorrect shipping documentation submitted. Reported at Mumbai facility during shift 3.,Open,Mumbai,incorrect ship documentation submit report mumbai facility shift
623,Transportation Failure,Medium,Fleet utilization exceeded available capacity. Reported at Kolkata facility during shift 1.,In Progress,Delhi,fleet utilization exceed available capacity report kolkata facility shift
624,Inventory Shortage,Medium,Procurement delay affected inventory availability. Reported at Chennai facility during shift 2.,Open,Hyderabad,procurement delay affect inventory availability report chennai facility shift
625,Documentation Error,High,Documentation approval pending correction. Reported at Delhi facility during shift 2.,Open,Mumbai,documentation approval pending correction report delhi facility shift
626,Damaged Goods,Low,Product packaging torn during loading. Reported at Mumbai facility during shift 2.,Open,Hyderabad,product package tear load report mumbai facility shift
627,Warehouse Issue,High,Inventory misplaced within storage area. Reported at Bengaluru facility during shift 2.,In Progress,Delhi,inventory misplace within storage area report bengaluru facility shift
628,Shipment Delay,Medium,Cargo loading completed behind schedule. Reported at Ahmedabad facility during shift 1.,In Progress,Pune,cargo load complete behind schedule report ahmedabad facility shift
629,Inventory Shortage,Low,Warehouse stock shortage detected. Reported at Chennai facility during shift 3.,Open,Ahmedabad,warehouse stock shortage detect report chennai facility shift
630,Inventory Shortage,High,Product unavailable due to inventory mismatch. Reported at Mumbai facility during shift 3.,In Progress,Bengaluru,product unavailable due inventory mismatch report mumbai facility shift
631,Transportation Failure,Low,Vehicle maintenance issue halted delivery. Reported at Hyderabad facility during shift 2.,Open,Chennai,vehicle maintenance issue halt delivery report hyderabad facility shift
632,Warehouse Issue,Medium,Inventory allocation issue detected. Reported at Pune facility during shift 3.,Resolved,Mumbai,inventory allocation issue detect report pune facility shift
633,Shipment Delay,High,Holiday demand surge caused shipping delays. Reported at Chennai facility during shift 1.,Resolved,Delhi,holiday demand surge cause ship delay report chennai facility shift
634,Damaged Goods,Low,Water exposure damaged packaged goods. Reported at Ahmedabad facility during shift 3.,Resolved,Mumbai,water exposure damage package goods report ahmedabad facility shift
635,Damaged Goods,Low,Transit vibration caused product defects. Reported at Pune facility during shift 1.,In Progress,Ahmedabad,transit vibration cause product defect report pune facility shift
636,Damaged Goods,High,Transit vibration caused product defects. Reported at Kolkata facility during shift 3.,In Progress,Delhi,transit vibration cause product defect report kolkata facility shift
637,Shipment Delay,Low,Port congestion delayed shipment arrival. Reported at Chennai facility during shift 1.,Resolved,Ahmedabad,port congestion delay shipment arrival report chennai facility shift
638,Warehouse Issue,Medium,Cycle count discrepancy identified. Reported at Ahmedabad facility during shift 1.,In Progress,Chennai,cycle count discrepancy identify report ahmedabad facility shift
639,Warehouse Issue,Critical,Dock congestion slowed warehouse throughput. Reported at Delhi facility during shift 2.,Open,Kolkata,dock congestion slow warehouse throughput report delhi facility shift
640,Transportation Failure,Medium,Delivery vehicle breakdown reported. Reported at Mumbai facility during shift 2.,Open,Bengaluru,delivery vehicle breakdown report report mumbai facility shift
641,Customs Issue,Medium,Trade compliance review delayed processing. Reported at Pune facility during shift 3.,Resolved,Mumbai,trade compliance review delay process report pune facility shift
642,Transportation Failure,Medium,Accident blocked scheduled delivery route. Reported at Bengaluru facility during shift 2.,Resolved,Kolkata,accident block schedule delivery route report bengaluru facility shift
643,Inventory Shortage,Medium,Inventory reservation conflict identified. Reported at Chennai facility during shift 1.,Open,Ahmedabad,inventory reservation conflict identify report chennai facility shift
644,Warehouse Issue,High,Warehouse management system outage reported. Reported at Delhi facility during shift 1.,In Progress,Bengaluru,warehouse management system outage report report delhi facility shift
645,Damaged Goods,Low,Shipment contents damaged in transit. Reported at Chennai facility during shift 3.,Resolved,Kolkata,shipment content damage transit report chennai facility shift
646,Transportation Failure,Medium,Transportation network disruption reported. Reported at Bengaluru facility during shift 1.,Resolved,Ahmedabad,transportation network disruption report report bengaluru facility shift
647,Shipment Delay,Medium,Holiday demand surge caused shipping delays. Reported at Ahmedabad facility during shift 2.,In Progress,Chennai,holiday demand surge cause ship delay report ahmedabad facility shift
648,Shipment Delay,Medium,Delivery delayed due to traffic disruption. Reported at Kolkata facility during shift 1.,Open,Mumbai,delivery delay due traffic disruption report kolkata facility shift
649,Warehouse Issue,Medium,Cycle count discrepancy identified. Reported at Hyderabad facility during shift 3.,Resolved,Ahmedabad,cycle count discrepancy identify report hyderabad facility shift
650,Damaged Goods,High,Water exposure damaged packaged goods. Reported at Chennai facility during shift 1.,In Progress,Ahmedabad,water exposure damage package goods report chennai facility shift
651,Customs Issue,Medium,Customs valuation dispute identified. Reported at Pune facility during shift 3.,Open,Bengaluru,customs valuation dispute identify report pune facility shift
652,Shipment Delay,Critical,Container missed connecting vessel. Reported at Pune facility during shift 3.,In Progress,Pune,container miss connect vessel report pune facility shift
653,Customs Issue,Medium,Customs clearance process delayed. Reported at Chennai facility during shift 1.,Resolved,Kolkata,customs clearance process delay report chennai facility shift
654,Shipment Delay,Low,Carrier scheduling issue caused shipment delay. Reported at Bengaluru facility during shift 1.,In Progress,Bengaluru,carrier schedule issue cause shipment delay report bengaluru facility shift
655,Transportation Failure,Medium,Transportation network disruption reported. Reported at Bengaluru facility during shift 3.,In Progress,Chennai,transportation network disruption report report bengaluru facility shift
656,Customs Issue,Medium,Trade compliance review delayed processing. Reported at Mumbai facility during shift 2.,Resolved,Delhi,trade compliance review delay process report mumbai facility shift
657,Transportation Failure,Critical,Delivery vehicle breakdown reported. Reported at Chennai facility during shift 3.,Resolved,Ahmedabad,delivery vehicle breakdown report report chennai facility shift
658,Documentation Error,Medium,Invoice value discrepancy identified. Reported at Delhi facility during shift 3.,Resolved,Delhi,invoice value discrepancy identify report delhi facility shift
659,Shipment Delay,High,Delivery delayed due to traffic disruption. Reported at Pune facility during shift 3.,In Progress,Bengaluru,delivery delay due traffic disruption report pune facility shift
660,Damaged Goods,Medium,Pallet collapse resulted in product damage. Reported at Pune facility during shift 2.,Open,Delhi,pallet collapse result product damage report pune facility shift
661,Transportation Failure,Medium,Route planning error delayed movement. Reported at Hyderabad facility during shift 3.,In Progress,Bengaluru,route plan error delay movement report hyderabad facility shift
662,Inventory Shortage,Medium,Demand exceeded available stock levels. Reported at Hyderabad facility during shift 3.,Resolved,Delhi,demand exceed available stock level report hyderabad facility shift
663,Customs Issue,Medium,Customs valuation dispute identified. Reported at Delhi facility during shift 3.,Resolved,Pune,customs valuation dispute identify report delhi facility shift
664,Customs Issue,Medium,Customs clearance process delayed. Reported at Pune facility during shift 3.,Resolved,Kolkata,customs clearance process delay report pune facility shift
665,Customs Issue,High,Regulatory approval pending clearance. Reported at Hyderabad facility during shift 2.,Resolved,Mumbai,regulatory approval pending clearance report hyderabad facility shift
666,Shipment Delay,Medium,Delivery delayed due to traffic disruption. Reported at Delhi facility during shift 1.,Open,Hyderabad,delivery delay due traffic disruption report delhi facility shift
667,Warehouse Issue,Medium,Space constraint affected storage operations. Reported at Delhi facility during shift 2.,Open,Chennai,space constraint affect storage operations report delhi facility shift
668,Customs Issue,High,Shipment selected for random inspection. Reported at Hyderabad facility during shift 1.,Open,Pune,shipment select random inspection report hyderabad facility shift
669,Warehouse Issue,High,Warehouse management system outage reported. Reported at Mumbai facility during shift 3.,Resolved,Bengaluru,warehouse management system outage report report mumbai facility shift
670,Customs Issue,Medium,Customs valuation dispute identified. Reported at Kolkata facility during shift 1.,Resolved,Hyderabad,customs valuation dispute identify report kolkata facility shift
671,Customs Issue,Medium,Customs valuation dispute identified. Reported at Chennai facility during shift 2.,Resolved,Pune,customs valuation dispute identify report chennai facility shift
672,Documentation Error,Low,Incorrect shipping documentation submitted. Reported at Chennai facility during shift 3.,Resolved,Ahmedabad,incorrect ship documentation submit report chennai facility shift
673,Warehouse Issue,Medium,Warehouse processing backlog reported. Reported at Pune facility during shift 3.,Resolved,Bengaluru,warehouse process backlog report report pune facility shift
674,Warehouse Issue,Medium,Put-away process delayed inventory availability. Reported at Bengaluru facility during shift 2.,Resolved,Mumbai,putaway process delay inventory availability report bengaluru facility shift
675,Inventory Shortage,Low,Inventory replenishment delayed. Reported at Mumbai facility during shift 2.,In Progress,Hyderabad,inventory replenishment delay report mumbai facility shift
676,Inventory Shortage,Medium,Inventory replenishment delayed. Reported at Hyderabad facility during shift 1.,Resolved,Delhi,inventory replenishment delay report hyderabad facility shift
677,Shipment Delay,Low,Port congestion delayed shipment arrival. Reported at Pune facility during shift 3.,Resolved,Hyderabad,port congestion delay shipment arrival report pune facility shift
678,Transportation Failure,High,Third-party carrier cancelled shipment booking. Reported at Pune facility during shift 1.,In Progress,Bengaluru,thirdparty carrier cancel shipment book report pune facility shift
679,Inventory Shortage,Low,Backordered items unavailable for dispatch. Reported at Mumbai facility during shift 3.,Resolved,Kolkata,backordered items unavailable dispatch report mumbai facility shift
680,Shipment Delay,Medium,Container missed connecting vessel. Reported at Bengaluru facility during shift 1.,In Progress,Pune,container miss connect vessel report bengaluru facility shift
681,Damaged Goods,High,Forklift accident damaged inventory. Reported at Ahmedabad facility during shift 3.,Resolved,Chennai,forklift accident damage inventory report ahmedabad facility shift
682,Shipment Delay,Low,Shipment rerouted causing additional transit time. Reported at Pune facility during shift 2.,Resolved,Bengaluru,shipment rerouted cause additional transit time report pune facility shift
683,Shipment Delay,Critical,Shipment rerouted causing additional transit time. Reported at Pune facility during shift 2.,Open,Kolkata,shipment rerouted cause additional transit time report pune facility shift
684,Damaged Goods,Critical,Temperature excursion affected product quality. Reported at Hyderabad facility during shift 1.,In Progress,Ahmedabad,temperature excursion affect product quality report hyderabad facility shift
685,Transportation Failure,Low,Delivery vehicle breakdown reported. Reported at Hyderabad facility during shift 3.,Resolved,Mumbai,delivery vehicle breakdown report report hyderabad facility shift
686,Shipment Delay,Low,Port congestion delayed shipment arrival. Reported at Chennai facility during shift 3.,Resolved,Bengaluru,port congestion delay shipment arrival report chennai facility shift
687,Warehouse Issue,Low,Dock congestion slowed warehouse throughput. Reported at Kolkata facility during shift 1.,Resolved,Kolkata,dock congestion slow warehouse throughput report kolkata facility shift
688,Customs Issue,Medium,Trade compliance review delayed processing. Reported at Mumbai facility during shift 3.,Open,Ahmedabad,trade compliance review delay process report mumbai facility shift
689,Customs Issue,Low,Customs requested additional documentation. Reported at Chennai facility during shift 1.,Open,Hyderabad,customs request additional documentation report chennai facility shift
690,Documentation Error,Medium,Missing invoice delayed processing. Reported at Bengaluru facility during shift 2.,In Progress,Kolkata,miss invoice delay process report bengaluru facility shift
691,Transportation Failure,Medium,Driver unavailable for scheduled route. Reported at Chennai facility during shift 2.,Resolved,Chennai,driver unavailable schedule route report chennai facility shift
692,Customs Issue,Medium,Regulatory approval pending clearance. Reported at Mumbai facility during shift 3.,Resolved,Mumbai,regulatory approval pending clearance report mumbai facility shift
693,Damaged Goods,High,Receiving inspection identified damaged goods. Reported at Mumbai facility during shift 2.,In Progress,Mumbai,receive inspection identify damage goods report mumbai facility shift
694,Damaged Goods,Medium,Warehouse accident damaged stored inventory. Reported at Ahmedabad facility during shift 2.,Resolved,Chennai,warehouse accident damage store inventory report ahmedabad facility shift
695,Transportation Failure,High,Carrier failed to pick up shipment. Reported at Bengaluru facility during shift 1.,Resolved,Hyderabad,carrier fail pick shipment report bengaluru facility shift
696,Customs Issue,High,Import documentation under review. Reported at Hyderabad facility during shift 3.,Resolved,Pune,import documentation review report hyderabad facility shift
697,Shipment Delay,Low,Cargo loading completed behind schedule. Reported at Delhi facility during shift 1.,Resolved,Kolkata,cargo load complete behind schedule report delhi facility shift
698,Documentation Error,Low,Labeling information did not match shipment. Reported at Mumbai facility during shift 2.,Resolved,Pune,label information match shipment report mumbai facility shift
699,Inventory Shortage,Low,Supplier delay created inventory gap. Reported at Delhi facility during shift 1.,Resolved,Hyderabad,supplier delay create inventory gap report delhi facility shift
700,Inventory Shortage,High,Product unavailable due to inventory mismatch. Reported at Delhi facility during shift 3.,Open,Ahmedabad,product unavailable due inventory mismatch report delhi facility shift
701,Customs Issue,Medium,Shipment flagged for compliance audit. Reported at Mumbai facility during shift 2.,In Progress,Mumbai,shipment flag compliance audit report mumbai facility shift
702,Inventory Shortage,Medium,Procurement delay affected inventory availability. Reported at Ahmedabad facility during shift 2.,Resolved,Bengaluru,procurement delay affect inventory availability report ahmedabad facility shift
703,Shipment Delay,Medium,Carrier scheduling issue caused shipment delay. Reported at Mumbai facility during shift 1.,In Progress,Pune,carrier schedule issue cause shipment delay report mumbai facility shift
704,Documentation Error,Medium,Missing certificate delayed shipment release. Reported at Hyderabad facility during shift 3.,Resolved,Pune,miss certificate delay shipment release report hyderabad facility shift
705,Warehouse Issue,Low,Receiving delay impacted warehouse operations. Reported at Kolkata facility during shift 1.,Open,Bengaluru,receive delay impact warehouse operations report kolkata facility shift
706,Customs Issue,High,Regulatory approval pending clearance. Reported at Kolkata facility during shift 2.,Open,Pune,regulatory approval pending clearance report kolkata facility shift
707,Transportation Failure,High,Fleet utilization exceeded available capacity. Reported at Ahmedabad facility during shift 2.,In Progress,Mumbai,fleet utilization exceed available capacity report ahmedabad facility shift
708,Inventory Shortage,High,Raw material shortage impacted production. Reported at Mumbai facility during shift 2.,Open,Bengaluru,raw material shortage impact production report mumbai facility shift
709,Damaged Goods,Low,Packaging failure led to damaged products. Reported at Mumbai facility during shift 3.,Open,Chennai,package failure lead damage products report mumbai facility shift
710,Warehouse Issue,Low,Cycle count discrepancy identified. Reported at Kolkata facility during shift 3.,Open,Hyderabad,cycle count discrepancy identify report kolkata facility shift
711,Documentation Error,High,Shipping label generated with incorrect address. Reported at Ahmedabad facility during shift 3.,In Progress,Kolkata,ship label generate incorrect address report ahmedabad facility shift
712,Inventory Shortage,Medium,Warehouse unable to fulfill requested quantity. Reported at Hyderabad facility during shift 1.,Resolved,Mumbai,warehouse unable fulfill request quantity report hyderabad facility shift
713,Transportation Failure,Low,Driver unavailable for scheduled route. Reported at Chennai facility during shift 3.,Resolved,Delhi,driver unavailable schedule route report chennai facility shift
714,Warehouse Issue,Low,Inventory misplaced within storage area. Reported at Delhi facility during shift 2.,Resolved,Delhi,inventory misplace within storage area report delhi facility shift
715,Customs Issue,Low,Regulatory approval pending clearance. Reported at Ahmedabad facility during shift 2.,In Progress,Bengaluru,regulatory approval pending clearance report ahmedabad facility shift
716,Shipment Delay,Low,Carrier scheduling issue caused shipment delay. Reported at Pune facility during shift 1.,Open,Pune,carrier schedule issue cause shipment delay report pune facility shift
717,Transportation Failure,Low,Fleet utilization exceeded available capacity. Reported at Ahmedabad facility during shift 1.,Resolved,Pune,fleet utilization exceed available capacity report ahmedabad facility shift
718,Shipment Delay,Low,Dispatch process delayed at origin facility. Reported at Hyderabad facility during shift 3.,Resolved,Delhi,dispatch process delay origin facility report hyderabad facility shift
719,Transportation Failure,Medium,Accident blocked scheduled delivery route. Reported at Kolkata facility during shift 2.,Open,Hyderabad,accident block schedule delivery route report kolkata facility shift
720,Transportation Failure,Medium,Trailer availability issue delayed dispatch. Reported at Bengaluru facility during shift 3.,In Progress,Ahmedabad,trailer availability issue delay dispatch report bengaluru facility shift
721,Warehouse Issue,High,Warehouse management system outage reported. Reported at Chennai facility during shift 3.,In Progress,Delhi,warehouse management system outage report report chennai facility shift
722,Inventory Shortage,Low,Product unavailable due to inventory mismatch. Reported at Hyderabad facility during shift 1.,Open,Pune,product unavailable due inventory mismatch report hyderabad facility shift
723,Documentation Error,Low,Data entry error impacted shipment records. Reported at Mumbai facility during shift 3.,In Progress,Mumbai,data entry error impact shipment record report mumbai facility shift
724,Transportation Failure,Low,Accident blocked scheduled delivery route. Reported at Ahmedabad facility during shift 2.,Open,Kolkata,accident block schedule delivery route report ahmedabad facility shift
725,Shipment Delay,Medium,Unexpected weather conditions slowed transportation. Reported at Chennai facility during shift 1.,Open,Delhi,unexpected weather condition slow transportation report chennai facility shift
726,Customs Issue,Low,Shipment flagged for compliance audit. Reported at Chennai facility during shift 3.,Open,Hyderabad,shipment flag compliance audit report chennai facility shift
727,Inventory Shortage,Critical,Backordered items unavailable for dispatch. Reported at Kolkata facility during shift 3.,Resolved,Chennai,backordered items unavailable dispatch report kolkata facility shift
728,Customs Issue,Low,Regulatory approval pending clearance. Reported at Hyderabad facility during shift 1.,Resolved,Ahmedabad,regulatory approval pending clearance report hyderabad facility shift
729,Warehouse Issue,High,Warehouse management system outage reported. Reported at Delhi facility during shift 1.,Resolved,Delhi,warehouse management system outage report report delhi facility shift
730,Warehouse Issue,Medium,Cycle count discrepancy identified. Reported at Delhi facility during shift 3.,In Progress,Delhi,cycle count discrepancy identify report delhi facility shift
731,Customs Issue,Medium,Customs valuation dispute identified. Reported at Pune facility during shift 2.,Open,Bengaluru,customs valuation dispute identify report pune facility shift
732,Transportation Failure,Low,Fuel supply issue interrupted transportation. Reported at Delhi facility during shift 1.,Resolved,Kolkata,fuel supply issue interrupt transportation report delhi facility shift
733,Warehouse Issue,Medium,Storage location information incorrect. Reported at Mumbai facility during shift 1.,Resolved,Chennai,storage location information incorrect report mumbai facility shift
734,Warehouse Issue,Medium,Inventory misplaced within storage area. Reported at Mumbai facility during shift 1.,Open,Chennai,inventory misplace within storage area report mumbai facility shift
735,Warehouse Issue,Medium,Dock congestion slowed warehouse throughput. Reported at Kolkata facility during shift 3.,Open,Kolkata,dock congestion slow warehouse throughput report kolkata facility shift
736,Inventory Shortage,Medium,Unexpected order spike exhausted stock. Reported at Ahmedabad facility during shift 2.,Resolved,Mumbai,unexpected order spike exhaust stock report ahmedabad facility shift
737,Transportation Failure,High,Carrier failed to pick up shipment. Reported at Hyderabad facility during shift 2.,Open,Hyderabad,carrier fail pick shipment report hyderabad facility shift
738,Documentation Error,Low,Shipping label generated with incorrect address. Reported at Kolkata facility during shift 2.,Resolved,Chennai,ship label generate incorrect address report kolkata facility shift
739,Documentation Error,Low,Labeling information did not match shipment. Reported at Mumbai facility during shift 3.,Resolved,Bengaluru,label information match shipment report mumbai facility shift
740,Customs Issue,Medium,Shipment selected for random inspection. Reported at Pune facility during shift 2.,Open,Kolkata,shipment select random inspection report pune facility shift
741,Customs Issue,High,Border security inspection caused delay. Reported at Hyderabad facility during shift 2.,In Progress,Pune,border security inspection cause delay report hyderabad facility shift
742,Documentation Error,Medium,Required compliance document missing. Reported at Kolkata facility during shift 1.,Resolved,Ahmedabad,require compliance document miss report kolkata facility shift
743,Inventory Shortage,Critical,Safety stock threshold breached. Reported at Ahmedabad facility during shift 2.,Resolved,Pune,safety stock threshold breach report ahmedabad facility shift
744,Warehouse Issue,Low,Put-away process delayed inventory availability. Reported at Kolkata facility during shift 3.,Resolved,Mumbai,putaway process delay inventory availability report kolkata facility shift
745,Customs Issue,Critical,Border inspection extended shipment hold. Reported at Ahmedabad facility during shift 3.,Open,Bengaluru,border inspection extend shipment hold report ahmedabad facility shift
746,Documentation Error,Medium,Purchase order details inconsistent. Reported at Pune facility during shift 3.,Resolved,Chennai,purchase order detail inconsistent report pune facility shift
747,Inventory Shortage,High,Supplier delay created inventory gap. Reported at Chennai facility during shift 1.,In Progress,Kolkata,supplier delay create inventory gap report chennai facility shift
748,Shipment Delay,Medium,Truck breakdown caused delivery delay. Reported at Hyderabad facility during shift 1.,Resolved,Chennai,truck breakdown cause delivery delay report hyderabad facility shift
749,Customs Issue,Medium,Tariff classification review in progress. Reported at Kolkata facility during shift 3.,In Progress,Chennai,tariff classification review progress report kolkata facility shift
750,Warehouse Issue,Medium,Warehouse staffing shortage reported. Reported at Delhi facility during shift 3.,Open,Bengaluru,warehouse staff shortage report report delhi facility shift
751,Warehouse Issue,Low,Dock congestion slowed warehouse throughput. Reported at Hyderabad facility during shift 1.,Resolved,Bengaluru,dock congestion slow warehouse throughput report hyderabad facility shift
752,Documentation Error,Low,Customs paperwork contained errors. Reported at Chennai facility during shift 2.,Open,Delhi,customs paperwork contain errors report chennai facility shift
753,Shipment Delay,Medium,Carrier scheduling issue caused shipment delay. Reported at Kolkata facility during shift 2.,In Progress,Bengaluru,carrier schedule issue cause shipment delay report kolkata facility shift
754,Documentation Error,Medium,Incorrect shipping documentation submitted. Reported at Mumbai facility during shift 1.,Resolved,Pune,incorrect ship documentation submit report mumbai facility shift
755,Damaged Goods,Medium,Transit vibration caused product defects. Reported at Hyderabad facility during shift 1.,Open,Ahmedabad,transit vibration cause product defect report hyderabad facility shift
756,Transportation Failure,Low,Route planning error delayed movement. Reported at Chennai facility during shift 2.,Resolved,Mumbai,route plan error delay movement report chennai facility shift
757,Documentation Error,Critical,Missing invoice delayed processing. Reported at Hyderabad facility during shift 2.,Resolved,Hyderabad,miss invoice delay process report hyderabad facility shift
758,Documentation Error,Medium,Manifest information incomplete. Reported at Hyderabad facility during shift 3.,In Progress,Ahmedabad,manifest information incomplete report hyderabad facility shift
759,Warehouse Issue,Medium,Warehouse processing backlog reported. Reported at Pune facility during shift 2.,Resolved,Chennai,warehouse process backlog report report pune facility shift
760,Transportation Failure,Medium,Transport route disruption due to road closure. Reported at Hyderabad facility during shift 1.,Open,Bengaluru,transport route disruption due road closure report hyderabad facility shift
761,Warehouse Issue,Medium,Receiving delay impacted warehouse operations. Reported at Kolkata facility during shift 2.,Open,Hyderabad,receive delay impact warehouse operations report kolkata facility shift
762,Inventory Shortage,Medium,Stockout occurred at fulfillment center. Reported at Mumbai facility during shift 2.,In Progress,Mumbai,stockout occur fulfillment center report mumbai facility shift
763,Documentation Error,Medium,Shipping label generated with incorrect address. Reported at Delhi facility during shift 2.,Open,Hyderabad,ship label generate incorrect address report delhi facility shift
764,Inventory Shortage,High,Procurement delay affected inventory availability. Reported at Bengaluru facility during shift 2.,Open,Bengaluru,procurement delay affect inventory availability report bengaluru facility shift
765,Warehouse Issue,Low,Inventory allocation issue detected. Reported at Bengaluru facility during shift 1.,Open,Pune,inventory allocation issue detect report bengaluru facility shift
766,Inventory Shortage,Critical,Unexpected order spike exhausted stock. Reported at Mumbai facility during shift 1.,Resolved,Ahmedabad,unexpected order spike exhaust stock report mumbai facility shift
767,Documentation Error,Medium,Incorrect shipping documentation submitted. Reported at Chennai facility during shift 2.,In Progress,Ahmedabad,incorrect ship documentation submit report chennai facility shift
768,Documentation Error,Low,Manifest information incomplete. Reported at Hyderabad facility during shift 2.,Resolved,Hyderabad,manifest information incomplete report hyderabad facility shift
769,Transportation Failure,Medium,Logistics partner experienced operational failure. Reported at Delhi facility during shift 1.,In Progress,Ahmedabad,logistics partner experience operational failure report delhi facility shift
770,Documentation Error,High,Incorrect shipping documentation submitted. Reported at Pune facility during shift 2.,Open,Ahmedabad,incorrect ship documentation submit report pune facility shift
771,Shipment Delay,Medium,Dispatch process delayed at origin facility. Reported at Ahmedabad facility during shift 2.,Open,Bengaluru,dispatch process delay origin facility report ahmedabad facility shift
772,Transportation Failure,Medium,Route planning error delayed movement. Reported at Mumbai facility during shift 2.,In Progress,Delhi,route plan error delay movement report mumbai facility shift
773,Documentation Error,Medium,Required compliance document missing. Reported at Bengaluru facility during shift 2.,Resolved,Pune,require compliance document miss report bengaluru facility shift
774,Damaged Goods,Low,Goods arrived with visible damage. Reported at Ahmedabad facility during shift 2.,Resolved,Pune,goods arrive visible damage report ahmedabad facility shift
775,Damaged Goods,Medium,Transit vibration caused product defects. Reported at Kolkata facility during shift 2.,Resolved,Delhi,transit vibration cause product defect report kolkata facility shift
776,Documentation Error,High,Missing certificate delayed shipment release. Reported at Bengaluru facility during shift 1.,Open,Kolkata,miss certificate delay shipment release report bengaluru facility shift
777,Warehouse Issue,High,Order picking queue exceeded capacity. Reported at Bengaluru facility during shift 1.,Resolved,Delhi,order pick queue exceed capacity report bengaluru facility shift
778,Transportation Failure,Medium,Third-party carrier cancelled shipment booking. Reported at Chennai facility during shift 1.,Open,Pune,thirdparty carrier cancel shipment book report chennai facility shift
779,Warehouse Issue,Medium,Warehouse management system outage reported. Reported at Hyderabad facility during shift 2.,Resolved,Chennai,warehouse management system outage report report hyderabad facility shift
780,Transportation Failure,Low,Transport route disruption due to road closure. Reported at Delhi facility during shift 1.,In Progress,Ahmedabad,transport route disruption due road closure report delhi facility shift
781,Warehouse Issue,High,Dock congestion slowed warehouse throughput. Reported at Mumbai facility during shift 2.,In Progress,Pune,dock congestion slow warehouse throughput report mumbai facility shift
782,Damaged Goods,Low,Temperature excursion affected product quality. Reported at Hyderabad facility during shift 2.,Open,Pune,temperature excursion affect product quality report hyderabad facility shift
783,Warehouse Issue,Medium,Dock congestion slowed warehouse throughput. Reported at Bengaluru facility during shift 3.,Resolved,Delhi,dock congestion slow warehouse throughput report bengaluru facility shift
784,Warehouse Issue,Medium,Inventory allocation issue detected. Reported at Pune facility during shift 2.,In Progress,Ahmedabad,inventory allocation issue detect report pune facility shift
785,Shipment Delay,Medium,Delivery delayed due to traffic disruption. Reported at Hyderabad facility during shift 2.,Open,Delhi,delivery delay due traffic disruption report hyderabad facility shift
786,Customs Issue,Medium,Shipment selected for random inspection. Reported at Pune facility during shift 2.,Resolved,Kolkata,shipment select random inspection report pune facility shift
787,Warehouse Issue,Low,Order consolidation process delayed shipment. Reported at Mumbai facility during shift 1.,Open,Pune,order consolidation process delay shipment report mumbai facility shift
788,Damaged Goods,Low,Fragile goods mishandled during unloading. Reported at Hyderabad facility during shift 3.,Resolved,Kolkata,fragile goods mishandle unload report hyderabad facility shift
789,Damaged Goods,High,Receiving inspection identified damaged goods. Reported at Ahmedabad facility during shift 2.,Resolved,Ahmedabad,receive inspection identify damage goods report ahmedabad facility shift
790,Transportation Failure,Low,Carrier failed to pick up shipment. Reported at Delhi facility during shift 1.,Open,Hyderabad,carrier fail pick shipment report delhi facility shift
791,Customs Issue,Low,Regulatory approval pending clearance. Reported at Mumbai facility during shift 1.,Open,Mumbai,regulatory approval pending clearance report mumbai facility shift
792,Shipment Delay,Low,Mechanical failure delayed freight movement. Reported at Ahmedabad facility during shift 3.,In Progress,Mumbai,mechanical failure delay freight movement report ahmedabad facility shift
793,Shipment Delay,Medium,Carrier scheduling issue caused shipment delay. Reported at Delhi facility during shift 1.,In Progress,Hyderabad,carrier schedule issue cause shipment delay report delhi facility shift
794,Inventory Shortage,Medium,Demand exceeded available stock levels. Reported at Hyderabad facility during shift 2.,Open,Delhi,demand exceed available stock level report hyderabad facility shift
795,Shipment Delay,High,Shipment delayed due to customs inspection. Reported at Pune facility during shift 2.,In Progress,Hyderabad,shipment delay due customs inspection report pune facility shift
796,Documentation Error,Medium,Export declaration contained errors. Reported at Delhi facility during shift 3.,Resolved,Ahmedabad,export declaration contain errors report delhi facility shift
797,Customs Issue,Medium,Regulatory approval pending clearance. Reported at Kolkata facility during shift 3.,Resolved,Hyderabad,regulatory approval pending clearance report kolkata facility shift
798,Damaged Goods,Medium,Improper handling caused item breakage. Reported at Bengaluru facility during shift 1.,In Progress,Kolkata,improper handle cause item breakage report bengaluru facility shift
799,Damaged Goods,Low,Goods arrived with visible damage. Reported at Hyderabad facility during shift 1.,Open,Pune,goods arrive visible damage report hyderabad facility shift
800,Damaged Goods,Critical,Improper handling caused item breakage. Reported at Chennai facility during shift 3.,In Progress,Hyderabad,improper handle cause item breakage report chennai facility shift
801,Shipment Delay,Medium,Driver shortage affected transportation schedule. Reported at Kolkata facility during shift 2.,Open,Pune,driver shortage affect transportation schedule report kolkata facility shift
802,Inventory Shortage,Low,Supplier delay created inventory gap. Reported at Kolkata facility during shift 2.,Resolved,Kolkata,supplier delay create inventory gap report kolkata facility shift
803,Warehouse Issue,Low,Order picking queue exceeded capacity. Reported at Bengaluru facility during shift 2.,Resolved,Bengaluru,order pick queue exceed capacity report bengaluru facility shift
804,Documentation Error,Medium,Invoice value discrepancy identified. Reported at Hyderabad facility during shift 2.,Resolved,Hyderabad,invoice value discrepancy identify report hyderabad facility shift
805,Transportation Failure,Low,Logistics partner experienced operational failure. Reported at Mumbai facility during shift 1.,Open,Ahmedabad,logistics partner experience operational failure report mumbai facility shift
806,Documentation Error,Medium,Export declaration contained errors. Reported at Hyderabad facility during shift 3.,Open,Pune,export declaration contain errors report hyderabad facility shift
807,Shipment Delay,Low,Port congestion delayed shipment arrival. Reported at Chennai facility during shift 3.,Open,Hyderabad,port congestion delay shipment arrival report chennai facility shift
808,Damaged Goods,Low,Goods arrived with visible damage. Reported at Ahmedabad facility during shift 3.,Open,Delhi,goods arrive visible damage report ahmedabad facility shift
809,Shipment Delay,Medium,Last-mile delivery partner unavailable. Reported at Bengaluru facility during shift 2.,In Progress,Pune,lastmile delivery partner unavailable report bengaluru facility shift
810,Transportation Failure,Low,Equipment malfunction impacted transport operations. Reported at Chennai facility during shift 2.,Open,Chennai,equipment malfunction impact transport operations report chennai facility shift
811,Damaged Goods,Medium,Warehouse accident damaged stored inventory. Reported at Kolkata facility during shift 1.,Open,Bengaluru,warehouse accident damage store inventory report kolkata facility shift
812,Warehouse Issue,Low,Inventory allocation issue detected. Reported at Kolkata facility during shift 1.,Resolved,Bengaluru,inventory allocation issue detect report kolkata facility shift
813,Transportation Failure,High,Third-party carrier cancelled shipment booking. Reported at Ahmedabad facility during shift 1.,Open,Bengaluru,thirdparty carrier cancel shipment book report ahmedabad facility shift
814,Transportation Failure,Medium,Equipment malfunction impacted transport operations. Reported at Mumbai facility during shift 3.,Open,Ahmedabad,equipment malfunction impact transport operations report mumbai facility shift
815,Transportation Failure,Low,Accident blocked scheduled delivery route. Reported at Hyderabad facility during shift 2.,Resolved,Chennai,accident block schedule delivery route report hyderabad facility shift
816,Customs Issue,Medium,Country-specific restriction affected import. Reported at Mumbai facility during shift 2.,In Progress,Bengaluru,countryspecific restriction affect import report mumbai facility shift
817,Damaged Goods,Low,Receiving inspection identified damaged goods. Reported at Chennai facility during shift 3.,Open,Bengaluru,receive inspection identify damage goods report chennai facility shift
818,Customs Issue,Low,Tariff classification review in progress. Reported at Pune facility during shift 1.,In Progress,Mumbai,tariff classification review progress report pune facility shift
819,Transportation Failure,Critical,Third-party carrier cancelled shipment booking. Reported at Bengaluru facility during shift 1.,Resolved,Ahmedabad,thirdparty carrier cancel shipment book report bengaluru facility shift
820,Customs Issue,High,Border security inspection caused delay. Reported at Delhi facility during shift 2.,Open,Delhi,border security inspection cause delay report delhi facility shift
821,Transportation Failure,Low,Transport route disruption due to road closure. Reported at Pune facility during shift 3.,In Progress,Delhi,transport route disruption due road closure report pune facility shift
822,Customs Issue,Medium,Shipment flagged for compliance audit. Reported at Mumbai facility during shift 1.,In Progress,Pune,shipment flag compliance audit report mumbai facility shift
823,Warehouse Issue,Low,Order consolidation process delayed shipment. Reported at Ahmedabad facility during shift 3.,Resolved,Kolkata,order consolidation process delay shipment report ahmedabad facility shift
824,Damaged Goods,High,Packaging failure led to damaged products. Reported at Delhi facility during shift 2.,In Progress,Ahmedabad,package failure lead damage products report delhi facility shift
825,Documentation Error,Medium,Required compliance document missing. Reported at Ahmedabad facility during shift 1.,Resolved,Pune,require compliance document miss report ahmedabad facility shift
826,Damaged Goods,High,Packaging failure led to damaged products. Reported at Ahmedabad facility during shift 2.,Resolved,Delhi,package failure lead damage products report ahmedabad facility shift
827,Shipment Delay,Low,Cargo loading completed behind schedule. Reported at Delhi facility during shift 2.,In Progress,Pune,cargo load complete behind schedule report delhi facility shift
828,Transportation Failure,Low,Delivery vehicle breakdown reported. Reported at Kolkata facility during shift 3.,Open,Pune,delivery vehicle breakdown report report kolkata facility shift
829,Warehouse Issue,High,Cycle count discrepancy identified. Reported at Bengaluru facility during shift 2.,Resolved,Kolkata,cycle count discrepancy identify report bengaluru facility shift
830,Inventory Shortage,Low,Backordered items unavailable for dispatch. Reported at Ahmedabad facility during shift 3.,In Progress,Pune,backordered items unavailable dispatch report ahmedabad facility shift
831,Transportation Failure,Low,Accident blocked scheduled delivery route. Reported at Pune facility during shift 1.,Resolved,Mumbai,accident block schedule delivery route report pune facility shift
832,Shipment Delay,High,Holiday demand surge caused shipping delays. Reported at Delhi facility during shift 1.,Open,Mumbai,holiday demand surge cause ship delay report delhi facility shift
833,Transportation Failure,Medium,Logistics partner experienced operational failure. Reported at Mumbai facility during shift 1.,In Progress,Ahmedabad,logistics partner experience operational failure report mumbai facility shift
834,Documentation Error,Medium,Documentation approval pending correction. Reported at Hyderabad facility during shift 1.,Resolved,Mumbai,documentation approval pending correction report hyderabad facility shift
835,Shipment Delay,Medium,Mechanical failure delayed freight movement. Reported at Bengaluru facility during shift 3.,Open,Ahmedabad,mechanical failure delay freight movement report bengaluru facility shift
836,Warehouse Issue,Medium,Dock congestion slowed warehouse throughput. Reported at Chennai facility during shift 2.,In Progress,Pune,dock congestion slow warehouse throughput report chennai facility shift
837,Warehouse Issue,Low,Put-away process delayed inventory availability. Reported at Chennai facility during shift 3.,Open,Mumbai,putaway process delay inventory availability report chennai facility shift
838,Warehouse Issue,Critical,Inventory allocation issue detected. Reported at Mumbai facility during shift 1.,Open,Mumbai,inventory allocation issue detect report mumbai facility shift
839,Customs Issue,Low,Border inspection extended shipment hold. Reported at Kolkata facility during shift 1.,Resolved,Bengaluru,border inspection extend shipment hold report kolkata facility shift
840,Documentation Error,High,Missing certificate delayed shipment release. Reported at Delhi facility during shift 3.,In Progress,Mumbai,miss certificate delay shipment release report delhi facility shift
841,Warehouse Issue,Medium,Dock congestion slowed warehouse throughput. Reported at Pune facility during shift 3.,Resolved,Kolkata,dock congestion slow warehouse throughput report pune facility shift
842,Shipment Delay,Medium,Port congestion delayed shipment arrival. Reported at Delhi facility during shift 3.,In Progress,Delhi,port congestion delay shipment arrival report delhi facility shift
843,Documentation Error,Critical,Documentation approval pending correction. Reported at Ahmedabad facility during shift 2.,Resolved,Pune,documentation approval pending correction report ahmedabad facility shift
844,Warehouse Issue,Medium,Receiving delay impacted warehouse operations. Reported at Kolkata facility during shift 3.,Resolved,Pune,receive delay impact warehouse operations report kolkata facility shift
845,Documentation Error,High,Bill of lading information mismatch detected. Reported at Bengaluru facility during shift 2.,Resolved,Hyderabad,bill lade information mismatch detect report bengaluru facility shift
846,Damaged Goods,Low,Improper handling caused item breakage. Reported at Ahmedabad facility during shift 2.,Open,Hyderabad,improper handle cause item breakage report ahmedabad facility shift
847,Documentation Error,Low,Incorrect shipping documentation submitted. Reported at Delhi facility during shift 2.,Open,Bengaluru,incorrect ship documentation submit report delhi facility shift
848,Warehouse Issue,High,Receiving delay impacted warehouse operations. Reported at Chennai facility during shift 3.,Resolved,Delhi,receive delay impact warehouse operations report chennai facility shift
849,Shipment Delay,Low,Shipment delayed due to customs inspection. Reported at Ahmedabad facility during shift 2.,In Progress,Pune,shipment delay due customs inspection report ahmedabad facility shift
850,Documentation Error,High,Bill of lading information mismatch detected. Reported at Bengaluru facility during shift 2.,Open,Kolkata,bill lade information mismatch detect report bengaluru facility shift
851,Documentation Error,Low,Shipping label generated with incorrect address. Reported at Bengaluru facility during shift 3.,In Progress,Ahmedabad,ship label generate incorrect address report bengaluru facility shift
852,Inventory Shortage,Medium,Inventory forecast underestimated demand. Reported at Mumbai facility during shift 3.,Open,Kolkata,inventory forecast underestimate demand report mumbai facility shift
853,Shipment Delay,Medium,Driver shortage affected transportation schedule. Reported at Chennai facility during shift 2.,In Progress,Kolkata,driver shortage affect transportation schedule report chennai facility shift
854,Warehouse Issue,Medium,Picking error occurred in warehouse. Reported at Bengaluru facility during shift 3.,Resolved,Chennai,pick error occur warehouse report bengaluru facility shift
855,Customs Issue,Medium,Shipment selected for random inspection. Reported at Kolkata facility during shift 1.,Open,Pune,shipment select random inspection report kolkata facility shift
856,Documentation Error,Medium,Documentation approval pending correction. Reported at Delhi facility during shift 2.,Open,Delhi,documentation approval pending correction report delhi facility shift
857,Shipment Delay,High,Shipment rerouted causing additional transit time. Reported at Kolkata facility during shift 2.,Resolved,Mumbai,shipment rerouted cause additional transit time report kolkata facility shift
858,Inventory Shortage,Low,Supplier delay created inventory gap. Reported at Hyderabad facility during shift 2.,In Progress,Mumbai,supplier delay create inventory gap report hyderabad facility shift
859,Transportation Failure,Medium,Route planning error delayed movement. Reported at Chennai facility during shift 3.,Open,Kolkata,route plan error delay movement report chennai facility shift
860,Documentation Error,Medium,Purchase order details inconsistent. Reported at Delhi facility during shift 1.,Open,Ahmedabad,purchase order detail inconsistent report delhi facility shift
861,Transportation Failure,Medium,Accident blocked scheduled delivery route. Reported at Bengaluru facility during shift 3.,Resolved,Bengaluru,accident block schedule delivery route report bengaluru facility shift
862,Inventory Shortage,Medium,Product unavailable due to inventory mismatch. Reported at Hyderabad facility during shift 2.,Resolved,Mumbai,product unavailable due inventory mismatch report hyderabad facility shift
863,Shipment Delay,Medium,Shipment rerouted causing additional transit time. Reported at Kolkata facility during shift 2.,Open,Pune,shipment rerouted cause additional transit time report kolkata facility shift
864,Damaged Goods,Low,Container impact damaged shipment contents. Reported at Chennai facility during shift 2.,In Progress,Ahmedabad,container impact damage shipment content report chennai facility shift
865,Documentation Error,Critical,Customs paperwork contained errors. Reported at Ahmedabad facility during shift 1.,Open,Bengaluru,customs paperwork contain errors report ahmedabad facility shift
866,Customs Issue,High,Customs requested additional documentation. Reported at Delhi facility during shift 3.,Open,Chennai,customs request additional documentation report delhi facility shift
867,Inventory Shortage,Low,Cycle count revealed stock deficiency. Reported at Delhi facility during shift 2.,Resolved,Mumbai,cycle count reveal stock deficiency report delhi facility shift
868,Damaged Goods,Medium,Improper handling caused item breakage. Reported at Ahmedabad facility during shift 1.,Resolved,Bengaluru,improper handle cause item breakage report ahmedabad facility shift
869,Inventory Shortage,Medium,Backordered items unavailable for dispatch. Reported at Hyderabad facility during shift 3.,Resolved,Delhi,backordered items unavailable dispatch report hyderabad facility shift
870,Customs Issue,Medium,Regulatory approval pending clearance. Reported at Chennai facility during shift 2.,Resolved,Chennai,regulatory approval pending clearance report chennai facility shift
871,Damaged Goods,Low,Goods arrived with visible damage. Reported at Chennai facility during shift 2.,Resolved,Hyderabad,goods arrive visible damage report chennai facility shift
872,Shipment Delay,Medium,Last-mile delivery partner unavailable. Reported at Chennai facility during shift 1.,In Progress,Pune,lastmile delivery partner unavailable report chennai facility shift
873,Warehouse Issue,High,Picking error occurred in warehouse. Reported at Chennai facility during shift 2.,Resolved,Kolkata,pick error occur warehouse report chennai facility shift
874,Inventory Shortage,Medium,Supplier delay created inventory gap. Reported at Mumbai facility during shift 2.,Resolved,Mumbai,supplier delay create inventory gap report mumbai facility shift
875,Inventory Shortage,Critical,Demand exceeded available stock levels. Reported at Ahmedabad facility during shift 3.,Open,Chennai,demand exceed available stock level report ahmedabad facility shift
876,Inventory Shortage,Medium,Warehouse unable to fulfill requested quantity. Reported at Hyderabad facility during shift 2.,Resolved,Delhi,warehouse unable fulfill request quantity report hyderabad facility shift
877,Shipment Delay,Medium,Container missed connecting vessel. Reported at Pune facility during shift 2.,Open,Hyderabad,container miss connect vessel report pune facility shift
878,Warehouse Issue,High,Warehouse stock mismatch identified. Reported at Hyderabad facility during shift 2.,Open,Hyderabad,warehouse stock mismatch identify report hyderabad facility shift
879,Inventory Shortage,Medium,Inventory replenishment delayed. Reported at Pune facility during shift 2.,Open,Kolkata,inventory replenishment delay report pune facility shift
880,Documentation Error,Low,Missing certificate delayed shipment release. Reported at Bengaluru facility during shift 2.,Open,Kolkata,miss certificate delay shipment release report bengaluru facility shift
881,Damaged Goods,Medium,Receiving inspection identified damaged goods. Reported at Pune facility during shift 2.,Open,Delhi,receive inspection identify damage goods report pune facility shift
882,Documentation Error,Medium,Labeling information did not match shipment. Reported at Bengaluru facility during shift 1.,Resolved,Delhi,label information match shipment report bengaluru facility shift
883,Transportation Failure,Critical,Trailer availability issue delayed dispatch. Reported at Delhi facility during shift 3.,Open,Pune,trailer availability issue delay dispatch report delhi facility shift
884,Shipment Delay,Medium,Cargo loading completed behind schedule. Reported at Mumbai facility during shift 1.,Open,Chennai,cargo load complete behind schedule report mumbai facility shift
885,Warehouse Issue,Medium,Receiving delay impacted warehouse operations. Reported at Kolkata facility during shift 2.,Resolved,Hyderabad,receive delay impact warehouse operations report kolkata facility shift
886,Inventory Shortage,Low,Unexpected order spike exhausted stock. Reported at Bengaluru facility during shift 1.,Open,Hyderabad,unexpected order spike exhaust stock report bengaluru facility shift
887,Documentation Error,Low,Documentation approval pending correction. Reported at Bengaluru facility during shift 3.,Resolved,Chennai,documentation approval pending correction report bengaluru facility shift
888,Damaged Goods,Medium,Product packaging torn during loading. Reported at Ahmedabad facility during shift 1.,Resolved,Ahmedabad,product package tear load report ahmedabad facility shift
889,Customs Issue,High,Customs valuation dispute identified. Reported at Pune facility during shift 1.,In Progress,Ahmedabad,customs valuation dispute identify report pune facility shift
890,Inventory Shortage,Low,Inventory replenishment delayed. Reported at Bengaluru facility during shift 1.,Open,Hyderabad,inventory replenishment delay report bengaluru facility shift
891,Transportation Failure,Low,Logistics partner experienced operational failure. Reported at Bengaluru facility during shift 1.,In Progress,Ahmedabad,logistics partner experience operational failure report bengaluru facility shift
892,Customs Issue,Medium,Customs requested additional documentation. Reported at Ahmedabad facility during shift 1.,Open,Kolkata,customs request additional documentation report ahmedabad facility shift
893,Customs Issue,Critical,Customs requested additional documentation. Reported at Kolkata facility during shift 3.,Resolved,Chennai,customs request additional documentation report kolkata facility shift
894,Documentation Error,High,Missing invoice delayed processing. Reported at Ahmedabad facility during shift 2.,Open,Bengaluru,miss invoice delay process report ahmedabad facility shift
895,Documentation Error,Low,Labeling information did not match shipment. Reported at Kolkata facility during shift 3.,In Progress,Chennai,label information match shipment report kolkata facility shift
896,Inventory Shortage,High,Stockout occurred at fulfillment center. Reported at Ahmedabad facility during shift 2.,In Progress,Ahmedabad,stockout occur fulfillment center report ahmedabad facility shift
897,Inventory Shortage,Critical,Supplier delay created inventory gap. Reported at Hyderabad facility during shift 3.,Resolved,Delhi,supplier delay create inventory gap report hyderabad facility shift
898,Transportation Failure,High,Transportation network disruption reported. Reported at Ahmedabad facility during shift 1.,Open,Delhi,transportation network disruption report report ahmedabad facility shift
899,Warehouse Issue,Medium,Cycle count discrepancy identified. Reported at Delhi facility during shift 2.,In Progress,Chennai,cycle count discrepancy identify report delhi facility shift
900,Inventory Shortage,Low,Inventory forecast underestimated demand. Reported at Bengaluru facility during shift 2.,In Progress,Delhi,inventory forecast underestimate demand report bengaluru facility shift
901,Customs Issue,Low,Regulatory approval pending clearance. Reported at Mumbai facility during shift 1.,In Progress,Pune,regulatory approval pending clearance report mumbai facility shift
902,Shipment Delay,High,Cargo loading completed behind schedule. Reported at Kolkata facility during shift 3.,Resolved,Delhi,cargo load complete behind schedule report kolkata facility shift
903,Transportation Failure,High,Transportation vendor system outage reported. Reported at Kolkata facility during shift 1.,In Progress,Delhi,transportation vendor system outage report report kolkata facility shift
904,Inventory Shortage,High,Inventory reservation conflict identified. Reported at Delhi facility during shift 1.,Open,Kolkata,inventory reservation conflict identify report delhi facility shift
905,Damaged Goods,Medium,Shipment contents damaged in transit. Reported at Ahmedabad facility during shift 2.,Open,Delhi,shipment content damage transit report ahmedabad facility shift
906,Inventory Shortage,Medium,Warehouse stock shortage detected. Reported at Hyderabad facility during shift 1.,In Progress,Chennai,warehouse stock shortage detect report hyderabad facility shift
907,Documentation Error,Low,Shipping label generated with incorrect address. Reported at Ahmedabad facility during shift 1.,Resolved,Ahmedabad,ship label generate incorrect address report ahmedabad facility shift
908,Transportation Failure,Medium,Fuel supply issue interrupted transportation. Reported at Ahmedabad facility during shift 1.,Open,Bengaluru,fuel supply issue interrupt transportation report ahmedabad facility shift
909,Documentation Error,Low,Required compliance document missing. Reported at Bengaluru facility during shift 1.,Open,Pune,require compliance document miss report bengaluru facility shift
910,Shipment Delay,Medium,Port congestion delayed shipment arrival. Reported at Chennai facility during shift 3.,Resolved,Hyderabad,port congestion delay shipment arrival report chennai facility shift
911,Damaged Goods,Low,Receiving inspection identified damaged goods. Reported at Mumbai facility during shift 1.,Open,Delhi,receive inspection identify damage goods report mumbai facility shift
912,Customs Issue,High,Regulatory verification delayed release. Reported at Delhi facility during shift 2.,In Progress,Chennai,regulatory verification delay release report delhi facility shift
913,Shipment Delay,Medium,Driver shortage affected transportation schedule. Reported at Hyderabad facility during shift 2.,In Progress,Mumbai,driver shortage affect transportation schedule report hyderabad facility shift
914,Warehouse Issue,Medium,Order picking queue exceeded capacity. Reported at Mumbai facility during shift 2.,Open,Hyderabad,order pick queue exceed capacity report mumbai facility shift
915,Damaged Goods,Low,Temperature excursion affected product quality. Reported at Kolkata facility during shift 3.,Open,Chennai,temperature excursion affect product quality report kolkata facility shift
916,Shipment Delay,High,Rail transport delay impacted delivery timeline. Reported at Mumbai facility during shift 2.,Resolved,Hyderabad,rail transport delay impact delivery timeline report mumbai facility shift
917,Transportation Failure,Medium,Route planning error delayed movement. Reported at Pune facility during shift 2.,Resolved,Pune,route plan error delay movement report pune facility shift
918,Inventory Shortage,High,Cycle count revealed stock deficiency. Reported at Ahmedabad facility during shift 3.,In Progress,Ahmedabad,cycle count reveal stock deficiency report ahmedabad facility shift
919,Warehouse Issue,Low,Storage location information incorrect. Reported at Bengaluru facility during shift 3.,Open,Chennai,storage location information incorrect report bengaluru facility shift
920,Shipment Delay,High,Shipment delayed due to customs inspection. Reported at Ahmedabad facility during shift 3.,Resolved,Bengaluru,shipment delay due customs inspection report ahmedabad facility shift
921,Warehouse Issue,Low,Cycle count discrepancy identified. Reported at Kolkata facility during shift 2.,In Progress,Bengaluru,cycle count discrepancy identify report kolkata facility shift
922,Shipment Delay,Low,Shipment rerouted causing additional transit time. Reported at Bengaluru facility during shift 3.,Open,Hyderabad,shipment rerouted cause additional transit time report bengaluru facility shift
923,Damaged Goods,Low,Temperature excursion affected product quality. Reported at Pune facility during shift 1.,In Progress,Pune,temperature excursion affect product quality report pune facility shift
924,Transportation Failure,Low,Equipment malfunction impacted transport operations. Reported at Chennai facility during shift 1.,In Progress,Ahmedabad,equipment malfunction impact transport operations report chennai facility shift
925,Transportation Failure,Low,Third-party carrier cancelled shipment booking. Reported at Chennai facility during shift 3.,Open,Ahmedabad,thirdparty carrier cancel shipment book report chennai facility shift
926,Warehouse Issue,High,Inventory misplaced within storage area. Reported at Pune facility during shift 2.,In Progress,Chennai,inventory misplace within storage area report pune facility shift
927,Warehouse Issue,High,Inventory misplaced within storage area. Reported at Hyderabad facility during shift 3.,In Progress,Chennai,inventory misplace within storage area report hyderabad facility shift
928,Inventory Shortage,Low,Cycle count revealed stock deficiency. Reported at Pune facility during shift 2.,Open,Hyderabad,cycle count reveal stock deficiency report pune facility shift
929,Warehouse Issue,Medium,Warehouse stock mismatch identified. Reported at Pune facility during shift 2.,Open,Kolkata,warehouse stock mismatch identify report pune facility shift
930,Inventory Shortage,High,Cycle count revealed stock deficiency. Reported at Mumbai facility during shift 2.,In Progress,Chennai,cycle count reveal stock deficiency report mumbai facility shift
931,Damaged Goods,High,Pallet collapse resulted in product damage. Reported at Mumbai facility during shift 2.,In Progress,Ahmedabad,pallet collapse result product damage report mumbai facility shift
932,Warehouse Issue,Medium,Inventory allocation issue detected. Reported at Bengaluru facility during shift 3.,Open,Pune,inventory allocation issue detect report bengaluru facility shift
933,Warehouse Issue,Medium,Warehouse stock mismatch identified. Reported at Bengaluru facility during shift 1.,Open,Ahmedabad,warehouse stock mismatch identify report bengaluru facility shift
934,Documentation Error,Critical,Customs paperwork contained errors. Reported at Bengaluru facility during shift 2.,Resolved,Hyderabad,customs paperwork contain errors report bengaluru facility shift
935,Warehouse Issue,High,Receiving delay impacted warehouse operations. Reported at Delhi facility during shift 1.,Resolved,Delhi,receive delay impact warehouse operations report delhi facility shift
936,Inventory Shortage,Medium,Procurement delay affected inventory availability. Reported at Chennai facility during shift 2.,Resolved,Mumbai,procurement delay affect inventory availability report chennai facility shift
937,Shipment Delay,High,Carrier scheduling issue caused shipment delay. Reported at Chennai facility during shift 3.,Open,Pune,carrier schedule issue cause shipment delay report chennai facility shift
938,Transportation Failure,Medium,Trailer availability issue delayed dispatch. Reported at Chennai facility during shift 1.,Resolved,Hyderabad,trailer availability issue delay dispatch report chennai facility shift
939,Shipment Delay,High,Rail transport delay impacted delivery timeline. Reported at Hyderabad facility during shift 3.,In Progress,Bengaluru,rail transport delay impact delivery timeline report hyderabad facility shift
940,Inventory Shortage,Medium,Stockout occurred at fulfillment center. Reported at Hyderabad facility during shift 3.,In Progress,Mumbai,stockout occur fulfillment center report hyderabad facility shift
941,Damaged Goods,Low,Goods arrived with visible damage. Reported at Delhi facility during shift 2.,Resolved,Mumbai,goods arrive visible damage report delhi facility shift
942,Inventory Shortage,Medium,Backordered items unavailable for dispatch. Reported at Pune facility during shift 3.,Open,Hyderabad,backordered items unavailable dispatch report pune facility shift
943,Documentation Error,Medium,Bill of lading information mismatch detected. Reported at Delhi facility during shift 1.,In Progress,Ahmedabad,bill lade information mismatch detect report delhi facility shift
944,Shipment Delay,Critical,Port congestion delayed shipment arrival. Reported at Chennai facility during shift 2.,Open,Mumbai,port congestion delay shipment arrival report chennai facility shift
945,Transportation Failure,Medium,Delivery vehicle breakdown reported. Reported at Mumbai facility during shift 2.,Resolved,Ahmedabad,delivery vehicle breakdown report report mumbai facility shift
946,Documentation Error,High,Incorrect consignee information provided. Reported at Hyderabad facility during shift 2.,Resolved,Mumbai,incorrect consignee information provide report hyderabad facility shift
947,Warehouse Issue,Low,Space constraint affected storage operations. Reported at Ahmedabad facility during shift 3.,Resolved,Ahmedabad,space constraint affect storage operations report ahmedabad facility shift
948,Shipment Delay,Medium,Last-mile delivery partner unavailable. Reported at Hyderabad facility during shift 3.,In Progress,Ahmedabad,lastmile delivery partner unavailable report hyderabad facility shift
949,Inventory Shortage,Low,Demand exceeded available stock levels. Reported at Delhi facility during shift 3.,In Progress,Kolkata,demand exceed available stock level report delhi facility shift
950,Inventory Shortage,Medium,Procurement delay affected inventory availability. Reported at Pune facility during shift 2.,Open,Mumbai,procurement delay affect inventory availability report pune facility shift
951,Transportation Failure,Medium,Transport route disruption due to road closure. Reported at Pune facility during shift 2.,Open,Hyderabad,transport route disruption due road closure report pune facility shift
952,Warehouse Issue,Low,Receiving delay impacted warehouse operations. Reported at Delhi facility during shift 3.,Resolved,Mumbai,receive delay impact warehouse operations report delhi facility shift
953,Damaged Goods,Medium,Temperature excursion affected product quality. Reported at Mumbai facility during shift 2.,In Progress,Kolkata,temperature excursion affect product quality report mumbai facility shift
954,Inventory Shortage,Low,Cycle count revealed stock deficiency. Reported at Bengaluru facility during shift 3.,In Progress,Kolkata,cycle count reveal stock deficiency report bengaluru facility shift
955,Shipment Delay,Medium,Container missed connecting vessel. Reported at Bengaluru facility during shift 3.,In Progress,Pune,container miss connect vessel report bengaluru facility shift
956,Documentation Error,Medium,Data entry error impacted shipment records. Reported at Bengaluru facility during shift 1.,Open,Ahmedabad,data entry error impact shipment record report bengaluru facility shift
957,Shipment Delay,Medium,Rail transport delay impacted delivery timeline. Reported at Ahmedabad facility during shift 2.,In Progress,Delhi,rail transport delay impact delivery timeline report ahmedabad facility shift
958,Damaged Goods,Low,Pallet collapse resulted in product damage. Reported at Mumbai facility during shift 3.,Resolved,Kolkata,pallet collapse result product damage report mumbai facility shift
959,Damaged Goods,Low,Improper handling caused item breakage. Reported at Chennai facility during shift 1.,Open,Chennai,improper handle cause item breakage report chennai facility shift
960,Warehouse Issue,Medium,Storage location information incorrect. Reported at Delhi facility during shift 2.,In Progress,Ahmedabad,storage location information incorrect report delhi facility shift
961,Inventory Shortage,Medium,Demand exceeded available stock levels. Reported at Pune facility during shift 2.,Resolved,Hyderabad,demand exceed available stock level report pune facility shift
962,Transportation Failure,Medium,Equipment malfunction impacted transport operations. Reported at Pune facility during shift 1.,Resolved,Kolkata,equipment malfunction impact transport operations report pune facility shift
963,Warehouse Issue,Medium,Storage location information incorrect. Reported at Hyderabad facility during shift 1.,Resolved,Chennai,storage location information incorrect report hyderabad facility shift
964,Shipment Delay,High,Dispatch process delayed at origin facility. Reported at Pune facility during shift 1.,Open,Bengaluru,dispatch process delay origin facility report pune facility shift
965,Transportation Failure,Medium,Equipment malfunction impacted transport operations. Reported at Kolkata facility during shift 3.,In Progress,Kolkata,equipment malfunction impact transport operations report kolkata facility shift
966,Transportation Failure,Low,Fuel supply issue interrupted transportation. Reported at Bengaluru facility during shift 3.,Open,Bengaluru,fuel supply issue interrupt transportation report bengaluru facility shift
967,Documentation Error,Low,Purchase order details inconsistent. Reported at Pune facility during shift 2.,Resolved,Delhi,purchase order detail inconsistent report pune facility shift
968,Inventory Shortage,Low,Warehouse stock shortage detected. Reported at Mumbai facility during shift 3.,Resolved,Ahmedabad,warehouse stock shortage detect report mumbai facility shift
969,Customs Issue,Low,Tariff classification review in progress. Reported at Delhi facility during shift 1.,In Progress,Ahmedabad,tariff classification review progress report delhi facility shift
970,Warehouse Issue,Low,Put-away process delayed inventory availability. Reported at Kolkata facility during shift 3.,Resolved,Kolkata,putaway process delay inventory availability report kolkata facility shift
971,Documentation Error,Medium,Manifest information incomplete. Reported at Ahmedabad facility during shift 2.,Open,Kolkata,manifest information incomplete report ahmedabad facility shift
972,Documentation Error,Low,Incorrect shipping documentation submitted. Reported at Ahmedabad facility during shift 3.,Resolved,Hyderabad,incorrect ship documentation submit report ahmedabad facility shift
973,Transportation Failure,Critical,Trailer availability issue delayed dispatch. Reported at Pune facility during shift 1.,Resolved,Ahmedabad,trailer availability issue delay dispatch report pune facility shift
974,Customs Issue,Medium,Customs requested additional documentation. Reported at Mumbai facility during shift 3.,Resolved,Mumbai,customs request additional documentation report mumbai facility shift
975,Inventory Shortage,Medium,Procurement delay affected inventory availability. Reported at Hyderabad facility during shift 2.,Resolved,Mumbai,procurement delay affect inventory availability report hyderabad facility shift
976,Inventory Shortage,Medium,Inventory forecast underestimated demand. Reported at Mumbai facility during shift 3.,Resolved,Hyderabad,inventory forecast underestimate demand report mumbai facility shift
977,Documentation Error,High,Incorrect shipping documentation submitted. Reported at Pune facility during shift 3.,In Progress,Ahmedabad,incorrect ship documentation submit report pune facility shift
978,Documentation Error,High,Shipping label generated with incorrect address. Reported at Ahmedabad facility during shift 3.,In Progress,Pune,ship label generate incorrect address report ahmedabad facility shift
979,Warehouse Issue,Low,Inventory allocation issue detected. Reported at Hyderabad facility during shift 1.,Resolved,Hyderabad,inventory allocation issue detect report hyderabad facility shift
980,Customs Issue,Medium,Shipment selected for random inspection. Reported at Hyderabad facility during shift 1.,Resolved,Delhi,shipment select random inspection report hyderabad facility shift
981,Documentation Error,Medium,Incorrect shipping documentation submitted. Reported at Hyderabad facility during shift 3.,In Progress,Ahmedabad,incorrect ship documentation submit report hyderabad facility shift
982,Shipment Delay,Low,Port congestion delayed shipment arrival. Reported at Mumbai facility during shift 2.,Resolved,Hyderabad,port congestion delay shipment arrival report mumbai facility shift
983,Damaged Goods,High,Transit vibration caused product defects. Reported at Hyderabad facility during shift 1.,Resolved,Delhi,transit vibration cause product defect report hyderabad facility shift
984,Documentation Error,Medium,Data entry error impacted shipment records. Reported at Delhi facility during shift 3.,Open,Hyderabad,data entry error impact shipment record report delhi facility shift
985,Warehouse Issue,Low,Put-away process delayed inventory availability. Reported at Bengaluru facility during shift 2.,Resolved,Chennai,putaway process delay inventory availability report bengaluru facility shift
986,Damaged Goods,Critical,Product packaging torn during loading. Reported at Delhi facility during shift 3.,Open,Ahmedabad,product package tear load report delhi facility shift
987,Warehouse Issue,Medium,Order picking queue exceeded capacity. Reported at Kolkata facility during shift 1.,Resolved,Delhi,order pick queue exceed capacity report kolkata facility shift
988,Inventory Shortage,Medium,Cycle count revealed stock deficiency. Reported at Pune facility during shift 1.,Open,Chennai,cycle count reveal stock deficiency report pune facility shift
989,Inventory Shortage,Medium,Inventory forecast underestimated demand. Reported at Kolkata facility during shift 2.,Resolved,Bengaluru,inventory forecast underestimate demand report kolkata facility shift
990,Transportation Failure,Low,Accident blocked scheduled delivery route. Reported at Kolkata facility during shift 2.,Resolved,Kolkata,accident block schedule delivery route report kolkata facility shift
991,Shipment Delay,Medium,Carrier scheduling issue caused shipment delay. Reported at Ahmedabad facility during shift 2.,Resolved,Chennai,carrier schedule issue cause shipment delay report ahmedabad facility shift
992,Shipment Delay,Medium,Mechanical failure delayed freight movement. Reported at Pune facility during shift 2.,Resolved,Hyderabad,mechanical failure delay freight movement report pune facility shift
993,Damaged Goods,Low,Shipment contents damaged in transit. Reported at Hyderabad facility during shift 1.,Resolved,Kolkata,shipment content damage transit report hyderabad facility shift
994,Transportation Failure,Medium,Third-party carrier cancelled shipment booking. Reported at Bengaluru facility during shift 3.,Open,Pune,thirdparty carrier cancel shipment book report bengaluru facility shift
995,Customs Issue,Medium,Regulatory approval pending clearance. Reported at Delhi facility during shift 2.,Resolved,Chennai,regulatory approval pending clearance report delhi facility shift
996,Warehouse Issue,Low,Picking error occurred in warehouse. Reported at Chennai facility during shift 2.,Open,Ahmedabad,pick error occur warehouse report chennai facility shift
997,Damaged Goods,Low,Forklift accident damaged inventory. Reported at Hyderabad facility during shift 2.,Open,Mumbai,forklift accident damage inventory report hyderabad facility shift
998,Shipment Delay,Medium,Rail transport delay impacted delivery timeline. Reported at Bengaluru facility during shift 3.,Resolved,Mumbai,rail transport delay impact delivery timeline report bengaluru facility shift
999,Shipment Delay,Medium,Holiday demand surge caused shipping delays. Reported at Delhi facility during shift 2.,Resolved,Delhi,holiday demand surge cause ship delay report delhi facility shift
1000,Shipment Delay,Low,Dispatch process delayed at origin facility. Reported at Delhi facility during shift 2.,Resolved,Mumbai,dispatch process delay origin facility report delhi facility shift
1001,Customs Issue,Medium,Import permit approval pending. Reported at Hyderabad facility during shift 2.,Resolved,Pune,import permit approval pending report hyderabad facility shift
1002,Damaged Goods,High,Goods arrived with visible damage. Reported at Mumbai facility during shift 2.,In Progress,Kolkata,goods arrive visible damage report mumbai facility shift
1003,Damaged Goods,Low,Package damaged during transportation. Reported at Hyderabad facility during shift 2.,Open,Ahmedabad,package damage transportation report hyderabad facility shift
1004,Inventory Shortage,Medium,Cycle count revealed stock deficiency. Reported at Kolkata facility during shift 1.,Open,Delhi,cycle count reveal stock deficiency report kolkata facility shift
1005,Documentation Error,Medium,Invoice value discrepancy identified. Reported at Kolkata facility during shift 1.,Open,Ahmedabad,invoice value discrepancy identify report kolkata facility shift
1006,Customs Issue,Low,Regulatory verification delayed release. Reported at Mumbai facility during shift 1.,Resolved,Hyderabad,regulatory verification delay release report mumbai facility shift
1007,Warehouse Issue,Low,Warehouse management system outage reported. Reported at Chennai facility during shift 2.,Resolved,Chennai,warehouse management system outage report report chennai facility shift
1008,Shipment Delay,Low,Shipment rerouted causing additional transit time. Reported at Kolkata facility during shift 2.,In Progress,Kolkata,shipment rerouted cause additional transit time report kolkata facility shift
1009,Documentation Error,Medium,Incorrect shipping documentation submitted. Reported at Ahmedabad facility during shift 2.,Resolved,Mumbai,incorrect ship documentation submit report ahmedabad facility shift
1010,Documentation Error,Critical,Bill of lading information mismatch detected. Reported at Chennai facility during shift 2.,In Progress,Mumbai,bill lade information mismatch detect report chennai facility shift
1011,Documentation Error,Medium,Labeling information did not match shipment. Reported at Pune facility during shift 2.,In Progress,Chennai,label information match shipment report pune facility shift
1012,Customs Issue,Medium,Customs valuation dispute identified. Reported at Mumbai facility during shift 2.,In Progress,Mumbai,customs valuation dispute identify report mumbai facility shift
1013,Warehouse Issue,Low,Warehouse management system outage reported. Reported at Hyderabad facility during shift 3.,Resolved,Chennai,warehouse management system outage report report hyderabad facility shift
1014,Transportation Failure,Medium,Accident blocked scheduled delivery route. Reported at Bengaluru facility during shift 2.,Open,Pune,accident block schedule delivery route report bengaluru facility shift
1015,Transportation Failure,Low,Transport route disruption due to road closure. Reported at Ahmedabad facility during shift 3.,Open,Bengaluru,transport route disruption due road closure report ahmedabad facility shift
1016,Shipment Delay,Medium,Dispatch process delayed at origin facility. Reported at Bengaluru facility during shift 2.,Resolved,Hyderabad,dispatch process delay origin facility report bengaluru facility shift
1017,Transportation Failure,Low,Transportation vendor system outage reported. Reported at Ahmedabad facility during shift 1.,Open,Pune,transportation vendor system outage report report ahmedabad facility shift
1018,Warehouse Issue,Low,Put-away process delayed inventory availability. Reported at Chennai facility during shift 2.,Resolved,Ahmedabad,putaway process delay inventory availability report chennai facility shift
1019,Customs Issue,Medium,Trade compliance review delayed processing. Reported at Delhi facility during shift 3.,Open,Chennai,trade compliance review delay process report delhi facility shift
1020,Customs Issue,Low,Import documentation under review. Reported at Ahmedabad facility during shift 3.,Resolved,Chennai,import documentation review report ahmedabad facility shift
1021,Inventory Shortage,Low,Procurement delay affected inventory availability. Reported at Delhi facility during shift 1.,Open,Hyderabad,procurement delay affect inventory availability report delhi facility shift
1022,Warehouse Issue,Medium,Space constraint affected storage operations. Reported at Mumbai facility during shift 2.,Resolved,Mumbai,space constraint affect storage operations report mumbai facility shift
1023,Warehouse Issue,Medium,Warehouse staffing shortage reported. Reported at Mumbai facility during shift 1.,Resolved,Bengaluru,warehouse staff shortage report report mumbai facility shift
1024,Shipment Delay,Medium,Driver shortage affected transportation schedule. Reported at Bengaluru facility during shift 2.,Resolved,Kolkata,driver shortage affect transportation schedule report bengaluru facility shift
1025,Damaged Goods,High,Product packaging torn during loading. Reported at Delhi facility during shift 2.,Open,Chennai,product package tear load report delhi facility shift
1026,Documentation Error,Low,Customs paperwork contained errors. Reported at Pune facility during shift 1.,Open,Kolkata,customs paperwork contain errors report pune facility shift
1027,Inventory Shortage,Low,Procurement delay affected inventory availability. Reported at Pune facility during shift 3.,Open,Chennai,procurement delay affect inventory availability report pune facility shift
1028,Inventory Shortage,Low,Product unavailable due to inventory mismatch. Reported at Kolkata facility during shift 1.,In Progress,Mumbai,product unavailable due inventory mismatch report kolkata facility shift
1029,Shipment Delay,High,Shipment delayed due to customs inspection. Reported at Delhi facility during shift 1.,Resolved,Hyderabad,shipment delay due customs inspection report delhi facility shift
1030,Transportation Failure,Low,Equipment malfunction impacted transport operations. Reported at Ahmedabad facility during shift 3.,Open,Hyderabad,equipment malfunction impact transport operations report ahmedabad facility shift
1031,Documentation Error,Critical,Export declaration contained errors. Reported at Kolkata facility during shift 1.,Resolved,Chennai,export declaration contain errors report kolkata facility shift
1032,Documentation Error,Critical,Customs paperwork contained errors. Reported at Ahmedabad facility during shift 3.,Resolved,Hyderabad,customs paperwork contain errors report ahmedabad facility shift
1033,Damaged Goods,Low,Pallet collapse resulted in product damage. Reported at Chennai facility during shift 3.,Open,Mumbai,pallet collapse result product damage report chennai facility shift
1034,Documentation Error,High,Incorrect consignee information provided. Reported at Bengaluru facility during shift 2.,Resolved,Bengaluru,incorrect consignee information provide report bengaluru facility shift
1035,Damaged Goods,High,Package damaged during transportation. Reported at Bengaluru facility during shift 1.,Resolved,Ahmedabad,package damage transportation report bengaluru facility shift
1036,Transportation Failure,Critical,Carrier failed to pick up shipment. Reported at Delhi facility during shift 3.,Open,Pune,carrier fail pick shipment report delhi facility shift
1037,Damaged Goods,Medium,Forklift accident damaged inventory. Reported at Kolkata facility during shift 2.,In Progress,Chennai,forklift accident damage inventory report kolkata facility shift
1038,Shipment Delay,Low,Dispatch process delayed at origin facility. Reported at Chennai facility during shift 3.,Open,Ahmedabad,dispatch process delay origin facility report chennai facility shift
1039,Documentation Error,High,Missing invoice delayed processing. Reported at Mumbai facility during shift 1.,Resolved,Pune,miss invoice delay process report mumbai facility shift
1040,Transportation Failure,High,Logistics partner experienced operational failure. Reported at Pune facility during shift 1.,In Progress,Bengaluru,logistics partner experience operational failure report pune facility shift
1041,Shipment Delay,Medium,Unexpected weather conditions slowed transportation. Reported at Kolkata facility during shift 1.,Open,Mumbai,unexpected weather condition slow transportation report kolkata facility shift
1042,Transportation Failure,High,Route planning error delayed movement. Reported at Ahmedabad facility during shift 1.,Open,Bengaluru,route plan error delay movement report ahmedabad facility shift
1043,Documentation Error,Medium,Export declaration contained errors. Reported at Delhi facility during shift 2.,In Progress,Bengaluru,export declaration contain errors report delhi facility shift
1044,Customs Issue,Medium,Customs requested additional documentation. Reported at Hyderabad facility during shift 1.,Open,Chennai,customs request additional documentation report hyderabad facility shift
1045,Damaged Goods,Medium,Goods arrived with visible damage. Reported at Mumbai facility during shift 2.,Open,Pune,goods arrive visible damage report mumbai facility shift
1046,Inventory Shortage,Low,Warehouse unable to fulfill requested quantity. Reported at Hyderabad facility during shift 3.,Resolved,Delhi,warehouse unable fulfill request quantity report hyderabad facility shift
1047,Documentation Error,Medium,Labeling information did not match shipment. Reported at Bengaluru facility during shift 1.,Resolved,Ahmedabad,label information match shipment report bengaluru facility shift
1048,Warehouse Issue,Low,Warehouse processing backlog reported. Reported at Ahmedabad facility during shift 2.,Resolved,Kolkata,warehouse process backlog report report ahmedabad facility shift
1049,Customs Issue,Medium,Trade compliance review delayed processing. Reported at Bengaluru facility during shift 1.,Resolved,Bengaluru,trade compliance review delay process report bengaluru facility shift
1050,Documentation Error,Critical,Customs paperwork contained errors. Reported at Chennai facility during shift 2.,Open,Ahmedabad,customs paperwork contain errors report chennai facility shift
1051,Customs Issue,Medium,Shipment selected for random inspection. Reported at Chennai facility during shift 2.,In Progress,Mumbai,shipment select random inspection report chennai facility shift
1052,Transportation Failure,Medium,Fleet utilization exceeded available capacity. Reported at Bengaluru facility during shift 1.,Open,Kolkata,fleet utilization exceed available capacity report bengaluru facility shift
1053,Inventory Shortage,Low,Inventory replenishment delayed. Reported at Pune facility during shift 2.,Open,Chennai,inventory replenishment delay report pune facility shift
1054,Transportation Failure,High,Accident blocked scheduled delivery route. Reported at Hyderabad facility during shift 1.,Resolved,Chennai,accident block schedule delivery route report hyderabad facility shift
1055,Transportation Failure,Medium,Fleet utilization exceeded available capacity. Reported at Delhi facility during shift 3.,In Progress,Ahmedabad,fleet utilization exceed available capacity report delhi facility shift
1056,Customs Issue,Low,Customs valuation dispute identified. Reported at Chennai facility during shift 3.,Resolved,Pune,customs valuation dispute identify report chennai facility shift
1057,Documentation Error,High,Incorrect shipping documentation submitted. Reported at Hyderabad facility during shift 2.,Resolved,Bengaluru,incorrect ship documentation submit report hyderabad facility shift
1058,Warehouse Issue,High,Dock congestion slowed warehouse throughput. Reported at Mumbai facility during shift 3.,Resolved,Chennai,dock congestion slow warehouse throughput report mumbai facility shift
1059,Documentation Error,Low,Shipping label generated with incorrect address. Reported at Pune facility during shift 1.,In Progress,Ahmedabad,ship label generate incorrect address report pune facility shift
1060,Documentation Error,Low,Incorrect shipping documentation submitted. Reported at Pune facility during shift 2.,Resolved,Mumbai,incorrect ship documentation submit report pune facility shift
1061,Documentation Error,Critical,Data entry error impacted shipment records. Reported at Bengaluru facility during shift 1.,Open,Mumbai,data entry error impact shipment record report bengaluru facility shift
1062,Customs Issue,High,Import permit approval pending. Reported at Bengaluru facility during shift 3.,In Progress,Pune,import permit approval pending report bengaluru facility shift
1063,Damaged Goods,Low,Temperature excursion affected product quality. Reported at Kolkata facility during shift 2.,In Progress,Pune,temperature excursion affect product quality report kolkata facility shift
1064,Transportation Failure,High,Fleet utilization exceeded available capacity. Reported at Mumbai facility during shift 2.,Resolved,Hyderabad,fleet utilization exceed available capacity report mumbai facility shift
1065,Transportation Failure,Critical,Route planning error delayed movement. Reported at Pune facility during shift 3.,Open,Bengaluru,route plan error delay movement report pune facility shift
1066,Transportation Failure,High,Transport route disruption due to road closure. Reported at Mumbai facility during shift 2.,In Progress,Mumbai,transport route disruption due road closure report mumbai facility shift
1067,Shipment Delay,Medium,Port congestion delayed shipment arrival. Reported at Hyderabad facility during shift 1.,In Progress,Delhi,port congestion delay shipment arrival report hyderabad facility shift
1068,Warehouse Issue,Medium,Warehouse processing backlog reported. Reported at Chennai facility during shift 2.,Resolved,Delhi,warehouse process backlog report report chennai facility shift
1069,Transportation Failure,High,Driver unavailable for scheduled route. Reported at Kolkata facility during shift 2.,Open,Hyderabad,driver unavailable schedule route report kolkata facility shift
1070,Inventory Shortage,High,Product unavailable due to inventory mismatch. Reported at Chennai facility during shift 1.,Resolved,Pune,product unavailable due inventory mismatch report chennai facility shift
1071,Transportation Failure,Medium,Route planning error delayed movement. Reported at Pune facility during shift 3.,In Progress,Ahmedabad,route plan error delay movement report pune facility shift
1072,Documentation Error,Medium,Missing certificate delayed shipment release. Reported at Ahmedabad facility during shift 2.,Open,Hyderabad,miss certificate delay shipment release report ahmedabad facility shift
1073,Inventory Shortage,Medium,Unexpected order spike exhausted stock. Reported at Hyderabad facility during shift 1.,In Progress,Chennai,unexpected order spike exhaust stock report hyderabad facility shift
1074,Inventory Shortage,Critical,Safety stock threshold breached. Reported at Hyderabad facility during shift 2.,Resolved,Delhi,safety stock threshold breach report hyderabad facility shift
1075,Customs Issue,Critical,Shipment flagged for compliance audit. Reported at Hyderabad facility during shift 1.,Resolved,Delhi,shipment flag compliance audit report hyderabad facility shift
1076,Inventory Shortage,Critical,Demand exceeded available stock levels. Reported at Mumbai facility during shift 1.,Resolved,Delhi,demand exceed available stock level report mumbai facility shift
1077,Transportation Failure,Low,Vehicle maintenance issue halted delivery. Reported at Pune facility during shift 1.,Resolved,Chennai,vehicle maintenance issue halt delivery report pune facility shift
1078,Customs Issue,Medium,Customs requested additional documentation. Reported at Pune facility during shift 1.,Resolved,Delhi,customs request additional documentation report pune facility shift
1079,Documentation Error,Medium,Required compliance document missing. Reported at Mumbai facility during shift 1.,In Progress,Delhi,require compliance document miss report mumbai facility shift
1080,Transportation Failure,Low,Trailer availability issue delayed dispatch. Reported at Pune facility during shift 1.,Resolved,Pune,trailer availability issue delay dispatch report pune facility shift
1081,Customs Issue,High,Regulatory approval pending clearance. Reported at Hyderabad facility during shift 2.,Resolved,Delhi,regulatory approval pending clearance report hyderabad facility shift
1082,Warehouse Issue,Medium,Cycle count discrepancy identified. Reported at Ahmedabad facility during shift 2.,Resolved,Ahmedabad,cycle count discrepancy identify report ahmedabad facility shift
1083,Shipment Delay,Low,Port congestion delayed shipment arrival. Reported at Mumbai facility during shift 2.,Resolved,Bengaluru,port congestion delay shipment arrival report mumbai facility shift
1084,Transportation Failure,Low,Driver unavailable for scheduled route. Reported at Mumbai facility during shift 2.,Resolved,Bengaluru,driver unavailable schedule route report mumbai facility shift
1085,Documentation Error,Low,Labeling information did not match shipment. Reported at Bengaluru facility during shift 2.,Open,Ahmedabad,label information match shipment report bengaluru facility shift
1086,Customs Issue,Medium,Customs valuation dispute identified. Reported at Mumbai facility during shift 3.,In Progress,Pune,customs valuation dispute identify report mumbai facility shift
1087,Documentation Error,Medium,Documentation approval pending correction. Reported at Chennai facility during shift 3.,Open,Kolkata,documentation approval pending correction report chennai facility shift
1088,Damaged Goods,Low,Pallet collapse resulted in product damage. Reported at Pune facility during shift 1.,In Progress,Hyderabad,pallet collapse result product damage report pune facility shift
1089,Transportation Failure,High,Transportation network disruption reported. Reported at Mumbai facility during shift 1.,In Progress,Kolkata,transportation network disruption report report mumbai facility shift
1090,Warehouse Issue,High,Warehouse management system outage reported. Reported at Hyderabad facility during shift 1.,In Progress,Kolkata,warehouse management system outage report report hyderabad facility shift
1091,Inventory Shortage,Low,Inventory reservation conflict identified. Reported at Mumbai facility during shift 1.,In Progress,Pune,inventory reservation conflict identify report mumbai facility shift
1092,Shipment Delay,Low,Mechanical failure delayed freight movement. Reported at Kolkata facility during shift 1.,Resolved,Hyderabad,mechanical failure delay freight movement report kolkata facility shift
1093,Transportation Failure,Medium,Carrier failed to pick up shipment. Reported at Ahmedabad facility during shift 3.,Open,Bengaluru,carrier fail pick shipment report ahmedabad facility shift
1094,Inventory Shortage,Medium,Inventory reservation conflict identified. Reported at Kolkata facility during shift 2.,Open,Hyderabad,inventory reservation conflict identify report kolkata facility shift
1095,Warehouse Issue,Medium,Cycle count discrepancy identified. Reported at Hyderabad facility during shift 2.,In Progress,Bengaluru,cycle count discrepancy identify report hyderabad facility shift
1096,Shipment Delay,Low,Driver shortage affected transportation schedule. Reported at Chennai facility during shift 1.,Resolved,Ahmedabad,driver shortage affect transportation schedule report chennai facility shift
1097,Shipment Delay,Low,Shipment rerouted causing additional transit time. Reported at Hyderabad facility during shift 2.,Resolved,Bengaluru,shipment rerouted cause additional transit time report hyderabad facility shift
1098,Shipment Delay,Critical,Truck breakdown caused delivery delay. Reported at Hyderabad facility during shift 2.,Open,Pune,truck breakdown cause delivery delay report hyderabad facility shift
1099,Documentation Error,Medium,Export declaration contained errors. Reported at Kolkata facility during shift 2.,In Progress,Mumbai,export declaration contain errors report kolkata facility shift
1100,Damaged Goods,Low,Temperature excursion affected product quality. Reported at Chennai facility during shift 2.,Open,Delhi,temperature excursion affect product quality report chennai facility shift
1101,Damaged Goods,Low,Improper handling caused item breakage. Reported at Delhi facility during shift 2.,In Progress,Pune,improper handle cause item breakage report delhi facility shift
1102,Transportation Failure,Low,Accident blocked scheduled delivery route. Reported at Pune facility during shift 1.,Resolved,Mumbai,accident block schedule delivery route report pune facility shift
1103,Documentation Error,Medium,Bill of lading information mismatch detected. Reported at Delhi facility during shift 1.,Open,Pune,bill lade information mismatch detect report delhi facility shift
1104,Warehouse Issue,Medium,Receiving delay impacted warehouse operations. Reported at Hyderabad facility during shift 2.,Resolved,Pune,receive delay impact warehouse operations report hyderabad facility shift
1105,Shipment Delay,Low,Cargo loading completed behind schedule. Reported at Pune facility during shift 1.,Resolved,Hyderabad,cargo load complete behind schedule report pune facility shift
1106,Damaged Goods,Medium,Warehouse accident damaged stored inventory. Reported at Ahmedabad facility during shift 2.,Open,Mumbai,warehouse accident damage store inventory report ahmedabad facility shift
1107,Inventory Shortage,High,Inventory replenishment delayed. Reported at Bengaluru facility during shift 1.,Resolved,Mumbai,inventory replenishment delay report bengaluru facility shift
1108,Transportation Failure,High,Fleet utilization exceeded available capacity. Reported at Mumbai facility during shift 1.,Open,Ahmedabad,fleet utilization exceed available capacity report mumbai facility shift
1109,Damaged Goods,High,Shipment contents damaged in transit. Reported at Pune facility during shift 1.,Resolved,Pune,shipment content damage transit report pune facility shift
1110,Inventory Shortage,High,Procurement delay affected inventory availability. Reported at Hyderabad facility during shift 1.,Open,Bengaluru,procurement delay affect inventory availability report hyderabad facility shift
1111,Inventory Shortage,Low,Inventory reservation conflict identified. Reported at Delhi facility during shift 3.,Open,Bengaluru,inventory reservation conflict identify report delhi facility shift
1112,Inventory Shortage,High,Product unavailable due to inventory mismatch. Reported at Kolkata facility during shift 3.,Open,Mumbai,product unavailable due inventory mismatch report kolkata facility shift
1113,Shipment Delay,Low,Driver shortage affected transportation schedule. Reported at Ahmedabad facility during shift 2.,Open,Chennai,driver shortage affect transportation schedule report ahmedabad facility shift
1114,Warehouse Issue,Low,Dock congestion slowed warehouse throughput. Reported at Chennai facility during shift 2.,In Progress,Chennai,dock congestion slow warehouse throughput report chennai facility shift
1115,Shipment Delay,High,Carrier scheduling issue caused shipment delay. Reported at Chennai facility during shift 1.,Resolved,Bengaluru,carrier schedule issue cause shipment delay report chennai facility shift
1116,Documentation Error,Medium,Shipping label generated with incorrect address. Reported at Bengaluru facility during shift 1.,Open,Mumbai,ship label generate incorrect address report bengaluru facility shift
1117,Inventory Shortage,Medium,Inventory reservation conflict identified. Reported at Hyderabad facility during shift 3.,Open,Bengaluru,inventory reservation conflict identify report hyderabad facility shift
1118,Documentation Error,High,Documentation approval pending correction. Reported at Mumbai facility during shift 1.,Open,Bengaluru,documentation approval pending correction report mumbai facility shift
1119,Customs Issue,Critical,Border inspection extended shipment hold. Reported at Hyderabad facility during shift 1.,Resolved,Chennai,border inspection extend shipment hold report hyderabad facility shift
1120,Customs Issue,High,Customs clearance process delayed. Reported at Bengaluru facility during shift 3.,In Progress,Pune,customs clearance process delay report bengaluru facility shift
1121,Customs Issue,Medium,Border security inspection caused delay. Reported at Delhi facility during shift 2.,Open,Delhi,border security inspection cause delay report delhi facility shift
1122,Warehouse Issue,Low,Receiving delay impacted warehouse operations. Reported at Kolkata facility during shift 2.,Open,Kolkata,receive delay impact warehouse operations report kolkata facility shift
1123,Shipment Delay,Medium,Driver shortage affected transportation schedule. Reported at Pune facility during shift 1.,Resolved,Delhi,driver shortage affect transportation schedule report pune facility shift
1124,Transportation Failure,Low,Third-party carrier cancelled shipment booking. Reported at Pune facility during shift 3.,Resolved,Chennai,thirdparty carrier cancel shipment book report pune facility shift
1125,Shipment Delay,Medium,Container missed connecting vessel. Reported at Ahmedabad facility during shift 1.,In Progress,Hyderabad,container miss connect vessel report ahmedabad facility shift
1126,Customs Issue,Medium,Trade compliance review delayed processing. Reported at Ahmedabad facility during shift 1.,In Progress,Kolkata,trade compliance review delay process report ahmedabad facility shift
1127,Inventory Shortage,Critical,Inventory reservation conflict identified. Reported at Mumbai facility during shift 2.,In Progress,Delhi,inventory reservation conflict identify report mumbai facility shift
1128,Shipment Delay,Low,Shipment rerouted causing additional transit time. Reported at Ahmedabad facility during shift 3.,In Progress,Mumbai,shipment rerouted cause additional transit time report ahmedabad facility shift
1129,Shipment Delay,Medium,Port congestion delayed shipment arrival. Reported at Kolkata facility during shift 2.,Open,Delhi,port congestion delay shipment arrival report kolkata facility shift
1130,Shipment Delay,Low,Container missed connecting vessel. Reported at Bengaluru facility during shift 2.,In Progress,Mumbai,container miss connect vessel report bengaluru facility shift
1131,Inventory Shortage,Medium,Inventory reservation conflict identified. Reported at Kolkata facility during shift 3.,Resolved,Hyderabad,inventory reservation conflict identify report kolkata facility shift
1132,Warehouse Issue,Medium,Space constraint affected storage operations. Reported at Kolkata facility during shift 2.,Resolved,Kolkata,space constraint affect storage operations report kolkata facility shift
1133,Transportation Failure,High,Transportation vendor system outage reported. Reported at Hyderabad facility during shift 1.,Open,Mumbai,transportation vendor system outage report report hyderabad facility shift
1134,Damaged Goods,Medium,Improper handling caused item breakage. Reported at Ahmedabad facility during shift 1.,Open,Chennai,improper handle cause item breakage report ahmedabad facility shift
1135,Shipment Delay,Medium,Dispatch process delayed at origin facility. Reported at Chennai facility during shift 1.,Open,Delhi,dispatch process delay origin facility report chennai facility shift
1136,Transportation Failure,Medium,Route planning error delayed movement. Reported at Pune facility during shift 1.,Resolved,Mumbai,route plan error delay movement report pune facility shift
1137,Warehouse Issue,Low,Picking error occurred in warehouse. Reported at Ahmedabad facility during shift 2.,Resolved,Ahmedabad,pick error occur warehouse report ahmedabad facility shift
1138,Transportation Failure,Medium,Transportation vendor system outage reported. Reported at Hyderabad facility during shift 3.,Resolved,Chennai,transportation vendor system outage report report hyderabad facility shift
1139,Warehouse Issue,Medium,Warehouse stock mismatch identified. Reported at Kolkata facility during shift 1.,In Progress,Kolkata,warehouse stock mismatch identify report kolkata facility shift
1140,Transportation Failure,Low,Fleet utilization exceeded available capacity. Reported at Chennai facility during shift 1.,Resolved,Hyderabad,fleet utilization exceed available capacity report chennai facility shift
1141,Customs Issue,Low,Import documentation under review. Reported at Ahmedabad facility during shift 2.,Resolved,Kolkata,import documentation review report ahmedabad facility shift
1142,Transportation Failure,Medium,Third-party carrier cancelled shipment booking. Reported at Mumbai facility during shift 3.,Resolved,Ahmedabad,thirdparty carrier cancel shipment book report mumbai facility shift
1143,Transportation Failure,Low,Transportation vendor system outage reported. Reported at Delhi facility during shift 3.,In Progress,Ahmedabad,transportation vendor system outage report report delhi facility shift
1144,Documentation Error,Medium,Purchase order details inconsistent. Reported at Pune facility during shift 2.,Open,Chennai,purchase order detail inconsistent report pune facility shift
1145,Inventory Shortage,High,Inventory reservation conflict identified. Reported at Pune facility during shift 2.,Resolved,Chennai,inventory reservation conflict identify report pune facility shift
1146,Warehouse Issue,Low,Order consolidation process delayed shipment. Reported at Pune facility during shift 2.,In Progress,Pune,order consolidation process delay shipment report pune facility shift
1147,Transportation Failure,Low,Driver unavailable for scheduled route. Reported at Chennai facility during shift 3.,Open,Hyderabad,driver unavailable schedule route report chennai facility shift
1148,Documentation Error,Low,Missing invoice delayed processing. Reported at Mumbai facility during shift 2.,Open,Chennai,miss invoice delay process report mumbai facility shift
1149,Documentation Error,Medium,Incorrect consignee information provided. Reported at Chennai facility during shift 2.,In Progress,Kolkata,incorrect consignee information provide report chennai facility shift
1150,Damaged Goods,Low,Package damaged during transportation. Reported at Ahmedabad facility during shift 3.,In Progress,Kolkata,package damage transportation report ahmedabad facility shift
1151,Documentation Error,Low,Purchase order details inconsistent. Reported at Pune facility during shift 3.,In Progress,Mumbai,purchase order detail inconsistent report pune facility shift
1152,Customs Issue,Medium,Customs valuation dispute identified. Reported at Bengaluru facility during shift 2.,Resolved,Pune,customs valuation dispute identify report bengaluru facility shift
1153,Inventory Shortage,Critical,Cycle count revealed stock deficiency. Reported at Hyderabad facility during shift 2.,Open,Ahmedabad,cycle count reveal stock deficiency report hyderabad facility shift
1154,Customs Issue,Low,Trade compliance review delayed processing. Reported at Mumbai facility during shift 3.,In Progress,Chennai,trade compliance review delay process report mumbai facility shift
1155,Damaged Goods,Medium,Container impact damaged shipment contents. Reported at Kolkata facility during shift 1.,Open,Mumbai,container impact damage shipment content report kolkata facility shift
1156,Documentation Error,Medium,Incorrect consignee information provided. Reported at Hyderabad facility during shift 1.,Resolved,Ahmedabad,incorrect consignee information provide report hyderabad facility shift
1157,Transportation Failure,Medium,Logistics partner experienced operational failure. Reported at Pune facility during shift 1.,In Progress,Hyderabad,logistics partner experience operational failure report pune facility shift
1158,Transportation Failure,Medium,Accident blocked scheduled delivery route. Reported at Pune facility during shift 1.,In Progress,Ahmedabad,accident block schedule delivery route report pune facility shift
1159,Customs Issue,Medium,Shipment selected for random inspection. Reported at Delhi facility during shift 1.,Resolved,Delhi,shipment select random inspection report delhi facility shift
1160,Documentation Error,Critical,Export declaration contained errors. Reported at Bengaluru facility during shift 3.,Resolved,Ahmedabad,export declaration contain errors report bengaluru facility shift
1161,Damaged Goods,High,Receiving inspection identified damaged goods. Reported at Kolkata facility during shift 3.,Open,Bengaluru,receive inspection identify damage goods report kolkata facility shift
1162,Damaged Goods,Low,Improper handling caused item breakage. Reported at Delhi facility during shift 1.,Resolved,Hyderabad,improper handle cause item breakage report delhi facility shift
1163,Warehouse Issue,High,Order picking queue exceeded capacity. Reported at Kolkata facility during shift 2.,Open,Bengaluru,order pick queue exceed capacity report kolkata facility shift
1164,Warehouse Issue,Medium,Order picking queue exceeded capacity. Reported at Hyderabad facility during shift 2.,In Progress,Bengaluru,order pick queue exceed capacity report hyderabad facility shift
1165,Transportation Failure,Low,Logistics partner experienced operational failure. Reported at Mumbai facility during shift 1.,Open,Hyderabad,logistics partner experience operational failure report mumbai facility shift
1166,Transportation Failure,Medium,Fleet utilization exceeded available capacity. Reported at Kolkata facility during shift 2.,Open,Bengaluru,fleet utilization exceed available capacity report kolkata facility shift
1167,Inventory Shortage,Low,Stockout occurred at fulfillment center. Reported at Delhi facility during shift 1.,In Progress,Delhi,stockout occur fulfillment center report delhi facility shift
1168,Customs Issue,Medium,Trade compliance review delayed processing. Reported at Chennai facility during shift 3.,Open,Chennai,trade compliance review delay process report chennai facility shift
1169,Warehouse Issue,Medium,Order consolidation process delayed shipment. Reported at Mumbai facility during shift 2.,Open,Kolkata,order consolidation process delay shipment report mumbai facility shift
1170,Damaged Goods,Critical,Fragile goods mishandled during unloading. Reported at Mumbai facility during shift 2.,Resolved,Delhi,fragile goods mishandle unload report mumbai facility shift
1171,Inventory Shortage,Medium,Product unavailable due to inventory mismatch. Reported at Mumbai facility during shift 3.,Resolved,Hyderabad,product unavailable due inventory mismatch report mumbai facility shift
1172,Transportation Failure,Medium,Trailer availability issue delayed dispatch. Reported at Mumbai facility during shift 1.,In Progress,Pune,trailer availability issue delay dispatch report mumbai facility shift
1173,Warehouse Issue,High,Cycle count discrepancy identified. Reported at Kolkata facility during shift 3.,In Progress,Bengaluru,cycle count discrepancy identify report kolkata facility shift
1174,Inventory Shortage,Critical,Product unavailable due to inventory mismatch. Reported at Delhi facility during shift 1.,In Progress,Kolkata,product unavailable due inventory mismatch report delhi facility shift
1175,Damaged Goods,Medium,Transit vibration caused product defects. Reported at Chennai facility during shift 2.,Resolved,Mumbai,transit vibration cause product defect report chennai facility shift
1176,Damaged Goods,Medium,Temperature excursion affected product quality. Reported at Kolkata facility during shift 2.,In Progress,Delhi,temperature excursion affect product quality report kolkata facility shift
1177,Damaged Goods,Low,Improper handling caused item breakage. Reported at Pune facility during shift 2.,Resolved,Chennai,improper handle cause item breakage report pune facility shift
1178,Warehouse Issue,Critical,Put-away process delayed inventory availability. Reported at Chennai facility during shift 3.,Resolved,Bengaluru,putaway process delay inventory availability report chennai facility shift
1179,Damaged Goods,Medium,Temperature excursion affected product quality. Reported at Kolkata facility during shift 2.,Resolved,Pune,temperature excursion affect product quality report kolkata facility shift
1180,Warehouse Issue,High,Dock congestion slowed warehouse throughput. Reported at Mumbai facility during shift 3.,In Progress,Kolkata,dock congestion slow warehouse throughput report mumbai facility shift
1181,Shipment Delay,Medium,Mechanical failure delayed freight movement. Reported at Kolkata facility during shift 2.,Open,Hyderabad,mechanical failure delay freight movement report kolkata facility shift
1182,Inventory Shortage,Medium,Inventory reservation conflict identified. Reported at Delhi facility during shift 2.,Resolved,Kolkata,inventory reservation conflict identify report delhi facility shift
1183,Warehouse Issue,High,Warehouse stock mismatch identified. Reported at Hyderabad facility during shift 1.,In Progress,Ahmedabad,warehouse stock mismatch identify report hyderabad facility shift
1184,Customs Issue,Medium,Tariff classification review in progress. Reported at Pune facility during shift 3.,Open,Delhi,tariff classification review progress report pune facility shift
1185,Customs Issue,Medium,Regulatory verification delayed release. Reported at Mumbai facility during shift 2.,Resolved,Pune,regulatory verification delay release report mumbai facility shift
1186,Transportation Failure,Medium,Equipment malfunction impacted transport operations. Reported at Chennai facility during shift 1.,Open,Ahmedabad,equipment malfunction impact transport operations report chennai facility shift
1187,Warehouse Issue,Medium,Dock congestion slowed warehouse throughput. Reported at Delhi facility during shift 1.,Resolved,Hyderabad,dock congestion slow warehouse throughput report delhi facility shift
1188,Damaged Goods,Low,Container impact damaged shipment contents. Reported at Mumbai facility during shift 1.,Resolved,Delhi,container impact damage shipment content report mumbai facility shift
1189,Warehouse Issue,Medium,Cycle count discrepancy identified. Reported at Kolkata facility during shift 2.,Resolved,Delhi,cycle count discrepancy identify report kolkata facility shift
1190,Damaged Goods,Low,Goods arrived with visible damage. Reported at Pune facility during shift 2.,In Progress,Pune,goods arrive visible damage report pune facility shift
1191,Inventory Shortage,Low,Supplier delay created inventory gap. Reported at Kolkata facility during shift 3.,Open,Bengaluru,supplier delay create inventory gap report kolkata facility shift
1192,Shipment Delay,High,Last-mile delivery partner unavailable. Reported at Bengaluru facility during shift 2.,Open,Chennai,lastmile delivery partner unavailable report bengaluru facility shift
1193,Transportation Failure,Low,Route planning error delayed movement. Reported at Kolkata facility during shift 3.,Open,Pune,route plan error delay movement report kolkata facility shift
1194,Inventory Shortage,High,Cycle count revealed stock deficiency. Reported at Mumbai facility during shift 1.,In Progress,Ahmedabad,cycle count reveal stock deficiency report mumbai facility shift
1195,Warehouse Issue,Low,Dock congestion slowed warehouse throughput. Reported at Ahmedabad facility during shift 1.,Open,Bengaluru,dock congestion slow warehouse throughput report ahmedabad facility shift
1196,Warehouse Issue,High,Warehouse staffing shortage reported. Reported at Hyderabad facility during shift 2.,In Progress,Delhi,warehouse staff shortage report report hyderabad facility shift
1197,Transportation Failure,Low,Transportation network disruption reported. Reported at Bengaluru facility during shift 3.,In Progress,Bengaluru,transportation network disruption report report bengaluru facility shift
1198,Transportation Failure,Low,Carrier failed to pick up shipment. Reported at Kolkata facility during shift 1.,In Progress,Bengaluru,carrier fail pick shipment report kolkata facility shift
1199,Documentation Error,Medium,Export declaration contained errors. Reported at Bengaluru facility during shift 2.,Resolved,Ahmedabad,export declaration contain errors report bengaluru facility shift
1200,Shipment Delay,High,Shipment delayed due to customs inspection. Reported at Ahmedabad facility during shift 1.,Resolved,Kolkata,shipment delay due customs inspection report ahmedabad facility shift
1201,Customs Issue,Medium,Border inspection extended shipment hold. Reported at Kolkata facility during shift 3.,Resolved,Hyderabad,border inspection extend shipment hold report kolkata facility shift
1202,Shipment Delay,Medium,Truck breakdown caused delivery delay. Reported at Chennai facility during shift 1.,Open,Ahmedabad,truck breakdown cause delivery delay report chennai facility shift
1203,Damaged Goods,Low,Container impact damaged shipment contents. Reported at Chennai facility during shift 1.,Resolved,Kolkata,container impact damage shipment content report chennai facility shift
1204,Damaged Goods,Critical,Pallet collapse resulted in product damage. Reported at Pune facility during shift 1.,Resolved,Chennai,pallet collapse result product damage report pune facility shift
1205,Documentation Error,Medium,Customs paperwork contained errors. Reported at Hyderabad facility during shift 1.,In Progress,Ahmedabad,customs paperwork contain errors report hyderabad facility shift
1206,Inventory Shortage,Medium,Product unavailable due to inventory mismatch. Reported at Pune facility during shift 3.,Open,Hyderabad,product unavailable due inventory mismatch report pune facility shift
1207,Shipment Delay,Medium,Container missed connecting vessel. Reported at Chennai facility during shift 1.,In Progress,Pune,container miss connect vessel report chennai facility shift
1208,Transportation Failure,High,Vehicle maintenance issue halted delivery. Reported at Hyderabad facility during shift 3.,In Progress,Pune,vehicle maintenance issue halt delivery report hyderabad facility shift
1209,Transportation Failure,High,Trailer availability issue delayed dispatch. Reported at Delhi facility during shift 2.,In Progress,Delhi,trailer availability issue delay dispatch report delhi facility shift
1210,Documentation Error,Low,Manifest information incomplete. Reported at Ahmedabad facility during shift 1.,Open,Bengaluru,manifest information incomplete report ahmedabad facility shift
1211,Inventory Shortage,Low,Warehouse stock shortage detected. Reported at Ahmedabad facility during shift 2.,In Progress,Kolkata,warehouse stock shortage detect report ahmedabad facility shift
1212,Shipment Delay,Medium,Mechanical failure delayed freight movement. Reported at Ahmedabad facility during shift 1.,Resolved,Ahmedabad,mechanical failure delay freight movement report ahmedabad facility shift
1213,Transportation Failure,High,Fleet utilization exceeded available capacity. Reported at Mumbai facility during shift 3.,Open,Pune,fleet utilization exceed available capacity report mumbai facility shift
1214,Shipment Delay,High,Unexpected weather conditions slowed transportation. Reported at Hyderabad facility during shift 1.,Resolved,Hyderabad,unexpected weather condition slow transportation report hyderabad facility shift
1215,Documentation Error,Critical,Shipping label generated with incorrect address. Reported at Bengaluru facility during shift 3.,Open,Delhi,ship label generate incorrect address report bengaluru facility shift
1216,Transportation Failure,High,Trailer availability issue delayed dispatch. Reported at Mumbai facility during shift 1.,Resolved,Mumbai,trailer availability issue delay dispatch report mumbai facility shift
1217,Damaged Goods,Critical,Package damaged during transportation. Reported at Hyderabad facility during shift 3.,Open,Kolkata,package damage transportation report hyderabad facility shift
1218,Damaged Goods,Low,Container impact damaged shipment contents. Reported at Mumbai facility during shift 2.,Open,Ahmedabad,container impact damage shipment content report mumbai facility shift
1219,Warehouse Issue,Medium,Put-away process delayed inventory availability. Reported at Ahmedabad facility during shift 2.,In Progress,Chennai,putaway process delay inventory availability report ahmedabad facility shift
1220,Damaged Goods,Critical,Package damaged during transportation. Reported at Ahmedabad facility during shift 2.,Resolved,Delhi,package damage transportation report ahmedabad facility shift
1221,Inventory Shortage,Low,Inventory reservation conflict identified. Reported at Chennai facility during shift 3.,Open,Mumbai,inventory reservation conflict identify report chennai facility shift
1222,Documentation Error,Medium,Documentation approval pending correction. Reported at Kolkata facility during shift 1.,Open,Bengaluru,documentation approval pending correction report kolkata facility shift
1223,Warehouse Issue,Low,Warehouse staffing shortage reported. Reported at Kolkata facility during shift 1.,Open,Delhi,warehouse staff shortage report report kolkata facility shift
1224,Transportation Failure,Medium,Third-party carrier cancelled shipment booking. Reported at Kolkata facility during shift 2.,Resolved,Delhi,thirdparty carrier cancel shipment book report kolkata facility shift
1225,Shipment Delay,High,Carrier scheduling issue caused shipment delay. Reported at Ahmedabad facility during shift 2.,In Progress,Delhi,carrier schedule issue cause shipment delay report ahmedabad facility shift
1226,Damaged Goods,Medium,Fragile goods mishandled during unloading. Reported at Mumbai facility during shift 2.,In Progress,Ahmedabad,fragile goods mishandle unload report mumbai facility shift
1227,Transportation Failure,Medium,Fleet utilization exceeded available capacity. Reported at Hyderabad facility during shift 3.,Open,Kolkata,fleet utilization exceed available capacity report hyderabad facility shift
1228,Warehouse Issue,Medium,Receiving delay impacted warehouse operations. Reported at Delhi facility during shift 2.,Open,Chennai,receive delay impact warehouse operations report delhi facility shift
1229,Documentation Error,Low,Incorrect consignee information provided. Reported at Ahmedabad facility during shift 3.,Resolved,Delhi,incorrect consignee information provide report ahmedabad facility shift
1230,Transportation Failure,Medium,Transportation vendor system outage reported. Reported at Mumbai facility during shift 2.,Open,Ahmedabad,transportation vendor system outage report report mumbai facility shift
1231,Damaged Goods,Critical,Goods arrived with visible damage. Reported at Delhi facility during shift 3.,Open,Kolkata,goods arrive visible damage report delhi facility shift
1232,Damaged Goods,Low,Container impact damaged shipment contents. Reported at Chennai facility during shift 3.,Open,Mumbai,container impact damage shipment content report chennai facility shift
1233,Documentation Error,Medium,Purchase order details inconsistent. Reported at Kolkata facility during shift 1.,Resolved,Hyderabad,purchase order detail inconsistent report kolkata facility shift
1234,Damaged Goods,Low,Shipment contents damaged in transit. Reported at Mumbai facility during shift 3.,Resolved,Ahmedabad,shipment content damage transit report mumbai facility shift
1235,Inventory Shortage,Low,Unexpected order spike exhausted stock. Reported at Delhi facility during shift 2.,In Progress,Hyderabad,unexpected order spike exhaust stock report delhi facility shift
1236,Damaged Goods,Medium,Container impact damaged shipment contents. Reported at Ahmedabad facility during shift 3.,In Progress,Pune,container impact damage shipment content report ahmedabad facility shift
1237,Warehouse Issue,Low,Space constraint affected storage operations. Reported at Delhi facility during shift 1.,Resolved,Hyderabad,space constraint affect storage operations report delhi facility shift
1238,Warehouse Issue,Medium,Dock congestion slowed warehouse throughput. Reported at Mumbai facility during shift 2.,Open,Kolkata,dock congestion slow warehouse throughput report mumbai facility shift
1239,Shipment Delay,Medium,Shipment delayed due to customs inspection. Reported at Delhi facility during shift 3.,Resolved,Kolkata,shipment delay due customs inspection report delhi facility shift
1240,Warehouse Issue,Medium,Dock congestion slowed warehouse throughput. Reported at Ahmedabad facility during shift 2.,Resolved,Pune,dock congestion slow warehouse throughput report ahmedabad facility shift
1241,Customs Issue,Low,Customs valuation dispute identified. Reported at Kolkata facility during shift 2.,Open,Chennai,customs valuation dispute identify report kolkata facility shift
1242,Inventory Shortage,Critical,Product unavailable due to inventory mismatch. Reported at Chennai facility during shift 3.,Open,Bengaluru,product unavailable due inventory mismatch report chennai facility shift
1243,Transportation Failure,Low,Accident blocked scheduled delivery route. Reported at Delhi facility during shift 3.,Resolved,Bengaluru,accident block schedule delivery route report delhi facility shift
1244,Shipment Delay,Medium,Carrier scheduling issue caused shipment delay. Reported at Ahmedabad facility during shift 1.,Open,Mumbai,carrier schedule issue cause shipment delay report ahmedabad facility shift
1245,Inventory Shortage,High,Warehouse unable to fulfill requested quantity. Reported at Delhi facility during shift 3.,In Progress,Ahmedabad,warehouse unable fulfill request quantity report delhi facility shift
1246,Shipment Delay,Low,Holiday demand surge caused shipping delays. Reported at Ahmedabad facility during shift 3.,In Progress,Kolkata,holiday demand surge cause ship delay report ahmedabad facility shift
1247,Shipment Delay,Medium,Container missed connecting vessel. Reported at Chennai facility during shift 1.,Resolved,Kolkata,container miss connect vessel report chennai facility shift
1248,Transportation Failure,Medium,Transportation network disruption reported. Reported at Ahmedabad facility during shift 3.,Resolved,Hyderabad,transportation network disruption report report ahmedabad facility shift
1249,Shipment Delay,Medium,Last-mile delivery partner unavailable. Reported at Kolkata facility during shift 2.,Resolved,Ahmedabad,lastmile delivery partner unavailable report kolkata facility shift
1250,Inventory Shortage,Low,Procurement delay affected inventory availability. Reported at Chennai facility during shift 3.,Resolved,Pune,procurement delay affect inventory availability report chennai facility shift
1251,Documentation Error,Medium,Missing invoice delayed processing. Reported at Hyderabad facility during shift 3.,In Progress,Mumbai,miss invoice delay process report hyderabad facility shift
1252,Transportation Failure,Medium,Route planning error delayed movement. Reported at Pune facility during shift 2.,Open,Delhi,route plan error delay movement report pune facility shift
1253,Damaged Goods,Medium,Packaging failure led to damaged products. Reported at Bengaluru facility during shift 2.,Open,Bengaluru,package failure lead damage products report bengaluru facility shift
1254,Documentation Error,High,Shipping label generated with incorrect address. Reported at Pune facility during shift 3.,Resolved,Ahmedabad,ship label generate incorrect address report pune facility shift
1255,Inventory Shortage,High,Warehouse unable to fulfill requested quantity. Reported at Hyderabad facility during shift 3.,In Progress,Pune,warehouse unable fulfill request quantity report hyderabad facility shift
1256,Warehouse Issue,Low,Warehouse management system outage reported. Reported at Delhi facility during shift 3.,Resolved,Mumbai,warehouse management system outage report report delhi facility shift
1257,Customs Issue,Low,Import permit approval pending. Reported at Delhi facility during shift 1.,Resolved,Ahmedabad,import permit approval pending report delhi facility shift
1258,Shipment Delay,Medium,Driver shortage affected transportation schedule. Reported at Kolkata facility during shift 2.,Open,Chennai,driver shortage affect transportation schedule report kolkata facility shift
1259,Shipment Delay,Medium,Container missed connecting vessel. Reported at Hyderabad facility during shift 2.,Open,Chennai,container miss connect vessel report hyderabad facility shift
1260,Warehouse Issue,Low,Picking error occurred in warehouse. Reported at Pune facility during shift 2.,Open,Mumbai,pick error occur warehouse report pune facility shift
1261,Documentation Error,Critical,Bill of lading information mismatch detected. Reported at Ahmedabad facility during shift 2.,In Progress,Chennai,bill lade information mismatch detect report ahmedabad facility shift
1262,Warehouse Issue,High,Order consolidation process delayed shipment. Reported at Hyderabad facility during shift 1.,Resolved,Mumbai,order consolidation process delay shipment report hyderabad facility shift
1263,Customs Issue,Critical,Shipment held by customs authorities. Reported at Ahmedabad facility during shift 2.,Open,Mumbai,shipment hold customs authorities report ahmedabad facility shift
1264,Warehouse Issue,Low,Cycle count discrepancy identified. Reported at Mumbai facility during shift 3.,Open,Delhi,cycle count discrepancy identify report mumbai facility shift
1265,Customs Issue,Low,Customs clearance process delayed. Reported at Bengaluru facility during shift 2.,In Progress,Ahmedabad,customs clearance process delay report bengaluru facility shift
1266,Warehouse Issue,High,Inventory misplaced within storage area. Reported at Ahmedabad facility during shift 3.,Open,Pune,inventory misplace within storage area report ahmedabad facility shift
1267,Damaged Goods,High,Transit vibration caused product defects. Reported at Delhi facility during shift 1.,In Progress,Kolkata,transit vibration cause product defect report delhi facility shift
1268,Warehouse Issue,High,Space constraint affected storage operations. Reported at Chennai facility during shift 1.,In Progress,Pune,space constraint affect storage operations report chennai facility shift
1269,Damaged Goods,Low,Temperature excursion affected product quality. Reported at Delhi facility during shift 1.,Resolved,Kolkata,temperature excursion affect product quality report delhi facility shift
1270,Damaged Goods,High,Fragile goods mishandled during unloading. Reported at Bengaluru facility during shift 1.,Resolved,Kolkata,fragile goods mishandle unload report bengaluru facility shift
1271,Warehouse Issue,Medium,Warehouse processing backlog reported. Reported at Delhi facility during shift 2.,In Progress,Ahmedabad,warehouse process backlog report report delhi facility shift
1272,Warehouse Issue,Medium,Inventory misplaced within storage area. Reported at Pune facility during shift 1.,Open,Mumbai,inventory misplace within storage area report pune facility shift
1273,Shipment Delay,Critical,Container missed connecting vessel. Reported at Pune facility during shift 2.,Open,Kolkata,container miss connect vessel report pune facility shift
1274,Shipment Delay,Critical,Delivery delayed due to traffic disruption. Reported at Chennai facility during shift 3.,Open,Chennai,delivery delay due traffic disruption report chennai facility shift
1275,Customs Issue,Medium,Regulatory approval pending clearance. Reported at Hyderabad facility during shift 2.,Resolved,Hyderabad,regulatory approval pending clearance report hyderabad facility shift
1276,Customs Issue,Low,Regulatory approval pending clearance. Reported at Pune facility during shift 2.,In Progress,Delhi,regulatory approval pending clearance report pune facility shift
1277,Customs Issue,Low,Tariff classification review in progress. Reported at Ahmedabad facility during shift 3.,Resolved,Ahmedabad,tariff classification review progress report ahmedabad facility shift
1278,Customs Issue,High,Customs requested additional documentation. Reported at Kolkata facility during shift 1.,Open,Chennai,customs request additional documentation report kolkata facility shift
1279,Documentation Error,High,Incorrect consignee information provided. Reported at Kolkata facility during shift 3.,Open,Hyderabad,incorrect consignee information provide report kolkata facility shift
1280,Inventory Shortage,Medium,Product unavailable due to inventory mismatch. Reported at Hyderabad facility during shift 3.,Resolved,Delhi,product unavailable due inventory mismatch report hyderabad facility shift
1281,Shipment Delay,High,Shipment delayed due to customs inspection. Reported at Hyderabad facility during shift 1.,In Progress,Kolkata,shipment delay due customs inspection report hyderabad facility shift
1282,Documentation Error,Low,Missing invoice delayed processing. Reported at Chennai facility during shift 2.,Resolved,Pune,miss invoice delay process report chennai facility shift
1283,Shipment Delay,Low,Shipment delayed due to customs inspection. Reported at Mumbai facility during shift 2.,Resolved,Chennai,shipment delay due customs inspection report mumbai facility shift
1284,Transportation Failure,Critical,Driver unavailable for scheduled route. Reported at Bengaluru facility during shift 3.,Resolved,Bengaluru,driver unavailable schedule route report bengaluru facility shift
1285,Damaged Goods,High,Shipment contents damaged in transit. Reported at Hyderabad facility during shift 3.,Resolved,Delhi,shipment content damage transit report hyderabad facility shift
1286,Customs Issue,Medium,Tariff classification review in progress. Reported at Bengaluru facility during shift 1.,Resolved,Bengaluru,tariff classification review progress report bengaluru facility shift
1287,Warehouse Issue,Low,Space constraint affected storage operations. Reported at Pune facility during shift 2.,Resolved,Kolkata,space constraint affect storage operations report pune facility shift
1288,Warehouse Issue,Low,Order picking queue exceeded capacity. Reported at Mumbai facility during shift 1.,Open,Ahmedabad,order pick queue exceed capacity report mumbai facility shift
1289,Inventory Shortage,Medium,Inventory forecast underestimated demand. Reported at Mumbai facility during shift 2.,In Progress,Kolkata,inventory forecast underestimate demand report mumbai facility shift
1290,Warehouse Issue,Medium,Inventory allocation issue detected. Reported at Ahmedabad facility during shift 3.,In Progress,Ahmedabad,inventory allocation issue detect report ahmedabad facility shift
1291,Customs Issue,Medium,Tariff classification review in progress. Reported at Delhi facility during shift 1.,In Progress,Ahmedabad,tariff classification review progress report delhi facility shift
1292,Inventory Shortage,Low,Procurement delay affected inventory availability. Reported at Mumbai facility during shift 3.,In Progress,Chennai,procurement delay affect inventory availability report mumbai facility shift
1293,Customs Issue,Medium,Import documentation under review. Reported at Pune facility during shift 1.,In Progress,Mumbai,import documentation review report pune facility shift
1294,Shipment Delay,Medium,Container missed connecting vessel. Reported at Hyderabad facility during shift 1.,Open,Pune,container miss connect vessel report hyderabad facility shift
1295,Damaged Goods,Medium,Water exposure damaged packaged goods. Reported at Hyderabad facility during shift 2.,Open,Delhi,water exposure damage package goods report hyderabad facility shift
1296,Warehouse Issue,Critical,Cycle count discrepancy identified. Reported at Kolkata facility during shift 1.,In Progress,Hyderabad,cycle count discrepancy identify report kolkata facility shift
1297,Inventory Shortage,Low,Inventory replenishment delayed. Reported at Ahmedabad facility during shift 1.,In Progress,Mumbai,inventory replenishment delay report ahmedabad facility shift
1298,Warehouse Issue,Medium,Warehouse stock mismatch identified. Reported at Kolkata facility during shift 2.,Resolved,Ahmedabad,warehouse stock mismatch identify report kolkata facility shift
1299,Damaged Goods,High,Warehouse accident damaged stored inventory. Reported at Kolkata facility during shift 2.,Resolved,Delhi,warehouse accident damage store inventory report kolkata facility shift
1300,Warehouse Issue,Medium,Storage location information incorrect. Reported at Ahmedabad facility during shift 2.,Open,Pune,storage location information incorrect report ahmedabad facility shift
1301,Shipment Delay,Low,Driver shortage affected transportation schedule. Reported at Kolkata facility during shift 2.,In Progress,Pune,driver shortage affect transportation schedule report kolkata facility shift
1302,Documentation Error,Low,Incorrect shipping documentation submitted. Reported at Ahmedabad facility during shift 3.,Open,Delhi,incorrect ship documentation submit report ahmedabad facility shift
1303,Customs Issue,Medium,Shipment held by customs authorities. Reported at Hyderabad facility during shift 3.,Resolved,Mumbai,shipment hold customs authorities report hyderabad facility shift
1304,Inventory Shortage,Medium,Cycle count revealed stock deficiency. Reported at Chennai facility during shift 3.,In Progress,Chennai,cycle count reveal stock deficiency report chennai facility shift
1305,Shipment Delay,Low,Shipment rerouted causing additional transit time. Reported at Delhi facility during shift 1.,Open,Bengaluru,shipment rerouted cause additional transit time report delhi facility shift
1306,Warehouse Issue,High,Put-away process delayed inventory availability. Reported at Ahmedabad facility during shift 1.,Resolved,Pune,putaway process delay inventory availability report ahmedabad facility shift
1307,Transportation Failure,High,Route planning error delayed movement. Reported at Chennai facility during shift 2.,Open,Pune,route plan error delay movement report chennai facility shift
1308,Transportation Failure,High,Carrier failed to pick up shipment. Reported at Kolkata facility during shift 1.,In Progress,Kolkata,carrier fail pick shipment report kolkata facility shift
1309,Damaged Goods,Medium,Product packaging torn during loading. Reported at Mumbai facility during shift 1.,In Progress,Delhi,product package tear load report mumbai facility shift
1310,Inventory Shortage,Medium,Stockout occurred at fulfillment center. Reported at Mumbai facility during shift 1.,In Progress,Delhi,stockout occur fulfillment center report mumbai facility shift
1311,Shipment Delay,Low,Rail transport delay impacted delivery timeline. Reported at Pune facility during shift 1.,Open,Hyderabad,rail transport delay impact delivery timeline report pune facility shift
1312,Transportation Failure,Medium,Transport route disruption due to road closure. Reported at Pune facility during shift 1.,In Progress,Hyderabad,transport route disruption due road closure report pune facility shift
1313,Transportation Failure,Low,Transportation network disruption reported. Reported at Mumbai facility during shift 1.,Resolved,Bengaluru,transportation network disruption report report mumbai facility shift
1314,Transportation Failure,Low,Transportation vendor system outage reported. Reported at Kolkata facility during shift 1.,In Progress,Ahmedabad,transportation vendor system outage report report kolkata facility shift
1315,Documentation Error,Low,Purchase order details inconsistent. Reported at Mumbai facility during shift 2.,Resolved,Bengaluru,purchase order detail inconsistent report mumbai facility shift
1316,Shipment Delay,High,Carrier scheduling issue caused shipment delay. Reported at Mumbai facility during shift 1.,Resolved,Delhi,carrier schedule issue cause shipment delay report mumbai facility shift
1317,Damaged Goods,Low,Container impact damaged shipment contents. Reported at Kolkata facility during shift 2.,Resolved,Bengaluru,container impact damage shipment content report kolkata facility shift
1318,Warehouse Issue,Critical,Storage location information incorrect. Reported at Pune facility during shift 3.,Open,Kolkata,storage location information incorrect report pune facility shift
1319,Documentation Error,High,Export declaration contained errors. Reported at Chennai facility during shift 1.,Resolved,Hyderabad,export declaration contain errors report chennai facility shift
1320,Customs Issue,Critical,Import documentation under review. Reported at Chennai facility during shift 1.,In Progress,Hyderabad,import documentation review report chennai facility shift
1321,Documentation Error,High,Required compliance document missing. Reported at Kolkata facility during shift 2.,Open,Hyderabad,require compliance document miss report kolkata facility shift
1322,Shipment Delay,Low,Port congestion delayed shipment arrival. Reported at Mumbai facility during shift 2.,Resolved,Mumbai,port congestion delay shipment arrival report mumbai facility shift
1323,Warehouse Issue,Low,Storage location information incorrect. Reported at Hyderabad facility during shift 2.,Resolved,Pune,storage location information incorrect report hyderabad facility shift
1324,Customs Issue,Medium,Customs requested additional documentation. Reported at Hyderabad facility during shift 3.,Open,Pune,customs request additional documentation report hyderabad facility shift
1325,Damaged Goods,Medium,Forklift accident damaged inventory. Reported at Ahmedabad facility during shift 3.,Resolved,Delhi,forklift accident damage inventory report ahmedabad facility shift
1326,Customs Issue,Medium,Country-specific restriction affected import. Reported at Chennai facility during shift 3.,Open,Delhi,countryspecific restriction affect import report chennai facility shift
1327,Transportation Failure,Medium,Transportation vendor system outage reported. Reported at Ahmedabad facility during shift 2.,Resolved,Mumbai,transportation vendor system outage report report ahmedabad facility shift
1328,Documentation Error,Low,Incorrect shipping documentation submitted. Reported at Ahmedabad facility during shift 3.,In Progress,Pune,incorrect ship documentation submit report ahmedabad facility shift
1329,Transportation Failure,Medium,Carrier failed to pick up shipment. Reported at Chennai facility during shift 1.,Open,Ahmedabad,carrier fail pick shipment report chennai facility shift
1330,Shipment Delay,Medium,Unexpected weather conditions slowed transportation. Reported at Chennai facility during shift 2.,Resolved,Pune,unexpected weather condition slow transportation report chennai facility shift
1331,Inventory Shortage,Low,Product unavailable due to inventory mismatch. Reported at Hyderabad facility during shift 3.,In Progress,Pune,product unavailable due inventory mismatch report hyderabad facility shift
1332,Shipment Delay,High,Carrier scheduling issue caused shipment delay. Reported at Ahmedabad facility during shift 3.,Open,Chennai,carrier schedule issue cause shipment delay report ahmedabad facility shift
1333,Inventory Shortage,High,Inventory reservation conflict identified. Reported at Kolkata facility during shift 1.,Resolved,Ahmedabad,inventory reservation conflict identify report kolkata facility shift
1334,Inventory Shortage,High,Backordered items unavailable for dispatch. Reported at Bengaluru facility during shift 3.,Resolved,Delhi,backordered items unavailable dispatch report bengaluru facility shift
1335,Shipment Delay,Low,Rail transport delay impacted delivery timeline. Reported at Delhi facility during shift 3.,In Progress,Bengaluru,rail transport delay impact delivery timeline report delhi facility shift
1336,Documentation Error,High,Data entry error impacted shipment records. Reported at Hyderabad facility during shift 1.,Open,Hyderabad,data entry error impact shipment record report hyderabad facility shift
1337,Customs Issue,Critical,Shipment flagged for compliance audit. Reported at Ahmedabad facility during shift 1.,Resolved,Chennai,shipment flag compliance audit report ahmedabad facility shift
1338,Warehouse Issue,Low,Receiving delay impacted warehouse operations. Reported at Kolkata facility during shift 2.,Resolved,Ahmedabad,receive delay impact warehouse operations report kolkata facility shift
1339,Transportation Failure,Low,Driver unavailable for scheduled route. Reported at Chennai facility during shift 3.,In Progress,Kolkata,driver unavailable schedule route report chennai facility shift
1340,Documentation Error,Medium,Export declaration contained errors. Reported at Pune facility during shift 1.,In Progress,Mumbai,export declaration contain errors report pune facility shift
1341,Documentation Error,Low,Invoice value discrepancy identified. Reported at Chennai facility during shift 3.,Resolved,Kolkata,invoice value discrepancy identify report chennai facility shift
1342,Shipment Delay,Low,Mechanical failure delayed freight movement. Reported at Bengaluru facility during shift 1.,In Progress,Mumbai,mechanical failure delay freight movement report bengaluru facility shift
1343,Customs Issue,Medium,Customs valuation dispute identified. Reported at Mumbai facility during shift 1.,Open,Pune,customs valuation dispute identify report mumbai facility shift
1344,Warehouse Issue,Medium,Inventory allocation issue detected. Reported at Bengaluru facility during shift 1.,In Progress,Chennai,inventory allocation issue detect report bengaluru facility shift
1345,Warehouse Issue,High,Receiving delay impacted warehouse operations. Reported at Bengaluru facility during shift 1.,Resolved,Ahmedabad,receive delay impact warehouse operations report bengaluru facility shift
1346,Warehouse Issue,Low,Picking error occurred in warehouse. Reported at Ahmedabad facility during shift 3.,Open,Chennai,pick error occur warehouse report ahmedabad facility shift
1347,Transportation Failure,Low,Driver unavailable for scheduled route. Reported at Mumbai facility during shift 1.,In Progress,Chennai,driver unavailable schedule route report mumbai facility shift
1348,Damaged Goods,Low,Container impact damaged shipment contents. Reported at Kolkata facility during shift 1.,Open,Chennai,container impact damage shipment content report kolkata facility shift
1349,Damaged Goods,Low,Transit vibration caused product defects. Reported at Kolkata facility during shift 2.,In Progress,Bengaluru,transit vibration cause product defect report kolkata facility shift
1350,Warehouse Issue,Medium,Cycle count discrepancy identified. Reported at Chennai facility during shift 2.,In Progress,Mumbai,cycle count discrepancy identify report chennai facility shift
1351,Damaged Goods,Medium,Fragile goods mishandled during unloading. Reported at Chennai facility during shift 2.,Resolved,Bengaluru,fragile goods mishandle unload report chennai facility shift
1352,Shipment Delay,High,Truck breakdown caused delivery delay. Reported at Chennai facility during shift 3.,Resolved,Bengaluru,truck breakdown cause delivery delay report chennai facility shift
1353,Documentation Error,Medium,Customs paperwork contained errors. Reported at Hyderabad facility during shift 2.,Resolved,Ahmedabad,customs paperwork contain errors report hyderabad facility shift
1354,Inventory Shortage,Low,Demand exceeded available stock levels. Reported at Delhi facility during shift 1.,In Progress,Kolkata,demand exceed available stock level report delhi facility shift
1355,Documentation Error,Medium,Missing certificate delayed shipment release. Reported at Pune facility during shift 2.,Resolved,Delhi,miss certificate delay shipment release report pune facility shift
1356,Inventory Shortage,Medium,Inventory forecast underestimated demand. Reported at Hyderabad facility during shift 3.,In Progress,Chennai,inventory forecast underestimate demand report hyderabad facility shift
1357,Documentation Error,Low,Documentation approval pending correction. Reported at Delhi facility during shift 1.,Resolved,Chennai,documentation approval pending correction report delhi facility shift
1358,Transportation Failure,Medium,Driver unavailable for scheduled route. Reported at Bengaluru facility during shift 1.,Open,Mumbai,driver unavailable schedule route report bengaluru facility shift
1359,Damaged Goods,Medium,Forklift accident damaged inventory. Reported at Ahmedabad facility during shift 3.,In Progress,Pune,forklift accident damage inventory report ahmedabad facility shift
1360,Warehouse Issue,Low,Cycle count discrepancy identified. Reported at Pune facility during shift 3.,In Progress,Delhi,cycle count discrepancy identify report pune facility shift
1361,Shipment Delay,Low,Last-mile delivery partner unavailable. Reported at Chennai facility during shift 2.,Open,Bengaluru,lastmile delivery partner unavailable report chennai facility shift
1362,Customs Issue,Low,Border inspection extended shipment hold. Reported at Ahmedabad facility during shift 3.,In Progress,Pune,border inspection extend shipment hold report ahmedabad facility shift
1363,Warehouse Issue,Medium,Put-away process delayed inventory availability. Reported at Kolkata facility during shift 1.,Open,Pune,putaway process delay inventory availability report kolkata facility shift
1364,Shipment Delay,Medium,Truck breakdown caused delivery delay. Reported at Pune facility during shift 1.,Open,Hyderabad,truck breakdown cause delivery delay report pune facility shift
1365,Transportation Failure,Critical,Logistics partner experienced operational failure. Reported at Pune facility during shift 1.,Open,Bengaluru,logistics partner experience operational failure report pune facility shift
1366,Damaged Goods,High,Goods arrived with visible damage. Reported at Bengaluru facility during shift 2.,In Progress,Bengaluru,goods arrive visible damage report bengaluru facility shift
1367,Inventory Shortage,High,Demand exceeded available stock levels. Reported at Chennai facility during shift 1.,Open,Chennai,demand exceed available stock level report chennai facility shift
1368,Warehouse Issue,Medium,Dock congestion slowed warehouse throughput. Reported at Delhi facility during shift 2.,Open,Pune,dock congestion slow warehouse throughput report delhi facility shift
1369,Inventory Shortage,Medium,Stockout occurred at fulfillment center. Reported at Ahmedabad facility during shift 1.,In Progress,Delhi,stockout occur fulfillment center report ahmedabad facility shift
1370,Documentation Error,Low,Invoice value discrepancy identified. Reported at Kolkata facility during shift 3.,Open,Delhi,invoice value discrepancy identify report kolkata facility shift
1371,Warehouse Issue,Medium,Warehouse processing backlog reported. Reported at Bengaluru facility during shift 3.,In Progress,Pune,warehouse process backlog report report bengaluru facility shift
1372,Documentation Error,High,Purchase order details inconsistent. Reported at Bengaluru facility during shift 1.,Resolved,Bengaluru,purchase order detail inconsistent report bengaluru facility shift
1373,Warehouse Issue,Medium,Inventory misplaced within storage area. Reported at Hyderabad facility during shift 1.,Open,Hyderabad,inventory misplace within storage area report hyderabad facility shift
1374,Warehouse Issue,High,Storage location information incorrect. Reported at Ahmedabad facility during shift 1.,In Progress,Mumbai,storage location information incorrect report ahmedabad facility shift
1375,Inventory Shortage,High,Backordered items unavailable for dispatch. Reported at Kolkata facility during shift 3.,In Progress,Ahmedabad,backordered items unavailable dispatch report kolkata facility shift
1376,Documentation Error,High,Export declaration contained errors. Reported at Delhi facility during shift 2.,Resolved,Ahmedabad,export declaration contain errors report delhi facility shift
1377,Customs Issue,Medium,Import permit approval pending. Reported at Ahmedabad facility during shift 2.,Resolved,Chennai,import permit approval pending report ahmedabad facility shift
1378,Inventory Shortage,High,Demand exceeded available stock levels. Reported at Bengaluru facility during shift 2.,In Progress,Bengaluru,demand exceed available stock level report bengaluru facility shift
1379,Damaged Goods,Low,Pallet collapse resulted in product damage. Reported at Kolkata facility during shift 3.,In Progress,Hyderabad,pallet collapse result product damage report kolkata facility shift
1380,Documentation Error,Low,Missing invoice delayed processing. Reported at Delhi facility during shift 1.,Resolved,Pune,miss invoice delay process report delhi facility shift
1381,Inventory Shortage,Medium,Cycle count revealed stock deficiency. Reported at Chennai facility during shift 2.,In Progress,Kolkata,cycle count reveal stock deficiency report chennai facility shift
1382,Transportation Failure,Medium,Fleet utilization exceeded available capacity. Reported at Kolkata facility during shift 2.,In Progress,Pune,fleet utilization exceed available capacity report kolkata facility shift
1383,Damaged Goods,Medium,Pallet collapse resulted in product damage. Reported at Chennai facility during shift 1.,In Progress,Mumbai,pallet collapse result product damage report chennai facility shift
1384,Damaged Goods,High,Receiving inspection identified damaged goods. Reported at Mumbai facility during shift 2.,Resolved,Mumbai,receive inspection identify damage goods report mumbai facility shift
1385,Warehouse Issue,Low,Inventory allocation issue detected. Reported at Bengaluru facility during shift 1.,In Progress,Chennai,inventory allocation issue detect report bengaluru facility shift
1386,Documentation Error,Medium,Bill of lading information mismatch detected. Reported at Pune facility during shift 1.,In Progress,Hyderabad,bill lade information mismatch detect report pune facility shift
1387,Customs Issue,High,Trade compliance review delayed processing. Reported at Hyderabad facility during shift 1.,Open,Hyderabad,trade compliance review delay process report hyderabad facility shift
1388,Shipment Delay,High,Driver shortage affected transportation schedule. Reported at Hyderabad facility during shift 2.,In Progress,Kolkata,driver shortage affect transportation schedule report hyderabad facility shift
1389,Warehouse Issue,Medium,Cycle count discrepancy identified. Reported at Chennai facility during shift 2.,Open,Kolkata,cycle count discrepancy identify report chennai facility shift
1390,Inventory Shortage,Low,Demand exceeded available stock levels. Reported at Bengaluru facility during shift 2.,Resolved,Ahmedabad,demand exceed available stock level report bengaluru facility shift
1391,Customs Issue,High,Trade compliance review delayed processing. Reported at Ahmedabad facility during shift 2.,In Progress,Bengaluru,trade compliance review delay process report ahmedabad facility shift
1392,Transportation Failure,Medium,Third-party carrier cancelled shipment booking. Reported at Kolkata facility during shift 1.,Resolved,Chennai,thirdparty carrier cancel shipment book report kolkata facility shift
1393,Damaged Goods,Critical,Goods arrived with visible damage. Reported at Delhi facility during shift 2.,Open,Ahmedabad,goods arrive visible damage report delhi facility shift
1394,Warehouse Issue,Low,Dock congestion slowed warehouse throughput. Reported at Pune facility during shift 2.,In Progress,Kolkata,dock congestion slow warehouse throughput report pune facility shift
1395,Warehouse Issue,Medium,Space constraint affected storage operations. Reported at Hyderabad facility during shift 2.,Resolved,Chennai,space constraint affect storage operations report hyderabad facility shift
1396,Inventory Shortage,Medium,Inventory replenishment delayed. Reported at Pune facility during shift 3.,Resolved,Kolkata,inventory replenishment delay report pune facility shift
1397,Transportation Failure,Medium,Logistics partner experienced operational failure. Reported at Kolkata facility during shift 1.,Open,Ahmedabad,logistics partner experience operational failure report kolkata facility shift
1398,Shipment Delay,High,Container missed connecting vessel. Reported at Ahmedabad facility during shift 3.,Open,Delhi,container miss connect vessel report ahmedabad facility shift
1399,Shipment Delay,High,Shipment rerouted causing additional transit time. Reported at Delhi facility during shift 1.,Resolved,Ahmedabad,shipment rerouted cause additional transit time report delhi facility shift
1400,Shipment Delay,Critical,Port congestion delayed shipment arrival. Reported at Bengaluru facility during shift 1.,In Progress,Hyderabad,port congestion delay shipment arrival report bengaluru facility shift
1401,Inventory Shortage,Medium,Demand exceeded available stock levels. Reported at Hyderabad facility during shift 3.,In Progress,Chennai,demand exceed available stock level report hyderabad facility shift
1402,Damaged Goods,Medium,Temperature excursion affected product quality. Reported at Chennai facility during shift 1.,In Progress,Kolkata,temperature excursion affect product quality report chennai facility shift
1403,Inventory Shortage,Medium,Product unavailable due to inventory mismatch. Reported at Delhi facility during shift 3.,Resolved,Mumbai,product unavailable due inventory mismatch report delhi facility shift
1404,Transportation Failure,High,Trailer availability issue delayed dispatch. Reported at Bengaluru facility during shift 1.,In Progress,Kolkata,trailer availability issue delay dispatch report bengaluru facility shift
1405,Warehouse Issue,Medium,Put-away process delayed inventory availability. Reported at Ahmedabad facility during shift 1.,In Progress,Bengaluru,putaway process delay inventory availability report ahmedabad facility shift
1406,Documentation Error,Low,Data entry error impacted shipment records. Reported at Ahmedabad facility during shift 2.,Open,Ahmedabad,data entry error impact shipment record report ahmedabad facility shift
1407,Shipment Delay,High,Holiday demand surge caused shipping delays. Reported at Kolkata facility during shift 3.,Resolved,Pune,holiday demand surge cause ship delay report kolkata facility shift
1408,Documentation Error,Medium,Shipping label generated with incorrect address. Reported at Ahmedabad facility during shift 2.,Open,Mumbai,ship label generate incorrect address report ahmedabad facility shift
1409,Damaged Goods,High,Fragile goods mishandled during unloading. Reported at Ahmedabad facility during shift 2.,Resolved,Hyderabad,fragile goods mishandle unload report ahmedabad facility shift
1410,Transportation Failure,Low,Route planning error delayed movement. Reported at Delhi facility during shift 2.,Resolved,Kolkata,route plan error delay movement report delhi facility shift
1411,Transportation Failure,Medium,Fuel supply issue interrupted transportation. Reported at Delhi facility during shift 3.,In Progress,Chennai,fuel supply issue interrupt transportation report delhi facility shift
1412,Inventory Shortage,High,Warehouse unable to fulfill requested quantity. Reported at Delhi facility during shift 2.,Resolved,Hyderabad,warehouse unable fulfill request quantity report delhi facility shift
1413,Customs Issue,High,Country-specific restriction affected import. Reported at Mumbai facility during shift 3.,Open,Ahmedabad,countryspecific restriction affect import report mumbai facility shift
1414,Transportation Failure,Low,Third-party carrier cancelled shipment booking. Reported at Mumbai facility during shift 2.,Open,Pune,thirdparty carrier cancel shipment book report mumbai facility shift
1415,Transportation Failure,Low,Fleet utilization exceeded available capacity. Reported at Delhi facility during shift 2.,Open,Ahmedabad,fleet utilization exceed available capacity report delhi facility shift
1416,Shipment Delay,Medium,Truck breakdown caused delivery delay. Reported at Ahmedabad facility during shift 2.,In Progress,Bengaluru,truck breakdown cause delivery delay report ahmedabad facility shift
1417,Transportation Failure,Low,Delivery vehicle breakdown reported. Reported at Chennai facility during shift 2.,Open,Pune,delivery vehicle breakdown report report chennai facility shift
1418,Customs Issue,Medium,Regulatory approval pending clearance. Reported at Ahmedabad facility during shift 2.,Open,Bengaluru,regulatory approval pending clearance report ahmedabad facility shift
1419,Customs Issue,High,Import permit approval pending. Reported at Delhi facility during shift 2.,Open,Delhi,import permit approval pending report delhi facility shift
1420,Warehouse Issue,Low,Warehouse stock mismatch identified. Reported at Mumbai facility during shift 1.,Resolved,Kolkata,warehouse stock mismatch identify report mumbai facility shift
1421,Inventory Shortage,Low,Product unavailable due to inventory mismatch. Reported at Chennai facility during shift 3.,In Progress,Pune,product unavailable due inventory mismatch report chennai facility shift
1422,Inventory Shortage,Medium,Demand exceeded available stock levels. Reported at Chennai facility during shift 3.,In Progress,Chennai,demand exceed available stock level report chennai facility shift
1423,Warehouse Issue,Medium,Dock congestion slowed warehouse throughput. Reported at Mumbai facility during shift 2.,In Progress,Chennai,dock congestion slow warehouse throughput report mumbai facility shift
1424,Documentation Error,High,Incorrect shipping documentation submitted. Reported at Chennai facility during shift 2.,Open,Pune,incorrect ship documentation submit report chennai facility shift
1425,Inventory Shortage,Medium,Demand exceeded available stock levels. Reported at Mumbai facility during shift 1.,Open,Pune,demand exceed available stock level report mumbai facility shift
1426,Warehouse Issue,Critical,Warehouse processing backlog reported. Reported at Mumbai facility during shift 1.,Open,Delhi,warehouse process backlog report report mumbai facility shift
1427,Customs Issue,Medium,Import documentation under review. Reported at Chennai facility during shift 2.,In Progress,Pune,import documentation review report chennai facility shift
1428,Documentation Error,Low,Missing certificate delayed shipment release. Reported at Bengaluru facility during shift 3.,Resolved,Kolkata,miss certificate delay shipment release report bengaluru facility shift
1429,Transportation Failure,Low,Transport route disruption due to road closure. Reported at Bengaluru facility during shift 1.,In Progress,Delhi,transport route disruption due road closure report bengaluru facility shift
1430,Shipment Delay,Medium,Delivery delayed due to traffic disruption. Reported at Pune facility during shift 1.,In Progress,Bengaluru,delivery delay due traffic disruption report pune facility shift
1431,Shipment Delay,Medium,Shipment rerouted causing additional transit time. Reported at Hyderabad facility during shift 3.,Open,Mumbai,shipment rerouted cause additional transit time report hyderabad facility shift
1432,Inventory Shortage,Medium,Supplier delay created inventory gap. Reported at Hyderabad facility during shift 3.,Open,Delhi,supplier delay create inventory gap report hyderabad facility shift
1433,Damaged Goods,Medium,Product packaging torn during loading. Reported at Pune facility during shift 3.,Resolved,Delhi,product package tear load report pune facility shift
1434,Damaged Goods,Medium,Goods arrived with visible damage. Reported at Pune facility during shift 3.,In Progress,Chennai,goods arrive visible damage report pune facility shift
1435,Documentation Error,Medium,Shipping label generated with incorrect address. Reported at Ahmedabad facility during shift 2.,Resolved,Bengaluru,ship label generate incorrect address report ahmedabad facility shift
1436,Documentation Error,Low,Documentation approval pending correction. Reported at Chennai facility during shift 1.,Open,Hyderabad,documentation approval pending correction report chennai facility shift
1437,Inventory Shortage,Medium,Procurement delay affected inventory availability. Reported at Kolkata facility during shift 1.,Open,Delhi,procurement delay affect inventory availability report kolkata facility shift
1438,Damaged Goods,Low,Improper handling caused item breakage. Reported at Hyderabad facility during shift 1.,Open,Chennai,improper handle cause item breakage report hyderabad facility shift
1439,Inventory Shortage,High,Warehouse unable to fulfill requested quantity. Reported at Ahmedabad facility during shift 3.,Open,Hyderabad,warehouse unable fulfill request quantity report ahmedabad facility shift
1440,Damaged Goods,High,Fragile goods mishandled during unloading. Reported at Chennai facility during shift 3.,In Progress,Hyderabad,fragile goods mishandle unload report chennai facility shift
1441,Warehouse Issue,Medium,Warehouse stock mismatch identified. Reported at Bengaluru facility during shift 3.,Open,Bengaluru,warehouse stock mismatch identify report bengaluru facility shift
1442,Documentation Error,Medium,Incorrect shipping documentation submitted. Reported at Bengaluru facility during shift 3.,Open,Kolkata,incorrect ship documentation submit report bengaluru facility shift
1443,Documentation Error,Medium,Incorrect consignee information provided. Reported at Delhi facility during shift 2.,Open,Ahmedabad,incorrect consignee information provide report delhi facility shift
1444,Shipment Delay,Critical,Unexpected weather conditions slowed transportation. Reported at Chennai facility during shift 3.,Open,Delhi,unexpected weather condition slow transportation report chennai facility shift
1445,Shipment Delay,Medium,Port congestion delayed shipment arrival. Reported at Bengaluru facility during shift 1.,In Progress,Ahmedabad,port congestion delay shipment arrival report bengaluru facility shift
1446,Damaged Goods,Medium,Goods arrived with visible damage. Reported at Bengaluru facility during shift 1.,Resolved,Bengaluru,goods arrive visible damage report bengaluru facility shift
1447,Damaged Goods,Low,Shipment contents damaged in transit. Reported at Ahmedabad facility during shift 3.,In Progress,Mumbai,shipment content damage transit report ahmedabad facility shift
1448,Damaged Goods,Medium,Pallet collapse resulted in product damage. Reported at Kolkata facility during shift 1.,In Progress,Kolkata,pallet collapse result product damage report kolkata facility shift
1449,Warehouse Issue,High,Storage location information incorrect. Reported at Ahmedabad facility during shift 1.,In Progress,Mumbai,storage location information incorrect report ahmedabad facility shift
1450,Warehouse Issue,Medium,Order consolidation process delayed shipment. Reported at Hyderabad facility during shift 3.,Resolved,Delhi,order consolidation process delay shipment report hyderabad facility shift
1451,Damaged Goods,Medium,Pallet collapse resulted in product damage. Reported at Ahmedabad facility during shift 2.,In Progress,Ahmedabad,pallet collapse result product damage report ahmedabad facility shift
1452,Shipment Delay,Medium,Container missed connecting vessel. Reported at Delhi facility during shift 3.,Open,Bengaluru,container miss connect vessel report delhi facility shift
1453,Shipment Delay,Medium,Shipment delayed due to customs inspection. Reported at Pune facility during shift 2.,In Progress,Kolkata,shipment delay due customs inspection report pune facility shift
1454,Customs Issue,Medium,Customs requested additional documentation. Reported at Kolkata facility during shift 2.,Resolved,Mumbai,customs request additional documentation report kolkata facility shift
1455,Transportation Failure,Medium,Trailer availability issue delayed dispatch. Reported at Chennai facility during shift 1.,Resolved,Delhi,trailer availability issue delay dispatch report chennai facility shift
1456,Inventory Shortage,High,Unexpected order spike exhausted stock. Reported at Kolkata facility during shift 2.,Resolved,Pune,unexpected order spike exhaust stock report kolkata facility shift
1457,Documentation Error,Medium,Data entry error impacted shipment records. Reported at Ahmedabad facility during shift 3.,Resolved,Chennai,data entry error impact shipment record report ahmedabad facility shift
1458,Customs Issue,Low,Tariff classification review in progress. Reported at Kolkata facility during shift 3.,In Progress,Chennai,tariff classification review progress report kolkata facility shift
1459,Warehouse Issue,Medium,Receiving delay impacted warehouse operations. Reported at Chennai facility during shift 3.,Open,Hyderabad,receive delay impact warehouse operations report chennai facility shift
1460,Documentation Error,Low,Export declaration contained errors. Reported at Delhi facility during shift 2.,Resolved,Delhi,export declaration contain errors report delhi facility shift
1461,Shipment Delay,High,Truck breakdown caused delivery delay. Reported at Mumbai facility during shift 3.,In Progress,Kolkata,truck breakdown cause delivery delay report mumbai facility shift
1462,Customs Issue,Critical,Border security inspection caused delay. Reported at Mumbai facility during shift 3.,In Progress,Delhi,border security inspection cause delay report mumbai facility shift
1463,Warehouse Issue,Medium,Order picking queue exceeded capacity. Reported at Hyderabad facility during shift 3.,Resolved,Kolkata,order pick queue exceed capacity report hyderabad facility shift
1464,Documentation Error,High,Required compliance document missing. Reported at Kolkata facility during shift 3.,Open,Pune,require compliance document miss report kolkata facility shift
1465,Warehouse Issue,Low,Storage location information incorrect. Reported at Hyderabad facility during shift 3.,Resolved,Kolkata,storage location information incorrect report hyderabad facility shift
1466,Customs Issue,High,Regulatory verification delayed release. Reported at Chennai facility during shift 1.,Open,Mumbai,regulatory verification delay release report chennai facility shift
1467,Shipment Delay,Medium,Driver shortage affected transportation schedule. Reported at Kolkata facility during shift 3.,In Progress,Kolkata,driver shortage affect transportation schedule report kolkata facility shift
1468,Inventory Shortage,High,Inventory replenishment delayed. Reported at Pune facility during shift 1.,Open,Ahmedabad,inventory replenishment delay report pune facility shift
1469,Inventory Shortage,Medium,Backordered items unavailable for dispatch. Reported at Mumbai facility during shift 2.,Open,Delhi,backordered items unavailable dispatch report mumbai facility shift
1470,Inventory Shortage,Low,Warehouse stock shortage detected. Reported at Delhi facility during shift 1.,In Progress,Ahmedabad,warehouse stock shortage detect report delhi facility shift
1471,Customs Issue,Low,Country-specific restriction affected import. Reported at Mumbai facility during shift 3.,In Progress,Mumbai,countryspecific restriction affect import report mumbai facility shift
1472,Transportation Failure,Medium,Transport route disruption due to road closure. Reported at Hyderabad facility during shift 1.,Resolved,Bengaluru,transport route disruption due road closure report hyderabad facility shift
1473,Transportation Failure,Low,Fleet utilization exceeded available capacity. Reported at Mumbai facility during shift 1.,Open,Chennai,fleet utilization exceed available capacity report mumbai facility shift
1474,Shipment Delay,Medium,Unexpected weather conditions slowed transportation. Reported at Chennai facility during shift 2.,In Progress,Ahmedabad,unexpected weather condition slow transportation report chennai facility shift
1475,Transportation Failure,Medium,Third-party carrier cancelled shipment booking. Reported at Pune facility during shift 3.,In Progress,Pune,thirdparty carrier cancel shipment book report pune facility shift
1476,Damaged Goods,Medium,Transit vibration caused product defects. Reported at Bengaluru facility during shift 2.,In Progress,Chennai,transit vibration cause product defect report bengaluru facility shift
1477,Damaged Goods,Low,Transit vibration caused product defects. Reported at Pune facility during shift 1.,Resolved,Kolkata,transit vibration cause product defect report pune facility shift
1478,Customs Issue,Medium,Trade compliance review delayed processing. Reported at Delhi facility during shift 1.,Resolved,Hyderabad,trade compliance review delay process report delhi facility shift
1479,Customs Issue,Medium,Shipment selected for random inspection. Reported at Bengaluru facility during shift 2.,Resolved,Ahmedabad,shipment select random inspection report bengaluru facility shift
1480,Documentation Error,Critical,Purchase order details inconsistent. Reported at Bengaluru facility during shift 1.,In Progress,Chennai,purchase order detail inconsistent report bengaluru facility shift
1481,Customs Issue,Medium,Customs requested additional documentation. Reported at Chennai facility during shift 3.,In Progress,Bengaluru,customs request additional documentation report chennai facility shift
1482,Documentation Error,Medium,Export declaration contained errors. Reported at Kolkata facility during shift 3.,Open,Pune,export declaration contain errors report kolkata facility shift
1483,Transportation Failure,High,Trailer availability issue delayed dispatch. Reported at Ahmedabad facility during shift 3.,Open,Kolkata,trailer availability issue delay dispatch report ahmedabad facility shift
1484,Damaged Goods,Low,Container impact damaged shipment contents. Reported at Bengaluru facility during shift 3.,Resolved,Chennai,container impact damage shipment content report bengaluru facility shift
1485,Inventory Shortage,High,Inventory forecast underestimated demand. Reported at Mumbai facility during shift 2.,Resolved,Ahmedabad,inventory forecast underestimate demand report mumbai facility shift
1486,Inventory Shortage,Medium,Warehouse unable to fulfill requested quantity. Reported at Ahmedabad facility during shift 1.,Resolved,Bengaluru,warehouse unable fulfill request quantity report ahmedabad facility shift
1487,Inventory Shortage,Medium,Demand exceeded available stock levels. Reported at Delhi facility during shift 3.,Open,Kolkata,demand exceed available stock level report delhi facility shift
1488,Customs Issue,Critical,Shipment held by customs authorities. Reported at Delhi facility during shift 2.,In Progress,Bengaluru,shipment hold customs authorities report delhi facility shift
1489,Customs Issue,Low,Regulatory verification delayed release. Reported at Ahmedabad facility during shift 3.,Open,Ahmedabad,regulatory verification delay release report ahmedabad facility shift
1490,Shipment Delay,Critical,Driver shortage affected transportation schedule. Reported at Pune facility during shift 1.,Resolved,Mumbai,driver shortage affect transportation schedule report pune facility shift
1491,Customs Issue,High,Customs requested additional documentation. Reported at Kolkata facility during shift 3.,Resolved,Kolkata,customs request additional documentation report kolkata facility shift
1492,Customs Issue,Low,Customs valuation dispute identified. Reported at Kolkata facility during shift 1.,Open,Hyderabad,customs valuation dispute identify report kolkata facility shift
1493,Shipment Delay,High,Truck breakdown caused delivery delay. Reported at Mumbai facility during shift 2.,Open,Mumbai,truck breakdown cause delivery delay report mumbai facility shift
1494,Documentation Error,Critical,Incorrect consignee information provided. Reported at Delhi facility during shift 2.,Resolved,Chennai,incorrect consignee information provide report delhi facility shift
1495,Damaged Goods,Critical,Package damaged during transportation. Reported at Bengaluru facility during shift 2.,In Progress,Pune,package damage transportation report bengaluru facility shift
1496,Warehouse Issue,Medium,Dock congestion slowed warehouse throughput. Reported at Delhi facility during shift 3.,Resolved,Bengaluru,dock congestion slow warehouse throughput report delhi facility shift
1497,Shipment Delay,High,Delivery delayed due to traffic disruption. Reported at Chennai facility during shift 3.,In Progress,Delhi,delivery delay due traffic disruption report chennai facility shift
1498,Warehouse Issue,Medium,Inventory allocation issue detected. Reported at Bengaluru facility during shift 2.,Open,Hyderabad,inventory allocation issue detect report bengaluru facility shift
1499,Inventory Shortage,Medium,Procurement delay affected inventory availability. Reported at Chennai facility during shift 3.,Resolved,Mumbai,procurement delay affect inventory availability report chennai facility shift
1500,Damaged Goods,High,Transit vibration caused product defects. Reported at Ahmedabad facility during shift 3.,In Progress,Hyderabad,transit vibration cause product defect report ahmedabad facility shift
1501,Customs Issue,Low,Tariff classification review in progress. Reported at Chennai facility during shift 2.,Resolved,Bengaluru,tariff classification review progress report chennai facility shift
1502,Warehouse Issue,High,Put-away process delayed inventory availability. Reported at Bengaluru facility during shift 3.,Open,Ahmedabad,putaway process delay inventory availability report bengaluru facility shift
1503,Customs Issue,Critical,Tariff classification review in progress. Reported at Hyderabad facility during shift 3.,Open,Chennai,tariff classification review progress report hyderabad facility shift
1504,Documentation Error,Medium,Purchase order details inconsistent. Reported at Pune facility during shift 2.,In Progress,Kolkata,purchase order detail inconsistent report pune facility shift
1505,Transportation Failure,Medium,Transport route disruption due to road closure. Reported at Hyderabad facility during shift 2.,Open,Kolkata,transport route disruption due road closure report hyderabad facility shift
1506,Shipment Delay,High,Port congestion delayed shipment arrival. Reported at Pune facility during shift 3.,Open,Hyderabad,port congestion delay shipment arrival report pune facility shift
1507,Transportation Failure,Low,Accident blocked scheduled delivery route. Reported at Delhi facility during shift 3.,Resolved,Ahmedabad,accident block schedule delivery route report delhi facility shift
1508,Damaged Goods,Low,Receiving inspection identified damaged goods. Reported at Delhi facility during shift 1.,Resolved,Bengaluru,receive inspection identify damage goods report delhi facility shift
1509,Customs Issue,High,Customs valuation dispute identified. Reported at Chennai facility during shift 2.,Resolved,Mumbai,customs valuation dispute identify report chennai facility shift
1510,Customs Issue,Critical,Shipment selected for random inspection. Reported at Delhi facility during shift 2.,In Progress,Delhi,shipment select random inspection report delhi facility shift
1511,Shipment Delay,Low,Truck breakdown caused delivery delay. Reported at Pune facility during shift 2.,Open,Mumbai,truck breakdown cause delivery delay report pune facility shift
1512,Documentation Error,Medium,Missing certificate delayed shipment release. Reported at Pune facility during shift 3.,Open,Kolkata,miss certificate delay shipment release report pune facility shift
1513,Inventory Shortage,Medium,Warehouse stock shortage detected. Reported at Mumbai facility during shift 1.,In Progress,Delhi,warehouse stock shortage detect report mumbai facility shift
1514,Customs Issue,Critical,Regulatory approval pending clearance. Reported at Kolkata facility during shift 3.,Resolved,Mumbai,regulatory approval pending clearance report kolkata facility shift
1515,Warehouse Issue,Medium,Warehouse management system outage reported. Reported at Kolkata facility during shift 2.,In Progress,Pune,warehouse management system outage report report kolkata facility shift
1516,Shipment Delay,Low,Truck breakdown caused delivery delay. Reported at Mumbai facility during shift 1.,Resolved,Bengaluru,truck breakdown cause delivery delay report mumbai facility shift
1517,Shipment Delay,Medium,Rail transport delay impacted delivery timeline. Reported at Ahmedabad facility during shift 2.,Open,Delhi,rail transport delay impact delivery timeline report ahmedabad facility shift
1518,Transportation Failure,Medium,Fleet utilization exceeded available capacity. Reported at Kolkata facility during shift 2.,Open,Pune,fleet utilization exceed available capacity report kolkata facility shift
1519,Shipment Delay,High,Dispatch process delayed at origin facility. Reported at Delhi facility during shift 2.,Open,Kolkata,dispatch process delay origin facility report delhi facility shift
1520,Documentation Error,Medium,Manifest information incomplete. Reported at Ahmedabad facility during shift 1.,Resolved,Mumbai,manifest information incomplete report ahmedabad facility shift
1521,Warehouse Issue,High,Space constraint affected storage operations. Reported at Bengaluru facility during shift 3.,Open,Delhi,space constraint affect storage operations report bengaluru facility shift
1522,Shipment Delay,Low,Cargo loading completed behind schedule. Reported at Ahmedabad facility during shift 2.,Open,Bengaluru,cargo load complete behind schedule report ahmedabad facility shift
1523,Customs Issue,Low,Import documentation under review. Reported at Mumbai facility during shift 3.,Open,Mumbai,import documentation review report mumbai facility shift
1524,Shipment Delay,Critical,Cargo loading completed behind schedule. Reported at Hyderabad facility during shift 2.,Open,Kolkata,cargo load complete behind schedule report hyderabad facility shift
1525,Customs Issue,Low,Shipment held by customs authorities. Reported at Bengaluru facility during shift 2.,Resolved,Hyderabad,shipment hold customs authorities report bengaluru facility shift
1526,Customs Issue,Medium,Shipment flagged for compliance audit. Reported at Ahmedabad facility during shift 1.,Resolved,Pune,shipment flag compliance audit report ahmedabad facility shift
1527,Documentation Error,Medium,Shipping label generated with incorrect address. Reported at Pune facility during shift 3.,Open,Mumbai,ship label generate incorrect address report pune facility shift
1528,Customs Issue,Low,Trade compliance review delayed processing. Reported at Chennai facility during shift 1.,Open,Hyderabad,trade compliance review delay process report chennai facility shift
1529,Warehouse Issue,Medium,Warehouse staffing shortage reported. Reported at Bengaluru facility during shift 1.,Open,Pune,warehouse staff shortage report report bengaluru facility shift
1530,Damaged Goods,Medium,Goods arrived with visible damage. Reported at Kolkata facility during shift 1.,In Progress,Kolkata,goods arrive visible damage report kolkata facility shift
1531,Customs Issue,Medium,Country-specific restriction affected import. Reported at Delhi facility during shift 2.,In Progress,Kolkata,countryspecific restriction affect import report delhi facility shift
1532,Customs Issue,Medium,Import documentation under review. Reported at Bengaluru facility during shift 1.,In Progress,Bengaluru,import documentation review report bengaluru facility shift
1533,Customs Issue,High,Customs requested additional documentation. Reported at Delhi facility during shift 2.,In Progress,Kolkata,customs request additional documentation report delhi facility shift
1534,Transportation Failure,Low,Delivery vehicle breakdown reported. Reported at Bengaluru facility during shift 1.,Resolved,Mumbai,delivery vehicle breakdown report report bengaluru facility shift
1535,Customs Issue,Medium,Shipment flagged for compliance audit. Reported at Kolkata facility during shift 1.,Open,Pune,shipment flag compliance audit report kolkata facility shift
1536,Damaged Goods,High,Warehouse accident damaged stored inventory. Reported at Hyderabad facility during shift 1.,Open,Hyderabad,warehouse accident damage store inventory report hyderabad facility shift
1537,Shipment Delay,Medium,Truck breakdown caused delivery delay. Reported at Kolkata facility during shift 1.,Open,Mumbai,truck breakdown cause delivery delay report kolkata facility shift
1538,Inventory Shortage,High,Backordered items unavailable for dispatch. Reported at Hyderabad facility during shift 3.,In Progress,Mumbai,backordered items unavailable dispatch report hyderabad facility shift
1539,Documentation Error,Low,Incorrect consignee information provided. Reported at Hyderabad facility during shift 3.,Open,Chennai,incorrect consignee information provide report hyderabad facility shift
1540,Inventory Shortage,Medium,Safety stock threshold breached. Reported at Kolkata facility during shift 1.,Resolved,Kolkata,safety stock threshold breach report kolkata facility shift
1541,Transportation Failure,Low,Route planning error delayed movement. Reported at Delhi facility during shift 2.,Resolved,Delhi,route plan error delay movement report delhi facility shift
1542,Customs Issue,Medium,Import documentation under review. Reported at Delhi facility during shift 2.,In Progress,Chennai,import documentation review report delhi facility shift
1543,Customs Issue,High,Customs valuation dispute identified. Reported at Pune facility during shift 3.,Resolved,Kolkata,customs valuation dispute identify report pune facility shift
1544,Customs Issue,Critical,Import permit approval pending. Reported at Delhi facility during shift 2.,In Progress,Hyderabad,import permit approval pending report delhi facility shift
1545,Damaged Goods,Medium,Pallet collapse resulted in product damage. Reported at Bengaluru facility during shift 2.,Open,Hyderabad,pallet collapse result product damage report bengaluru facility shift
1546,Transportation Failure,Medium,Third-party carrier cancelled shipment booking. Reported at Pune facility during shift 1.,Open,Bengaluru,thirdparty carrier cancel shipment book report pune facility shift
1547,Shipment Delay,High,Port congestion delayed shipment arrival. Reported at Chennai facility during shift 1.,Resolved,Ahmedabad,port congestion delay shipment arrival report chennai facility shift
1548,Warehouse Issue,Medium,Warehouse staffing shortage reported. Reported at Chennai facility during shift 2.,Resolved,Delhi,warehouse staff shortage report report chennai facility shift
1549,Transportation Failure,Low,Fleet utilization exceeded available capacity. Reported at Mumbai facility during shift 2.,Open,Chennai,fleet utilization exceed available capacity report mumbai facility shift
1550,Customs Issue,Critical,Tariff classification review in progress. Reported at Pune facility during shift 1.,Resolved,Chennai,tariff classification review progress report pune facility shift
1551,Documentation Error,Critical,Export declaration contained errors. Reported at Delhi facility during shift 3.,Resolved,Bengaluru,export declaration contain errors report delhi facility shift
1552,Inventory Shortage,Medium,Product unavailable due to inventory mismatch. Reported at Pune facility during shift 1.,Open,Kolkata,product unavailable due inventory mismatch report pune facility shift
1553,Transportation Failure,Critical,Fuel supply issue interrupted transportation. Reported at Delhi facility during shift 2.,In Progress,Bengaluru,fuel supply issue interrupt transportation report delhi facility shift
1554,Warehouse Issue,Low,Inventory misplaced within storage area. Reported at Mumbai facility during shift 2.,In Progress,Hyderabad,inventory misplace within storage area report mumbai facility shift
1555,Inventory Shortage,Critical,Warehouse stock shortage detected. Reported at Kolkata facility during shift 1.,Resolved,Chennai,warehouse stock shortage detect report kolkata facility shift
1556,Transportation Failure,Medium,Trailer availability issue delayed dispatch. Reported at Ahmedabad facility during shift 1.,Resolved,Ahmedabad,trailer availability issue delay dispatch report ahmedabad facility shift
1557,Damaged Goods,Low,Shipment contents damaged in transit. Reported at Pune facility during shift 1.,Resolved,Delhi,shipment content damage transit report pune facility shift
1558,Transportation Failure,Medium,Driver unavailable for scheduled route. Reported at Chennai facility during shift 1.,Open,Mumbai,driver unavailable schedule route report chennai facility shift
1559,Documentation Error,Low,Labeling information did not match shipment. Reported at Delhi facility during shift 2.,In Progress,Chennai,label information match shipment report delhi facility shift
1560,Inventory Shortage,Medium,Unexpected order spike exhausted stock. Reported at Hyderabad facility during shift 1.,In Progress,Hyderabad,unexpected order spike exhaust stock report hyderabad facility shift
1561,Damaged Goods,High,Pallet collapse resulted in product damage. Reported at Delhi facility during shift 3.,Open,Ahmedabad,pallet collapse result product damage report delhi facility shift
1562,Customs Issue,Low,Trade compliance review delayed processing. Reported at Ahmedabad facility during shift 1.,Resolved,Kolkata,trade compliance review delay process report ahmedabad facility shift
1563,Shipment Delay,Low,Container missed connecting vessel. Reported at Bengaluru facility during shift 1.,Open,Delhi,container miss connect vessel report bengaluru facility shift
1564,Transportation Failure,Low,Fuel supply issue interrupted transportation. Reported at Pune facility during shift 1.,Open,Ahmedabad,fuel supply issue interrupt transportation report pune facility shift
1565,Customs Issue,Medium,Regulatory verification delayed release. Reported at Mumbai facility during shift 2.,In Progress,Delhi,regulatory verification delay release report mumbai facility shift
1566,Damaged Goods,High,Warehouse accident damaged stored inventory. Reported at Kolkata facility during shift 3.,Resolved,Kolkata,warehouse accident damage store inventory report kolkata facility shift
1567,Inventory Shortage,Low,Product unavailable due to inventory mismatch. Reported at Mumbai facility during shift 1.,In Progress,Chennai,product unavailable due inventory mismatch report mumbai facility shift
1568,Warehouse Issue,Medium,Dock congestion slowed warehouse throughput. Reported at Bengaluru facility during shift 1.,In Progress,Kolkata,dock congestion slow warehouse throughput report bengaluru facility shift
1569,Documentation Error,Medium,Data entry error impacted shipment records. Reported at Chennai facility during shift 2.,In Progress,Ahmedabad,data entry error impact shipment record report chennai facility shift
1570,Shipment Delay,Medium,Driver shortage affected transportation schedule. Reported at Kolkata facility during shift 1.,Resolved,Delhi,driver shortage affect transportation schedule report kolkata facility shift
1571,Inventory Shortage,Critical,Stockout occurred at fulfillment center. Reported at Mumbai facility during shift 2.,Open,Kolkata,stockout occur fulfillment center report mumbai facility shift
1572,Inventory Shortage,High,Inventory forecast underestimated demand. Reported at Mumbai facility during shift 3.,Resolved,Delhi,inventory forecast underestimate demand report mumbai facility shift
1573,Inventory Shortage,Low,Inventory reservation conflict identified. Reported at Delhi facility during shift 1.,In Progress,Chennai,inventory reservation conflict identify report delhi facility shift
1574,Damaged Goods,Low,Forklift accident damaged inventory. Reported at Delhi facility during shift 2.,Open,Mumbai,forklift accident damage inventory report delhi facility shift
1575,Warehouse Issue,Medium,Warehouse stock mismatch identified. Reported at Kolkata facility during shift 2.,Resolved,Bengaluru,warehouse stock mismatch identify report kolkata facility shift
1576,Inventory Shortage,Low,Safety stock threshold breached. Reported at Kolkata facility during shift 2.,In Progress,Chennai,safety stock threshold breach report kolkata facility shift
1577,Damaged Goods,Low,Product packaging torn during loading. Reported at Hyderabad facility during shift 2.,In Progress,Kolkata,product package tear load report hyderabad facility shift
1578,Inventory Shortage,Low,Safety stock threshold breached. Reported at Chennai facility during shift 1.,Open,Pune,safety stock threshold breach report chennai facility shift
1579,Inventory Shortage,Critical,Stockout occurred at fulfillment center. Reported at Ahmedabad facility during shift 2.,Open,Kolkata,stockout occur fulfillment center report ahmedabad facility shift
1580,Inventory Shortage,Medium,Stockout occurred at fulfillment center. Reported at Ahmedabad facility during shift 2.,Open,Mumbai,stockout occur fulfillment center report ahmedabad facility shift
1581,Customs Issue,Medium,Shipment held by customs authorities. Reported at Delhi facility during shift 2.,In Progress,Pune,shipment hold customs authorities report delhi facility shift
1582,Inventory Shortage,Medium,Raw material shortage impacted production. Reported at Hyderabad facility during shift 1.,Open,Mumbai,raw material shortage impact production report hyderabad facility shift
1583,Inventory Shortage,Medium,Raw material shortage impacted production. Reported at Mumbai facility during shift 1.,Resolved,Bengaluru,raw material shortage impact production report mumbai facility shift
1584,Inventory Shortage,Low,Procurement delay affected inventory availability. Reported at Ahmedabad facility during shift 1.,Resolved,Pune,procurement delay affect inventory availability report ahmedabad facility shift
1585,Damaged Goods,Medium,Packaging failure led to damaged products. Reported at Ahmedabad facility during shift 1.,Open,Chennai,package failure lead damage products report ahmedabad facility shift
1586,Inventory Shortage,High,Demand exceeded available stock levels. Reported at Kolkata facility during shift 3.,Resolved,Pune,demand exceed available stock level report kolkata facility shift
1587,Damaged Goods,Low,Improper handling caused item breakage. Reported at Mumbai facility during shift 2.,In Progress,Chennai,improper handle cause item breakage report mumbai facility shift
1588,Inventory Shortage,Critical,Cycle count revealed stock deficiency. Reported at Hyderabad facility during shift 3.,In Progress,Chennai,cycle count reveal stock deficiency report hyderabad facility shift
1589,Documentation Error,High,Incorrect shipping documentation submitted. Reported at Bengaluru facility during shift 3.,In Progress,Mumbai,incorrect ship documentation submit report bengaluru facility shift
1590,Inventory Shortage,High,Inventory forecast underestimated demand. Reported at Kolkata facility during shift 3.,In Progress,Hyderabad,inventory forecast underestimate demand report kolkata facility shift
1591,Inventory Shortage,Medium,Inventory replenishment delayed. Reported at Chennai facility during shift 1.,Resolved,Chennai,inventory replenishment delay report chennai facility shift
1592,Warehouse Issue,High,Inventory misplaced within storage area. Reported at Ahmedabad facility during shift 3.,Resolved,Hyderabad,inventory misplace within storage area report ahmedabad facility shift
1593,Damaged Goods,High,Transit vibration caused product defects. Reported at Bengaluru facility during shift 2.,Resolved,Mumbai,transit vibration cause product defect report bengaluru facility shift
1594,Inventory Shortage,Low,Demand exceeded available stock levels. Reported at Chennai facility during shift 3.,Open,Delhi,demand exceed available stock level report chennai facility shift
1595,Damaged Goods,High,Receiving inspection identified damaged goods. Reported at Delhi facility during shift 2.,Open,Bengaluru,receive inspection identify damage goods report delhi facility shift
1596,Warehouse Issue,Medium,Warehouse processing backlog reported. Reported at Mumbai facility during shift 1.,Resolved,Pune,warehouse process backlog report report mumbai facility shift
1597,Damaged Goods,Low,Product packaging torn during loading. Reported at Hyderabad facility during shift 3.,Resolved,Hyderabad,product package tear load report hyderabad facility shift
1598,Damaged Goods,Low,Package damaged during transportation. Reported at Chennai facility during shift 2.,In Progress,Delhi,package damage transportation report chennai facility shift
1599,Damaged Goods,High,Package damaged during transportation. Reported at Mumbai facility during shift 3.,In Progress,Hyderabad,package damage transportation report mumbai facility shift
1600,Warehouse Issue,Low,Dock congestion slowed warehouse throughput. Reported at Bengaluru facility during shift 2.,In Progress,Bengaluru,dock congestion slow warehouse throughput report bengaluru facility shift
1601,Documentation Error,Medium,Missing certificate delayed shipment release. Reported at Kolkata facility during shift 1.,Resolved,Kolkata,miss certificate delay shipment release report kolkata facility shift
1602,Damaged Goods,Medium,Goods arrived with visible damage. Reported at Ahmedabad facility during shift 1.,In Progress,Delhi,goods arrive visible damage report ahmedabad facility shift
1603,Warehouse Issue,Medium,Warehouse staffing shortage reported. Reported at Delhi facility during shift 1.,Resolved,Delhi,warehouse staff shortage report report delhi facility shift
1604,Customs Issue,Low,Regulatory verification delayed release. Reported at Chennai facility during shift 2.,Open,Kolkata,regulatory verification delay release report chennai facility shift
1605,Customs Issue,Low,Border security inspection caused delay. Reported at Bengaluru facility during shift 1.,In Progress,Bengaluru,border security inspection cause delay report bengaluru facility shift
1606,Transportation Failure,High,Trailer availability issue delayed dispatch. Reported at Kolkata facility during shift 1.,Open,Chennai,trailer availability issue delay dispatch report kolkata facility shift
1607,Documentation Error,Low,Missing invoice delayed processing. Reported at Kolkata facility during shift 2.,Open,Chennai,miss invoice delay process report kolkata facility shift
1608,Inventory Shortage,Low,Demand exceeded available stock levels. Reported at Mumbai facility during shift 2.,Resolved,Chennai,demand exceed available stock level report mumbai facility shift
1609,Warehouse Issue,High,Warehouse stock mismatch identified. Reported at Mumbai facility during shift 3.,In Progress,Mumbai,warehouse stock mismatch identify report mumbai facility shift
1610,Inventory Shortage,High,Inventory replenishment delayed. Reported at Ahmedabad facility during shift 3.,Open,Hyderabad,inventory replenishment delay report ahmedabad facility shift
1611,Damaged Goods,Low,Improper handling caused item breakage. Reported at Delhi facility during shift 1.,Resolved,Hyderabad,improper handle cause item breakage report delhi facility shift
1612,Customs Issue,High,Shipment flagged for compliance audit. Reported at Mumbai facility during shift 1.,Open,Hyderabad,shipment flag compliance audit report mumbai facility shift
1613,Shipment Delay,Low,Cargo loading completed behind schedule. Reported at Kolkata facility during shift 1.,Open,Chennai,cargo load complete behind schedule report kolkata facility shift
1614,Inventory Shortage,Medium,Supplier delay created inventory gap. Reported at Kolkata facility during shift 1.,In Progress,Bengaluru,supplier delay create inventory gap report kolkata facility shift
1615,Customs Issue,Low,Tariff classification review in progress. Reported at Mumbai facility during shift 2.,Open,Bengaluru,tariff classification review progress report mumbai facility shift
1616,Shipment Delay,Medium,Carrier scheduling issue caused shipment delay. Reported at Pune facility during shift 1.,Open,Pune,carrier schedule issue cause shipment delay report pune facility shift
1617,Shipment Delay,Low,Mechanical failure delayed freight movement. Reported at Chennai facility during shift 3.,In Progress,Pune,mechanical failure delay freight movement report chennai facility shift
1618,Documentation Error,High,Customs paperwork contained errors. Reported at Kolkata facility during shift 1.,Resolved,Hyderabad,customs paperwork contain errors report kolkata facility shift
1619,Documentation Error,High,Manifest information incomplete. Reported at Hyderabad facility during shift 2.,In Progress,Ahmedabad,manifest information incomplete report hyderabad facility shift
1620,Customs Issue,High,Customs requested additional documentation. Reported at Hyderabad facility during shift 3.,Open,Delhi,customs request additional documentation report hyderabad facility shift
1621,Warehouse Issue,Low,Dock congestion slowed warehouse throughput. Reported at Delhi facility during shift 2.,In Progress,Ahmedabad,dock congestion slow warehouse throughput report delhi facility shift
1622,Warehouse Issue,Medium,Picking error occurred in warehouse. Reported at Mumbai facility during shift 3.,Resolved,Hyderabad,pick error occur warehouse report mumbai facility shift
1623,Inventory Shortage,Low,Product unavailable due to inventory mismatch. Reported at Pune facility during shift 1.,In Progress,Pune,product unavailable due inventory mismatch report pune facility shift
1624,Damaged Goods,Medium,Improper handling caused item breakage. Reported at Kolkata facility during shift 2.,In Progress,Pune,improper handle cause item breakage report kolkata facility shift
1625,Inventory Shortage,Medium,Unexpected order spike exhausted stock. Reported at Bengaluru facility during shift 2.,In Progress,Ahmedabad,unexpected order spike exhaust stock report bengaluru facility shift
1626,Documentation Error,Low,Labeling information did not match shipment. Reported at Bengaluru facility during shift 2.,Resolved,Kolkata,label information match shipment report bengaluru facility shift
1627,Documentation Error,Low,Documentation approval pending correction. Reported at Bengaluru facility during shift 3.,In Progress,Chennai,documentation approval pending correction report bengaluru facility shift
1628,Inventory Shortage,Medium,Inventory reservation conflict identified. Reported at Chennai facility during shift 2.,Open,Mumbai,inventory reservation conflict identify report chennai facility shift
1629,Shipment Delay,High,Mechanical failure delayed freight movement. Reported at Pune facility during shift 2.,Open,Hyderabad,mechanical failure delay freight movement report pune facility shift
1630,Transportation Failure,Low,Carrier failed to pick up shipment. Reported at Kolkata facility during shift 1.,Open,Chennai,carrier fail pick shipment report kolkata facility shift
1631,Customs Issue,High,Import documentation under review. Reported at Mumbai facility during shift 3.,In Progress,Chennai,import documentation review report mumbai facility shift
1632,Customs Issue,High,Tariff classification review in progress. Reported at Pune facility during shift 1.,Resolved,Mumbai,tariff classification review progress report pune facility shift
1633,Transportation Failure,Low,Transportation network disruption reported. Reported at Delhi facility during shift 1.,Open,Mumbai,transportation network disruption report report delhi facility shift
1634,Inventory Shortage,High,Product unavailable due to inventory mismatch. Reported at Chennai facility during shift 3.,In Progress,Delhi,product unavailable due inventory mismatch report chennai facility shift
1635,Warehouse Issue,Low,Storage location information incorrect. Reported at Ahmedabad facility during shift 3.,Resolved,Hyderabad,storage location information incorrect report ahmedabad facility shift
1636,Transportation Failure,High,Fuel supply issue interrupted transportation. Reported at Pune facility during shift 2.,Resolved,Chennai,fuel supply issue interrupt transportation report pune facility shift
1637,Damaged Goods,High,Product packaging torn during loading. Reported at Delhi facility during shift 1.,Open,Delhi,product package tear load report delhi facility shift
1638,Documentation Error,High,Customs paperwork contained errors. Reported at Chennai facility during shift 2.,Resolved,Ahmedabad,customs paperwork contain errors report chennai facility shift
1639,Documentation Error,Medium,Data entry error impacted shipment records. Reported at Hyderabad facility during shift 3.,Resolved,Bengaluru,data entry error impact shipment record report hyderabad facility shift
1640,Transportation Failure,Critical,Trailer availability issue delayed dispatch. Reported at Delhi facility during shift 2.,Resolved,Kolkata,trailer availability issue delay dispatch report delhi facility shift
1641,Inventory Shortage,Medium,Procurement delay affected inventory availability. Reported at Bengaluru facility during shift 2.,Open,Kolkata,procurement delay affect inventory availability report bengaluru facility shift
1642,Inventory Shortage,Medium,Inventory reservation conflict identified. Reported at Mumbai facility during shift 3.,In Progress,Kolkata,inventory reservation conflict identify report mumbai facility shift
1643,Warehouse Issue,High,Order picking queue exceeded capacity. Reported at Delhi facility during shift 1.,Resolved,Kolkata,order pick queue exceed capacity report delhi facility shift
1644,Inventory Shortage,Low,Stockout occurred at fulfillment center. Reported at Mumbai facility during shift 1.,Resolved,Pune,stockout occur fulfillment center report mumbai facility shift
1645,Shipment Delay,Medium,Unexpected weather conditions slowed transportation. Reported at Hyderabad facility during shift 1.,Open,Bengaluru,unexpected weather condition slow transportation report hyderabad facility shift
1646,Documentation Error,Medium,Incorrect shipping documentation submitted. Reported at Hyderabad facility during shift 1.,Resolved,Chennai,incorrect ship documentation submit report hyderabad facility shift
1647,Inventory Shortage,Medium,Stockout occurred at fulfillment center. Reported at Mumbai facility during shift 3.,Resolved,Ahmedabad,stockout occur fulfillment center report mumbai facility shift
1648,Shipment Delay,Critical,Shipment delayed due to customs inspection. Reported at Pune facility during shift 1.,Open,Pune,shipment delay due customs inspection report pune facility shift
1649,Warehouse Issue,Low,Inventory allocation issue detected. Reported at Kolkata facility during shift 3.,In Progress,Pune,inventory allocation issue detect report kolkata facility shift
1650,Inventory Shortage,Medium,Procurement delay affected inventory availability. Reported at Mumbai facility during shift 2.,Resolved,Mumbai,procurement delay affect inventory availability report mumbai facility shift
1651,Documentation Error,Medium,Invoice value discrepancy identified. Reported at Delhi facility during shift 1.,In Progress,Ahmedabad,invoice value discrepancy identify report delhi facility shift
1652,Documentation Error,Low,Manifest information incomplete. Reported at Chennai facility during shift 2.,Resolved,Ahmedabad,manifest information incomplete report chennai facility shift
1653,Shipment Delay,Low,Mechanical failure delayed freight movement. Reported at Mumbai facility during shift 3.,Open,Delhi,mechanical failure delay freight movement report mumbai facility shift
1654,Warehouse Issue,Medium,Put-away process delayed inventory availability. Reported at Delhi facility during shift 3.,Resolved,Pune,putaway process delay inventory availability report delhi facility shift
1655,Transportation Failure,Low,Third-party carrier cancelled shipment booking. Reported at Delhi facility during shift 2.,Resolved,Kolkata,thirdparty carrier cancel shipment book report delhi facility shift
1656,Shipment Delay,Low,Mechanical failure delayed freight movement. Reported at Kolkata facility during shift 1.,Resolved,Mumbai,mechanical failure delay freight movement report kolkata facility shift
1657,Inventory Shortage,High,Cycle count revealed stock deficiency. Reported at Ahmedabad facility during shift 1.,Open,Hyderabad,cycle count reveal stock deficiency report ahmedabad facility shift
1658,Documentation Error,Low,Manifest information incomplete. Reported at Mumbai facility during shift 2.,In Progress,Delhi,manifest information incomplete report mumbai facility shift
1659,Damaged Goods,Medium,Goods arrived with visible damage. Reported at Mumbai facility during shift 2.,In Progress,Mumbai,goods arrive visible damage report mumbai facility shift
1660,Shipment Delay,Critical,Port congestion delayed shipment arrival. Reported at Ahmedabad facility during shift 2.,In Progress,Ahmedabad,port congestion delay shipment arrival report ahmedabad facility shift
1661,Customs Issue,Critical,Country-specific restriction affected import. Reported at Delhi facility during shift 1.,In Progress,Chennai,countryspecific restriction affect import report delhi facility shift
1662,Damaged Goods,Medium,Transit vibration caused product defects. Reported at Hyderabad facility during shift 2.,Resolved,Delhi,transit vibration cause product defect report hyderabad facility shift
1663,Transportation Failure,Low,Driver unavailable for scheduled route. Reported at Pune facility during shift 2.,In Progress,Ahmedabad,driver unavailable schedule route report pune facility shift
1664,Damaged Goods,Critical,Receiving inspection identified damaged goods. Reported at Chennai facility during shift 3.,Open,Bengaluru,receive inspection identify damage goods report chennai facility shift
1665,Customs Issue,High,Trade compliance review delayed processing. Reported at Chennai facility during shift 1.,In Progress,Kolkata,trade compliance review delay process report chennai facility shift
1666,Inventory Shortage,Low,Cycle count revealed stock deficiency. Reported at Kolkata facility during shift 1.,In Progress,Mumbai,cycle count reveal stock deficiency report kolkata facility shift
1667,Damaged Goods,Medium,Improper handling caused item breakage. Reported at Ahmedabad facility during shift 3.,In Progress,Mumbai,improper handle cause item breakage report ahmedabad facility shift
1668,Shipment Delay,High,Port congestion delayed shipment arrival. Reported at Mumbai facility during shift 2.,Open,Kolkata,port congestion delay shipment arrival report mumbai facility shift
1669,Damaged Goods,Critical,Product packaging torn during loading. Reported at Pune facility during shift 2.,In Progress,Bengaluru,product package tear load report pune facility shift
1670,Customs Issue,Low,Regulatory approval pending clearance. Reported at Ahmedabad facility during shift 1.,Open,Delhi,regulatory approval pending clearance report ahmedabad facility shift
1671,Transportation Failure,Medium,Carrier failed to pick up shipment. Reported at Bengaluru facility during shift 2.,Resolved,Kolkata,carrier fail pick shipment report bengaluru facility shift
1672,Shipment Delay,Critical,Mechanical failure delayed freight movement. Reported at Pune facility during shift 2.,Open,Chennai,mechanical failure delay freight movement report pune facility shift
1673,Inventory Shortage,Medium,Inventory reservation conflict identified. Reported at Chennai facility during shift 3.,In Progress,Delhi,inventory reservation conflict identify report chennai facility shift
1674,Shipment Delay,Medium,Port congestion delayed shipment arrival. Reported at Mumbai facility during shift 2.,In Progress,Ahmedabad,port congestion delay shipment arrival report mumbai facility shift
1675,Warehouse Issue,High,Order picking queue exceeded capacity. Reported at Bengaluru facility during shift 3.,Open,Chennai,order pick queue exceed capacity report bengaluru facility shift
1676,Shipment Delay,Critical,Mechanical failure delayed freight movement. Reported at Kolkata facility during shift 2.,In Progress,Delhi,mechanical failure delay freight movement report kolkata facility shift
1677,Inventory Shortage,Medium,Safety stock threshold breached. Reported at Kolkata facility during shift 2.,Resolved,Delhi,safety stock threshold breach report kolkata facility shift
1678,Customs Issue,Medium,Tariff classification review in progress. Reported at Pune facility during shift 3.,Open,Bengaluru,tariff classification review progress report pune facility shift
1679,Shipment Delay,Medium,Dispatch process delayed at origin facility. Reported at Delhi facility during shift 2.,Resolved,Pune,dispatch process delay origin facility report delhi facility shift
1680,Shipment Delay,Medium,Port congestion delayed shipment arrival. Reported at Ahmedabad facility during shift 1.,In Progress,Mumbai,port congestion delay shipment arrival report ahmedabad facility shift
1681,Warehouse Issue,Medium,Dock congestion slowed warehouse throughput. Reported at Kolkata facility during shift 2.,Open,Ahmedabad,dock congestion slow warehouse throughput report kolkata facility shift
1682,Warehouse Issue,Medium,Warehouse staffing shortage reported. Reported at Delhi facility during shift 3.,Resolved,Mumbai,warehouse staff shortage report report delhi facility shift
1683,Shipment Delay,Medium,Unexpected weather conditions slowed transportation. Reported at Bengaluru facility during shift 2.,Open,Kolkata,unexpected weather condition slow transportation report bengaluru facility shift
1684,Inventory Shortage,Critical,Safety stock threshold breached. Reported at Bengaluru facility during shift 1.,Resolved,Chennai,safety stock threshold breach report bengaluru facility shift
1685,Damaged Goods,Medium,Transit vibration caused product defects. Reported at Pune facility during shift 1.,In Progress,Mumbai,transit vibration cause product defect report pune facility shift
1686,Customs Issue,Medium,Import permit approval pending. Reported at Ahmedabad facility during shift 2.,In Progress,Kolkata,import permit approval pending report ahmedabad facility shift
1687,Documentation Error,Critical,Invoice value discrepancy identified. Reported at Pune facility during shift 1.,In Progress,Kolkata,invoice value discrepancy identify report pune facility shift
1688,Damaged Goods,Medium,Goods arrived with visible damage. Reported at Delhi facility during shift 3.,In Progress,Kolkata,goods arrive visible damage report delhi facility shift
1689,Customs Issue,High,Regulatory verification delayed release. Reported at Mumbai facility during shift 1.,Open,Mumbai,regulatory verification delay release report mumbai facility shift
1690,Customs Issue,Medium,Shipment held by customs authorities. Reported at Kolkata facility during shift 1.,Resolved,Mumbai,shipment hold customs authorities report kolkata facility shift
1691,Customs Issue,Low,Import permit approval pending. Reported at Chennai facility during shift 3.,In Progress,Bengaluru,import permit approval pending report chennai facility shift
1692,Inventory Shortage,Medium,Unexpected order spike exhausted stock. Reported at Ahmedabad facility during shift 3.,Open,Ahmedabad,unexpected order spike exhaust stock report ahmedabad facility shift
1693,Shipment Delay,Critical,Container missed connecting vessel. Reported at Ahmedabad facility during shift 2.,Resolved,Kolkata,container miss connect vessel report ahmedabad facility shift
1694,Shipment Delay,Low,Container missed connecting vessel. Reported at Bengaluru facility during shift 3.,Resolved,Hyderabad,container miss connect vessel report bengaluru facility shift
1695,Damaged Goods,Low,Transit vibration caused product defects. Reported at Kolkata facility during shift 3.,In Progress,Chennai,transit vibration cause product defect report kolkata facility shift
1696,Shipment Delay,High,Shipment delayed due to customs inspection. Reported at Delhi facility during shift 2.,Resolved,Pune,shipment delay due customs inspection report delhi facility shift
1697,Damaged Goods,Medium,Goods arrived with visible damage. Reported at Kolkata facility during shift 1.,In Progress,Bengaluru,goods arrive visible damage report kolkata facility shift
1698,Documentation Error,High,Missing certificate delayed shipment release. Reported at Kolkata facility during shift 1.,Resolved,Kolkata,miss certificate delay shipment release report kolkata facility shift
1699,Inventory Shortage,Low,Raw material shortage impacted production. Reported at Kolkata facility during shift 3.,In Progress,Delhi,raw material shortage impact production report kolkata facility shift
1700,Transportation Failure,High,Logistics partner experienced operational failure. Reported at Mumbai facility during shift 3.,Resolved,Mumbai,logistics partner experience operational failure report mumbai facility shift
1701,Customs Issue,Critical,Border security inspection caused delay. Reported at Kolkata facility during shift 3.,Resolved,Delhi,border security inspection cause delay report kolkata facility shift
1702,Damaged Goods,Low,Forklift accident damaged inventory. Reported at Mumbai facility during shift 1.,Open,Delhi,forklift accident damage inventory report mumbai facility shift
1703,Shipment Delay,Medium,Rail transport delay impacted delivery timeline. Reported at Mumbai facility during shift 3.,Resolved,Delhi,rail transport delay impact delivery timeline report mumbai facility shift
1704,Transportation Failure,Low,Accident blocked scheduled delivery route. Reported at Pune facility during shift 1.,Open,Hyderabad,accident block schedule delivery route report pune facility shift
1705,Inventory Shortage,High,Backordered items unavailable for dispatch. Reported at Bengaluru facility during shift 3.,In Progress,Hyderabad,backordered items unavailable dispatch report bengaluru facility shift
1706,Customs Issue,Critical,Shipment held by customs authorities. Reported at Hyderabad facility during shift 1.,Resolved,Chennai,shipment hold customs authorities report hyderabad facility shift
1707,Customs Issue,Medium,Border security inspection caused delay. Reported at Mumbai facility during shift 1.,Resolved,Mumbai,border security inspection cause delay report mumbai facility shift
1708,Shipment Delay,High,Port congestion delayed shipment arrival. Reported at Hyderabad facility during shift 2.,Open,Mumbai,port congestion delay shipment arrival report hyderabad facility shift
1709,Transportation Failure,Medium,Transportation network disruption reported. Reported at Pune facility during shift 1.,In Progress,Chennai,transportation network disruption report report pune facility shift
1710,Transportation Failure,Low,Transport route disruption due to road closure. Reported at Ahmedabad facility during shift 3.,Resolved,Kolkata,transport route disruption due road closure report ahmedabad facility shift
1711,Transportation Failure,Critical,Trailer availability issue delayed dispatch. Reported at Pune facility during shift 3.,Open,Delhi,trailer availability issue delay dispatch report pune facility shift
1712,Damaged Goods,Medium,Package damaged during transportation. Reported at Delhi facility during shift 3.,Resolved,Chennai,package damage transportation report delhi facility shift
1713,Shipment Delay,Critical,Container missed connecting vessel. Reported at Pune facility during shift 2.,Resolved,Chennai,container miss connect vessel report pune facility shift
1714,Inventory Shortage,Low,Backordered items unavailable for dispatch. Reported at Hyderabad facility during shift 1.,Open,Chennai,backordered items unavailable dispatch report hyderabad facility shift
1715,Documentation Error,High,Labeling information did not match shipment. Reported at Delhi facility during shift 1.,Open,Bengaluru,label information match shipment report delhi facility shift
1716,Shipment Delay,Low,Container missed connecting vessel. Reported at Delhi facility during shift 1.,Resolved,Delhi,container miss connect vessel report delhi facility shift
1717,Damaged Goods,Critical,Shipment contents damaged in transit. Reported at Ahmedabad facility during shift 1.,In Progress,Hyderabad,shipment content damage transit report ahmedabad facility shift
1718,Transportation Failure,Medium,Equipment malfunction impacted transport operations. Reported at Ahmedabad facility during shift 2.,In Progress,Bengaluru,equipment malfunction impact transport operations report ahmedabad facility shift
1719,Damaged Goods,High,Goods arrived with visible damage. Reported at Bengaluru facility during shift 3.,Resolved,Hyderabad,goods arrive visible damage report bengaluru facility shift
1720,Transportation Failure,High,Transport route disruption due to road closure. Reported at Hyderabad facility during shift 1.,Resolved,Ahmedabad,transport route disruption due road closure report hyderabad facility shift
1721,Transportation Failure,Medium,Trailer availability issue delayed dispatch. Reported at Ahmedabad facility during shift 2.,In Progress,Pune,trailer availability issue delay dispatch report ahmedabad facility shift
1722,Documentation Error,Low,Missing invoice delayed processing. Reported at Kolkata facility during shift 2.,In Progress,Pune,miss invoice delay process report kolkata facility shift
1723,Customs Issue,Low,Trade compliance review delayed processing. Reported at Mumbai facility during shift 2.,Open,Hyderabad,trade compliance review delay process report mumbai facility shift
1724,Documentation Error,High,Purchase order details inconsistent. Reported at Hyderabad facility during shift 3.,Resolved,Pune,purchase order detail inconsistent report hyderabad facility shift
1725,Transportation Failure,High,Delivery vehicle breakdown reported. Reported at Mumbai facility during shift 1.,In Progress,Delhi,delivery vehicle breakdown report report mumbai facility shift
1726,Damaged Goods,Medium,Forklift accident damaged inventory. Reported at Mumbai facility during shift 1.,In Progress,Delhi,forklift accident damage inventory report mumbai facility shift
1727,Warehouse Issue,Medium,Receiving delay impacted warehouse operations. Reported at Mumbai facility during shift 1.,Open,Pune,receive delay impact warehouse operations report mumbai facility shift
1728,Inventory Shortage,Medium,Inventory forecast underestimated demand. Reported at Pune facility during shift 1.,In Progress,Hyderabad,inventory forecast underestimate demand report pune facility shift
1729,Documentation Error,Medium,Bill of lading information mismatch detected. Reported at Bengaluru facility during shift 1.,Resolved,Mumbai,bill lade information mismatch detect report bengaluru facility shift
1730,Documentation Error,High,Shipping label generated with incorrect address. Reported at Kolkata facility during shift 3.,In Progress,Pune,ship label generate incorrect address report kolkata facility shift
1731,Inventory Shortage,Medium,Demand exceeded available stock levels. Reported at Chennai facility during shift 2.,In Progress,Kolkata,demand exceed available stock level report chennai facility shift
1732,Shipment Delay,Medium,Truck breakdown caused delivery delay. Reported at Ahmedabad facility during shift 1.,Resolved,Kolkata,truck breakdown cause delivery delay report ahmedabad facility shift
1733,Inventory Shortage,Low,Cycle count revealed stock deficiency. Reported at Chennai facility during shift 2.,Resolved,Chennai,cycle count reveal stock deficiency report chennai facility shift
1734,Transportation Failure,Low,Vehicle maintenance issue halted delivery. Reported at Delhi facility during shift 2.,Resolved,Chennai,vehicle maintenance issue halt delivery report delhi facility shift
1735,Damaged Goods,Medium,Fragile goods mishandled during unloading. Reported at Chennai facility during shift 1.,In Progress,Hyderabad,fragile goods mishandle unload report chennai facility shift
1736,Damaged Goods,Low,Water exposure damaged packaged goods. Reported at Pune facility during shift 2.,In Progress,Ahmedabad,water exposure damage package goods report pune facility shift
1737,Documentation Error,Medium,Incorrect shipping documentation submitted. Reported at Kolkata facility during shift 2.,In Progress,Ahmedabad,incorrect ship documentation submit report kolkata facility shift
1738,Warehouse Issue,Critical,Dock congestion slowed warehouse throughput. Reported at Mumbai facility during shift 2.,Open,Chennai,dock congestion slow warehouse throughput report mumbai facility shift
1739,Inventory Shortage,Low,Warehouse stock shortage detected. Reported at Chennai facility during shift 1.,In Progress,Kolkata,warehouse stock shortage detect report chennai facility shift
1740,Inventory Shortage,High,Inventory replenishment delayed. Reported at Mumbai facility during shift 1.,In Progress,Chennai,inventory replenishment delay report mumbai facility shift
1741,Customs Issue,High,Trade compliance review delayed processing. Reported at Chennai facility during shift 2.,Open,Mumbai,trade compliance review delay process report chennai facility shift
1742,Shipment Delay,Medium,Carrier scheduling issue caused shipment delay. Reported at Mumbai facility during shift 2.,Resolved,Kolkata,carrier schedule issue cause shipment delay report mumbai facility shift
1743,Damaged Goods,Medium,Packaging failure led to damaged products. Reported at Delhi facility during shift 1.,Open,Delhi,package failure lead damage products report delhi facility shift
1744,Damaged Goods,High,Transit vibration caused product defects. Reported at Delhi facility during shift 3.,In Progress,Ahmedabad,transit vibration cause product defect report delhi facility shift
1745,Customs Issue,Medium,Customs clearance process delayed. Reported at Bengaluru facility during shift 3.,In Progress,Hyderabad,customs clearance process delay report bengaluru facility shift
1746,Damaged Goods,Low,Warehouse accident damaged stored inventory. Reported at Ahmedabad facility during shift 1.,In Progress,Mumbai,warehouse accident damage store inventory report ahmedabad facility shift
1747,Damaged Goods,Medium,Temperature excursion affected product quality. Reported at Bengaluru facility during shift 3.,Open,Mumbai,temperature excursion affect product quality report bengaluru facility shift
1748,Shipment Delay,Low,Last-mile delivery partner unavailable. Reported at Chennai facility during shift 1.,Open,Ahmedabad,lastmile delivery partner unavailable report chennai facility shift
1749,Warehouse Issue,Low,Order picking queue exceeded capacity. Reported at Bengaluru facility during shift 2.,Open,Pune,order pick queue exceed capacity report bengaluru facility shift
1750,Warehouse Issue,Low,Inventory allocation issue detected. Reported at Ahmedabad facility during shift 3.,Resolved,Mumbai,inventory allocation issue detect report ahmedabad facility shift
1751,Inventory Shortage,Critical,Demand exceeded available stock levels. Reported at Pune facility during shift 2.,Resolved,Bengaluru,demand exceed available stock level report pune facility shift
1752,Warehouse Issue,Low,Order picking queue exceeded capacity. Reported at Bengaluru facility during shift 1.,Open,Hyderabad,order pick queue exceed capacity report bengaluru facility shift
1753,Warehouse Issue,Medium,Cycle count discrepancy identified. Reported at Mumbai facility during shift 1.,Open,Mumbai,cycle count discrepancy identify report mumbai facility shift
1754,Inventory Shortage,Low,Warehouse stock shortage detected. Reported at Ahmedabad facility during shift 1.,In Progress,Ahmedabad,warehouse stock shortage detect report ahmedabad facility shift
1755,Damaged Goods,Low,Shipment contents damaged in transit. Reported at Mumbai facility during shift 3.,In Progress,Bengaluru,shipment content damage transit report mumbai facility shift
1756,Inventory Shortage,Medium,Supplier delay created inventory gap. Reported at Kolkata facility during shift 3.,In Progress,Hyderabad,supplier delay create inventory gap report kolkata facility shift
1757,Damaged Goods,Medium,Product packaging torn during loading. Reported at Chennai facility during shift 3.,In Progress,Bengaluru,product package tear load report chennai facility shift
1758,Damaged Goods,Medium,Forklift accident damaged inventory. Reported at Kolkata facility during shift 1.,Resolved,Ahmedabad,forklift accident damage inventory report kolkata facility shift
1759,Documentation Error,Low,Purchase order details inconsistent. Reported at Mumbai facility during shift 3.,Open,Mumbai,purchase order detail inconsistent report mumbai facility shift
1760,Inventory Shortage,Medium,Product unavailable due to inventory mismatch. Reported at Chennai facility during shift 1.,Open,Mumbai,product unavailable due inventory mismatch report chennai facility shift
1761,Documentation Error,High,Missing invoice delayed processing. Reported at Hyderabad facility during shift 1.,Resolved,Kolkata,miss invoice delay process report hyderabad facility shift
1762,Transportation Failure,High,Fuel supply issue interrupted transportation. Reported at Mumbai facility during shift 1.,Resolved,Hyderabad,fuel supply issue interrupt transportation report mumbai facility shift
1763,Transportation Failure,Medium,Logistics partner experienced operational failure. Reported at Delhi facility during shift 1.,In Progress,Hyderabad,logistics partner experience operational failure report delhi facility shift
1764,Customs Issue,Medium,Shipment held by customs authorities. Reported at Mumbai facility during shift 1.,Resolved,Ahmedabad,shipment hold customs authorities report mumbai facility shift
1765,Customs Issue,Medium,Regulatory verification delayed release. Reported at Bengaluru facility during shift 1.,Open,Delhi,regulatory verification delay release report bengaluru facility shift
1766,Inventory Shortage,Critical,Safety stock threshold breached. Reported at Ahmedabad facility during shift 1.,Resolved,Ahmedabad,safety stock threshold breach report ahmedabad facility shift
1767,Transportation Failure,Critical,Driver unavailable for scheduled route. Reported at Chennai facility during shift 1.,Open,Delhi,driver unavailable schedule route report chennai facility shift
1768,Customs Issue,Medium,Shipment selected for random inspection. Reported at Chennai facility during shift 3.,In Progress,Chennai,shipment select random inspection report chennai facility shift
1769,Transportation Failure,Low,Transportation network disruption reported. Reported at Bengaluru facility during shift 2.,Open,Hyderabad,transportation network disruption report report bengaluru facility shift
1770,Warehouse Issue,High,Warehouse processing backlog reported. Reported at Delhi facility during shift 1.,Open,Hyderabad,warehouse process backlog report report delhi facility shift
1771,Warehouse Issue,Medium,Put-away process delayed inventory availability. Reported at Pune facility during shift 2.,In Progress,Hyderabad,putaway process delay inventory availability report pune facility shift
1772,Customs Issue,Medium,Import permit approval pending. Reported at Hyderabad facility during shift 2.,In Progress,Hyderabad,import permit approval pending report hyderabad facility shift
1773,Customs Issue,Low,Customs requested additional documentation. Reported at Ahmedabad facility during shift 1.,Resolved,Chennai,customs request additional documentation report ahmedabad facility shift
1774,Inventory Shortage,Critical,Supplier delay created inventory gap. Reported at Bengaluru facility during shift 3.,In Progress,Ahmedabad,supplier delay create inventory gap report bengaluru facility shift
1775,Shipment Delay,Low,Unexpected weather conditions slowed transportation. Reported at Kolkata facility during shift 2.,Open,Bengaluru,unexpected weather condition slow transportation report kolkata facility shift
1776,Transportation Failure,High,Accident blocked scheduled delivery route. Reported at Mumbai facility during shift 2.,Resolved,Ahmedabad,accident block schedule delivery route report mumbai facility shift
1777,Documentation Error,Medium,Customs paperwork contained errors. Reported at Hyderabad facility during shift 3.,In Progress,Kolkata,customs paperwork contain errors report hyderabad facility shift
1778,Documentation Error,Low,Purchase order details inconsistent. Reported at Hyderabad facility during shift 2.,Resolved,Pune,purchase order detail inconsistent report hyderabad facility shift
1779,Warehouse Issue,High,Cycle count discrepancy identified. Reported at Mumbai facility during shift 2.,Resolved,Pune,cycle count discrepancy identify report mumbai facility shift
1780,Damaged Goods,Critical,Product packaging torn during loading. Reported at Chennai facility during shift 2.,Open,Ahmedabad,product package tear load report chennai facility shift
1781,Customs Issue,Medium,Import documentation under review. Reported at Hyderabad facility during shift 3.,Open,Hyderabad,import documentation review report hyderabad facility shift
1782,Transportation Failure,Low,Vehicle maintenance issue halted delivery. Reported at Mumbai facility during shift 2.,Open,Bengaluru,vehicle maintenance issue halt delivery report mumbai facility shift
1783,Damaged Goods,Medium,Transit vibration caused product defects. Reported at Mumbai facility during shift 1.,Open,Kolkata,transit vibration cause product defect report mumbai facility shift
1784,Damaged Goods,Low,Fragile goods mishandled during unloading. Reported at Chennai facility during shift 1.,In Progress,Hyderabad,fragile goods mishandle unload report chennai facility shift
1785,Warehouse Issue,High,Warehouse staffing shortage reported. Reported at Delhi facility during shift 1.,Open,Bengaluru,warehouse staff shortage report report delhi facility shift
1786,Transportation Failure,Low,Route planning error delayed movement. Reported at Mumbai facility during shift 2.,In Progress,Pune,route plan error delay movement report mumbai facility shift
1787,Inventory Shortage,Medium,Unexpected order spike exhausted stock. Reported at Kolkata facility during shift 2.,Open,Hyderabad,unexpected order spike exhaust stock report kolkata facility shift
1788,Damaged Goods,Medium,Container impact damaged shipment contents. Reported at Hyderabad facility during shift 1.,Resolved,Pune,container impact damage shipment content report hyderabad facility shift
1789,Warehouse Issue,High,Cycle count discrepancy identified. Reported at Delhi facility during shift 3.,In Progress,Delhi,cycle count discrepancy identify report delhi facility shift
1790,Transportation Failure,Medium,Transportation vendor system outage reported. Reported at Bengaluru facility during shift 2.,In Progress,Ahmedabad,transportation vendor system outage report report bengaluru facility shift
1791,Documentation Error,Low,Customs paperwork contained errors. Reported at Kolkata facility during shift 2.,Resolved,Ahmedabad,customs paperwork contain errors report kolkata facility shift
1792,Customs Issue,Medium,Customs requested additional documentation. Reported at Pune facility during shift 2.,In Progress,Kolkata,customs request additional documentation report pune facility shift
1793,Transportation Failure,Low,Fleet utilization exceeded available capacity. Reported at Chennai facility during shift 3.,In Progress,Mumbai,fleet utilization exceed available capacity report chennai facility shift
1794,Warehouse Issue,Medium,Storage location information incorrect. Reported at Hyderabad facility during shift 1.,In Progress,Delhi,storage location information incorrect report hyderabad facility shift
1795,Documentation Error,High,Labeling information did not match shipment. Reported at Hyderabad facility during shift 1.,In Progress,Delhi,label information match shipment report hyderabad facility shift
1796,Transportation Failure,High,Accident blocked scheduled delivery route. Reported at Chennai facility during shift 2.,Resolved,Ahmedabad,accident block schedule delivery route report chennai facility shift
1797,Warehouse Issue,Low,Warehouse stock mismatch identified. Reported at Mumbai facility during shift 1.,Resolved,Mumbai,warehouse stock mismatch identify report mumbai facility shift
1798,Damaged Goods,Medium,Container impact damaged shipment contents. Reported at Mumbai facility during shift 2.,Resolved,Pune,container impact damage shipment content report mumbai facility shift
1799,Warehouse Issue,Medium,Warehouse stock mismatch identified. Reported at Mumbai facility during shift 3.,Resolved,Chennai,warehouse stock mismatch identify report mumbai facility shift
1800,Customs Issue,High,Border inspection extended shipment hold. Reported at Delhi facility during shift 3.,In Progress,Delhi,border inspection extend shipment hold report delhi facility shift
1801,Inventory Shortage,Medium,Warehouse unable to fulfill requested quantity. Reported at Delhi facility during shift 2.,Resolved,Chennai,warehouse unable fulfill request quantity report delhi facility shift
1802,Warehouse Issue,Low,Warehouse management system outage reported. Reported at Bengaluru facility during shift 1.,Open,Mumbai,warehouse management system outage report report bengaluru facility shift
1803,Documentation Error,Low,Missing invoice delayed processing. Reported at Bengaluru facility during shift 1.,Open,Ahmedabad,miss invoice delay process report bengaluru facility shift
1804,Transportation Failure,Medium,Delivery vehicle breakdown reported. Reported at Mumbai facility during shift 2.,Open,Bengaluru,delivery vehicle breakdown report report mumbai facility shift
1805,Warehouse Issue,Medium,Warehouse staffing shortage reported. Reported at Hyderabad facility during shift 3.,Resolved,Mumbai,warehouse staff shortage report report hyderabad facility shift
1806,Transportation Failure,Low,Carrier failed to pick up shipment. Reported at Chennai facility during shift 1.,Resolved,Bengaluru,carrier fail pick shipment report chennai facility shift
1807,Inventory Shortage,Medium,Backordered items unavailable for dispatch. Reported at Bengaluru facility during shift 2.,In Progress,Mumbai,backordered items unavailable dispatch report bengaluru facility shift
1808,Documentation Error,Low,Export declaration contained errors. Reported at Pune facility during shift 3.,In Progress,Mumbai,export declaration contain errors report pune facility shift
1809,Transportation Failure,Low,Fuel supply issue interrupted transportation. Reported at Kolkata facility during shift 1.,In Progress,Mumbai,fuel supply issue interrupt transportation report kolkata facility shift
1810,Documentation Error,Medium,Purchase order details inconsistent. Reported at Chennai facility during shift 3.,Resolved,Ahmedabad,purchase order detail inconsistent report chennai facility shift
1811,Shipment Delay,Medium,Mechanical failure delayed freight movement. Reported at Pune facility during shift 1.,Resolved,Ahmedabad,mechanical failure delay freight movement report pune facility shift
1812,Damaged Goods,Medium,Package damaged during transportation. Reported at Delhi facility during shift 2.,Resolved,Bengaluru,package damage transportation report delhi facility shift
1813,Damaged Goods,Low,Receiving inspection identified damaged goods. Reported at Kolkata facility during shift 3.,Resolved,Delhi,receive inspection identify damage goods report kolkata facility shift
1814,Damaged Goods,High,Fragile goods mishandled during unloading. Reported at Pune facility during shift 2.,Open,Hyderabad,fragile goods mishandle unload report pune facility shift
1815,Warehouse Issue,Low,Space constraint affected storage operations. Reported at Hyderabad facility during shift 2.,Resolved,Ahmedabad,space constraint affect storage operations report hyderabad facility shift
1816,Transportation Failure,High,Fleet utilization exceeded available capacity. Reported at Delhi facility during shift 3.,Resolved,Hyderabad,fleet utilization exceed available capacity report delhi facility shift
1817,Inventory Shortage,Critical,Procurement delay affected inventory availability. Reported at Pune facility during shift 3.,In Progress,Kolkata,procurement delay affect inventory availability report pune facility shift
1818,Shipment Delay,Low,Shipment delayed due to customs inspection. Reported at Chennai facility during shift 3.,Open,Mumbai,shipment delay due customs inspection report chennai facility shift
1819,Transportation Failure,High,Trailer availability issue delayed dispatch. Reported at Ahmedabad facility during shift 2.,Resolved,Bengaluru,trailer availability issue delay dispatch report ahmedabad facility shift
1820,Shipment Delay,High,Mechanical failure delayed freight movement. Reported at Delhi facility during shift 3.,In Progress,Mumbai,mechanical failure delay freight movement report delhi facility shift
1821,Shipment Delay,Low,Rail transport delay impacted delivery timeline. Reported at Hyderabad facility during shift 1.,Resolved,Mumbai,rail transport delay impact delivery timeline report hyderabad facility shift
1822,Transportation Failure,Medium,Third-party carrier cancelled shipment booking. Reported at Pune facility during shift 3.,Open,Delhi,thirdparty carrier cancel shipment book report pune facility shift
1823,Damaged Goods,Low,Product packaging torn during loading. Reported at Ahmedabad facility during shift 2.,Resolved,Bengaluru,product package tear load report ahmedabad facility shift
1824,Inventory Shortage,Medium,Stockout occurred at fulfillment center. Reported at Ahmedabad facility during shift 2.,Open,Bengaluru,stockout occur fulfillment center report ahmedabad facility shift
1825,Customs Issue,High,Import documentation under review. Reported at Kolkata facility during shift 3.,Open,Mumbai,import documentation review report kolkata facility shift
1826,Documentation Error,Low,Incorrect shipping documentation submitted. Reported at Mumbai facility during shift 1.,Open,Chennai,incorrect ship documentation submit report mumbai facility shift
1827,Damaged Goods,Medium,Warehouse accident damaged stored inventory. Reported at Kolkata facility during shift 3.,Open,Pune,warehouse accident damage store inventory report kolkata facility shift
1828,Inventory Shortage,High,Raw material shortage impacted production. Reported at Ahmedabad facility during shift 1.,Resolved,Ahmedabad,raw material shortage impact production report ahmedabad facility shift
1829,Documentation Error,High,Incorrect consignee information provided. Reported at Pune facility during shift 3.,Open,Mumbai,incorrect consignee information provide report pune facility shift
1830,Transportation Failure,Medium,Fuel supply issue interrupted transportation. Reported at Kolkata facility during shift 1.,Open,Hyderabad,fuel supply issue interrupt transportation report kolkata facility shift
1831,Shipment Delay,Low,Truck breakdown caused delivery delay. Reported at Ahmedabad facility during shift 1.,Resolved,Pune,truck breakdown cause delivery delay report ahmedabad facility shift
1832,Shipment Delay,Medium,Unexpected weather conditions slowed transportation. Reported at Hyderabad facility during shift 2.,In Progress,Mumbai,unexpected weather condition slow transportation report hyderabad facility shift
1833,Warehouse Issue,Low,Warehouse staffing shortage reported. Reported at Delhi facility during shift 2.,Resolved,Bengaluru,warehouse staff shortage report report delhi facility shift
1834,Warehouse Issue,Medium,Inventory misplaced within storage area. Reported at Hyderabad facility during shift 2.,Resolved,Mumbai,inventory misplace within storage area report hyderabad facility shift
1835,Documentation Error,Low,Export declaration contained errors. Reported at Hyderabad facility during shift 3.,In Progress,Kolkata,export declaration contain errors report hyderabad facility shift
1836,Damaged Goods,Low,Forklift accident damaged inventory. Reported at Pune facility during shift 1.,Resolved,Pune,forklift accident damage inventory report pune facility shift
1837,Warehouse Issue,Medium,Dock congestion slowed warehouse throughput. Reported at Chennai facility during shift 1.,Resolved,Chennai,dock congestion slow warehouse throughput report chennai facility shift
1838,Damaged Goods,High,Product packaging torn during loading. Reported at Kolkata facility during shift 3.,Open,Ahmedabad,product package tear load report kolkata facility shift
1839,Inventory Shortage,Low,Stockout occurred at fulfillment center. Reported at Chennai facility during shift 1.,Resolved,Bengaluru,stockout occur fulfillment center report chennai facility shift
1840,Customs Issue,Medium,Customs requested additional documentation. Reported at Kolkata facility during shift 2.,Open,Chennai,customs request additional documentation report kolkata facility shift
1841,Shipment Delay,Medium,Shipment delayed due to customs inspection. Reported at Bengaluru facility during shift 3.,In Progress,Chennai,shipment delay due customs inspection report bengaluru facility shift
1842,Documentation Error,High,Export declaration contained errors. Reported at Chennai facility during shift 2.,Resolved,Delhi,export declaration contain errors report chennai facility shift
1843,Transportation Failure,Low,Equipment malfunction impacted transport operations. Reported at Kolkata facility during shift 3.,In Progress,Mumbai,equipment malfunction impact transport operations report kolkata facility shift
1844,Documentation Error,Low,Shipping label generated with incorrect address. Reported at Pune facility during shift 2.,In Progress,Chennai,ship label generate incorrect address report pune facility shift
1845,Inventory Shortage,Low,Demand exceeded available stock levels. Reported at Mumbai facility during shift 3.,In Progress,Chennai,demand exceed available stock level report mumbai facility shift
1846,Warehouse Issue,Low,Warehouse stock mismatch identified. Reported at Bengaluru facility during shift 1.,Open,Ahmedabad,warehouse stock mismatch identify report bengaluru facility shift
1847,Inventory Shortage,Medium,Stockout occurred at fulfillment center. Reported at Chennai facility during shift 2.,Resolved,Bengaluru,stockout occur fulfillment center report chennai facility shift
1848,Damaged Goods,Medium,Goods arrived with visible damage. Reported at Kolkata facility during shift 2.,Resolved,Mumbai,goods arrive visible damage report kolkata facility shift
1849,Shipment Delay,High,Carrier scheduling issue caused shipment delay. Reported at Bengaluru facility during shift 2.,In Progress,Bengaluru,carrier schedule issue cause shipment delay report bengaluru facility shift
1850,Transportation Failure,High,Equipment malfunction impacted transport operations. Reported at Hyderabad facility during shift 2.,In Progress,Bengaluru,equipment malfunction impact transport operations report hyderabad facility shift
1851,Documentation Error,Medium,Shipping label generated with incorrect address. Reported at Hyderabad facility during shift 2.,Resolved,Mumbai,ship label generate incorrect address report hyderabad facility shift
1852,Shipment Delay,Critical,Container missed connecting vessel. Reported at Kolkata facility during shift 3.,In Progress,Hyderabad,container miss connect vessel report kolkata facility shift
1853,Shipment Delay,Low,Unexpected weather conditions slowed transportation. Reported at Delhi facility during shift 3.,Resolved,Bengaluru,unexpected weather condition slow transportation report delhi facility shift
1854,Shipment Delay,Critical,Container missed connecting vessel. Reported at Delhi facility during shift 1.,Resolved,Ahmedabad,container miss connect vessel report delhi facility shift
1855,Customs Issue,Low,Shipment selected for random inspection. Reported at Ahmedabad facility during shift 1.,Open,Hyderabad,shipment select random inspection report ahmedabad facility shift
1856,Damaged Goods,High,Container impact damaged shipment contents. Reported at Kolkata facility during shift 2.,Open,Chennai,container impact damage shipment content report kolkata facility shift
1857,Damaged Goods,Low,Transit vibration caused product defects. Reported at Kolkata facility during shift 2.,In Progress,Kolkata,transit vibration cause product defect report kolkata facility shift
1858,Transportation Failure,Medium,Delivery vehicle breakdown reported. Reported at Bengaluru facility during shift 1.,Resolved,Kolkata,delivery vehicle breakdown report report bengaluru facility shift
1859,Documentation Error,Medium,Incorrect shipping documentation submitted. Reported at Hyderabad facility during shift 1.,In Progress,Chennai,incorrect ship documentation submit report hyderabad facility shift
1860,Documentation Error,High,Invoice value discrepancy identified. Reported at Pune facility during shift 2.,Resolved,Bengaluru,invoice value discrepancy identify report pune facility shift
1861,Warehouse Issue,High,Warehouse stock mismatch identified. Reported at Pune facility during shift 3.,In Progress,Kolkata,warehouse stock mismatch identify report pune facility shift
1862,Warehouse Issue,Medium,Put-away process delayed inventory availability. Reported at Chennai facility during shift 1.,Resolved,Hyderabad,putaway process delay inventory availability report chennai facility shift
1863,Warehouse Issue,Medium,Inventory misplaced within storage area. Reported at Ahmedabad facility during shift 2.,Resolved,Hyderabad,inventory misplace within storage area report ahmedabad facility shift
1864,Inventory Shortage,Critical,Supplier delay created inventory gap. Reported at Ahmedabad facility during shift 3.,Open,Delhi,supplier delay create inventory gap report ahmedabad facility shift
1865,Shipment Delay,Critical,Carrier scheduling issue caused shipment delay. Reported at Hyderabad facility during shift 1.,Resolved,Hyderabad,carrier schedule issue cause shipment delay report hyderabad facility shift
1866,Damaged Goods,Medium,Container impact damaged shipment contents. Reported at Kolkata facility during shift 1.,In Progress,Hyderabad,container impact damage shipment content report kolkata facility shift
1867,Customs Issue,Medium,Regulatory verification delayed release. Reported at Chennai facility during shift 1.,Resolved,Pune,regulatory verification delay release report chennai facility shift
1868,Warehouse Issue,Medium,Inventory allocation issue detected. Reported at Delhi facility during shift 2.,In Progress,Chennai,inventory allocation issue detect report delhi facility shift
1869,Transportation Failure,Medium,Delivery vehicle breakdown reported. Reported at Pune facility during shift 2.,Resolved,Bengaluru,delivery vehicle breakdown report report pune facility shift
1870,Transportation Failure,High,Delivery vehicle breakdown reported. Reported at Mumbai facility during shift 2.,Resolved,Pune,delivery vehicle breakdown report report mumbai facility shift
1871,Shipment Delay,High,Last-mile delivery partner unavailable. Reported at Delhi facility during shift 2.,In Progress,Hyderabad,lastmile delivery partner unavailable report delhi facility shift
1872,Warehouse Issue,Medium,Warehouse management system outage reported. Reported at Delhi facility during shift 1.,Open,Chennai,warehouse management system outage report report delhi facility shift
1873,Inventory Shortage,Medium,Product unavailable due to inventory mismatch. Reported at Chennai facility during shift 1.,In Progress,Pune,product unavailable due inventory mismatch report chennai facility shift
1874,Shipment Delay,Critical,Cargo loading completed behind schedule. Reported at Bengaluru facility during shift 1.,In Progress,Hyderabad,cargo load complete behind schedule report bengaluru facility shift
1875,Shipment Delay,High,Shipment rerouted causing additional transit time. Reported at Pune facility during shift 3.,Resolved,Bengaluru,shipment rerouted cause additional transit time report pune facility shift
1876,Damaged Goods,Medium,Product packaging torn during loading. Reported at Mumbai facility during shift 3.,Resolved,Mumbai,product package tear load report mumbai facility shift
1877,Inventory Shortage,Medium,Demand exceeded available stock levels. Reported at Pune facility during shift 3.,Resolved,Kolkata,demand exceed available stock level report pune facility shift
1878,Shipment Delay,Low,Shipment rerouted causing additional transit time. Reported at Kolkata facility during shift 2.,In Progress,Pune,shipment rerouted cause additional transit time report kolkata facility shift
1879,Damaged Goods,Critical,Pallet collapse resulted in product damage. Reported at Pune facility during shift 2.,In Progress,Chennai,pallet collapse result product damage report pune facility shift
1880,Inventory Shortage,Critical,Safety stock threshold breached. Reported at Chennai facility during shift 2.,Resolved,Chennai,safety stock threshold breach report chennai facility shift
1881,Shipment Delay,Medium,Rail transport delay impacted delivery timeline. Reported at Bengaluru facility during shift 2.,Resolved,Pune,rail transport delay impact delivery timeline report bengaluru facility shift
1882,Inventory Shortage,High,Supplier delay created inventory gap. Reported at Chennai facility during shift 3.,In Progress,Mumbai,supplier delay create inventory gap report chennai facility shift
1883,Shipment Delay,Medium,Mechanical failure delayed freight movement. Reported at Bengaluru facility during shift 3.,Resolved,Kolkata,mechanical failure delay freight movement report bengaluru facility shift
1884,Documentation Error,High,Data entry error impacted shipment records. Reported at Mumbai facility during shift 3.,Resolved,Ahmedabad,data entry error impact shipment record report mumbai facility shift
1885,Customs Issue,Low,Shipment flagged for compliance audit. Reported at Ahmedabad facility during shift 2.,Resolved,Hyderabad,shipment flag compliance audit report ahmedabad facility shift
1886,Inventory Shortage,Low,Safety stock threshold breached. Reported at Bengaluru facility during shift 2.,In Progress,Mumbai,safety stock threshold breach report bengaluru facility shift
1887,Customs Issue,Critical,Border inspection extended shipment hold. Reported at Ahmedabad facility during shift 3.,In Progress,Pune,border inspection extend shipment hold report ahmedabad facility shift
1888,Shipment Delay,Medium,Container missed connecting vessel. Reported at Mumbai facility during shift 2.,Resolved,Bengaluru,container miss connect vessel report mumbai facility shift
1889,Transportation Failure,Medium,Third-party carrier cancelled shipment booking. Reported at Kolkata facility during shift 1.,Open,Bengaluru,thirdparty carrier cancel shipment book report kolkata facility shift
1890,Warehouse Issue,Medium,Order consolidation process delayed shipment. Reported at Kolkata facility during shift 3.,Open,Hyderabad,order consolidation process delay shipment report kolkata facility shift
1891,Warehouse Issue,Low,Inventory allocation issue detected. Reported at Pune facility during shift 2.,In Progress,Kolkata,inventory allocation issue detect report pune facility shift
1892,Documentation Error,High,Customs paperwork contained errors. Reported at Ahmedabad facility during shift 3.,Open,Delhi,customs paperwork contain errors report ahmedabad facility shift
1893,Transportation Failure,Medium,Delivery vehicle breakdown reported. Reported at Delhi facility during shift 1.,Resolved,Ahmedabad,delivery vehicle breakdown report report delhi facility shift
1894,Customs Issue,High,Customs clearance process delayed. Reported at Delhi facility during shift 1.,Open,Delhi,customs clearance process delay report delhi facility shift
1895,Shipment Delay,Medium,Port congestion delayed shipment arrival. Reported at Kolkata facility during shift 2.,In Progress,Bengaluru,port congestion delay shipment arrival report kolkata facility shift
1896,Customs Issue,High,Regulatory verification delayed release. Reported at Mumbai facility during shift 2.,In Progress,Mumbai,regulatory verification delay release report mumbai facility shift
1897,Customs Issue,Critical,Shipment held by customs authorities. Reported at Mumbai facility during shift 3.,In Progress,Kolkata,shipment hold customs authorities report mumbai facility shift
1898,Customs Issue,High,Import permit approval pending. Reported at Kolkata facility during shift 2.,Resolved,Delhi,import permit approval pending report kolkata facility shift
1899,Customs Issue,High,Import documentation under review. Reported at Mumbai facility during shift 1.,Resolved,Pune,import documentation review report mumbai facility shift
1900,Customs Issue,Medium,Customs valuation dispute identified. Reported at Ahmedabad facility during shift 2.,Open,Hyderabad,customs valuation dispute identify report ahmedabad facility shift
1901,Warehouse Issue,Medium,Picking error occurred in warehouse. Reported at Bengaluru facility during shift 2.,Open,Kolkata,pick error occur warehouse report bengaluru facility shift
1902,Damaged Goods,High,Water exposure damaged packaged goods. Reported at Kolkata facility during shift 2.,Open,Chennai,water exposure damage package goods report kolkata facility shift
1903,Warehouse Issue,Medium,Put-away process delayed inventory availability. Reported at Bengaluru facility during shift 2.,Resolved,Pune,putaway process delay inventory availability report bengaluru facility shift
1904,Shipment Delay,Low,Container missed connecting vessel. Reported at Hyderabad facility during shift 1.,In Progress,Ahmedabad,container miss connect vessel report hyderabad facility shift
1905,Transportation Failure,Critical,Logistics partner experienced operational failure. Reported at Delhi facility during shift 2.,In Progress,Mumbai,logistics partner experience operational failure report delhi facility shift
1906,Inventory Shortage,Low,Raw material shortage impacted production. Reported at Hyderabad facility during shift 1.,Resolved,Delhi,raw material shortage impact production report hyderabad facility shift
1907,Shipment Delay,Medium,Rail transport delay impacted delivery timeline. Reported at Chennai facility during shift 3.,Open,Chennai,rail transport delay impact delivery timeline report chennai facility shift
1908,Transportation Failure,Low,Transportation network disruption reported. Reported at Chennai facility during shift 2.,Resolved,Kolkata,transportation network disruption report report chennai facility shift
1909,Customs Issue,Low,Import permit approval pending. Reported at Delhi facility during shift 2.,Open,Mumbai,import permit approval pending report delhi facility shift
1910,Transportation Failure,Low,Trailer availability issue delayed dispatch. Reported at Kolkata facility during shift 2.,Open,Hyderabad,trailer availability issue delay dispatch report kolkata facility shift
1911,Customs Issue,High,Customs valuation dispute identified. Reported at Mumbai facility during shift 2.,Resolved,Bengaluru,customs valuation dispute identify report mumbai facility shift
1912,Customs Issue,Medium,Customs clearance process delayed. Reported at Pune facility during shift 1.,In Progress,Ahmedabad,customs clearance process delay report pune facility shift
1913,Customs Issue,Medium,Regulatory approval pending clearance. Reported at Mumbai facility during shift 3.,Open,Kolkata,regulatory approval pending clearance report mumbai facility shift
1914,Shipment Delay,High,Mechanical failure delayed freight movement. Reported at Pune facility during shift 1.,Resolved,Chennai,mechanical failure delay freight movement report pune facility shift
1915,Customs Issue,Low,Customs valuation dispute identified. Reported at Chennai facility during shift 1.,In Progress,Bengaluru,customs valuation dispute identify report chennai facility shift
1916,Customs Issue,Low,Border inspection extended shipment hold. Reported at Hyderabad facility during shift 2.,Open,Ahmedabad,border inspection extend shipment hold report hyderabad facility shift
1917,Damaged Goods,High,Goods arrived with visible damage. Reported at Bengaluru facility during shift 3.,Resolved,Bengaluru,goods arrive visible damage report bengaluru facility shift
1918,Shipment Delay,Medium,Delivery delayed due to traffic disruption. Reported at Mumbai facility during shift 2.,Open,Delhi,delivery delay due traffic disruption report mumbai facility shift
1919,Shipment Delay,Medium,Delivery delayed due to traffic disruption. Reported at Hyderabad facility during shift 3.,Resolved,Bengaluru,delivery delay due traffic disruption report hyderabad facility shift
1920,Customs Issue,Medium,Customs requested additional documentation. Reported at Ahmedabad facility during shift 3.,Open,Hyderabad,customs request additional documentation report ahmedabad facility shift
1921,Warehouse Issue,Medium,Warehouse processing backlog reported. Reported at Hyderabad facility during shift 3.,Resolved,Kolkata,warehouse process backlog report report hyderabad facility shift
1922,Documentation Error,Low,Incorrect consignee information provided. Reported at Ahmedabad facility during shift 2.,Open,Hyderabad,incorrect consignee information provide report ahmedabad facility shift
1923,Transportation Failure,Medium,Fleet utilization exceeded available capacity. Reported at Pune facility during shift 1.,Open,Delhi,fleet utilization exceed available capacity report pune facility shift
1924,Transportation Failure,Medium,Driver unavailable for scheduled route. Reported at Mumbai facility during shift 2.,Resolved,Delhi,driver unavailable schedule route report mumbai facility shift
1925,Warehouse Issue,Medium,Order consolidation process delayed shipment. Reported at Ahmedabad facility during shift 2.,Resolved,Bengaluru,order consolidation process delay shipment report ahmedabad facility shift
1926,Shipment Delay,Low,Carrier scheduling issue caused shipment delay. Reported at Hyderabad facility during shift 3.,In Progress,Chennai,carrier schedule issue cause shipment delay report hyderabad facility shift
1927,Documentation Error,Medium,Invoice value discrepancy identified. Reported at Pune facility during shift 2.,In Progress,Kolkata,invoice value discrepancy identify report pune facility shift
1928,Warehouse Issue,Low,Warehouse management system outage reported. Reported at Kolkata facility during shift 2.,Open,Hyderabad,warehouse management system outage report report kolkata facility shift
1929,Transportation Failure,Medium,Equipment malfunction impacted transport operations. Reported at Bengaluru facility during shift 2.,Open,Hyderabad,equipment malfunction impact transport operations report bengaluru facility shift
1930,Transportation Failure,High,Fuel supply issue interrupted transportation. Reported at Bengaluru facility during shift 3.,Resolved,Bengaluru,fuel supply issue interrupt transportation report bengaluru facility shift
1931,Warehouse Issue,Medium,Dock congestion slowed warehouse throughput. Reported at Mumbai facility during shift 3.,Open,Chennai,dock congestion slow warehouse throughput report mumbai facility shift
1932,Customs Issue,High,Shipment held by customs authorities. Reported at Kolkata facility during shift 1.,In Progress,Pune,shipment hold customs authorities report kolkata facility shift
1933,Warehouse Issue,Low,Space constraint affected storage operations. Reported at Mumbai facility during shift 3.,Open,Pune,space constraint affect storage operations report mumbai facility shift
1934,Documentation Error,Medium,Bill of lading information mismatch detected. Reported at Delhi facility during shift 3.,Resolved,Bengaluru,bill lade information mismatch detect report delhi facility shift
1935,Damaged Goods,Medium,Warehouse accident damaged stored inventory. Reported at Delhi facility during shift 2.,Open,Bengaluru,warehouse accident damage store inventory report delhi facility shift
1936,Shipment Delay,Low,Shipment delayed due to customs inspection. Reported at Chennai facility during shift 3.,In Progress,Ahmedabad,shipment delay due customs inspection report chennai facility shift
1937,Shipment Delay,Low,Port congestion delayed shipment arrival. Reported at Hyderabad facility during shift 2.,Resolved,Bengaluru,port congestion delay shipment arrival report hyderabad facility shift
1938,Shipment Delay,Medium,Carrier scheduling issue caused shipment delay. Reported at Mumbai facility during shift 2.,Open,Hyderabad,carrier schedule issue cause shipment delay report mumbai facility shift
1939,Warehouse Issue,Medium,Picking error occurred in warehouse. Reported at Mumbai facility during shift 1.,Resolved,Kolkata,pick error occur warehouse report mumbai facility shift
1940,Shipment Delay,High,Shipment delayed due to customs inspection. Reported at Delhi facility during shift 1.,In Progress,Bengaluru,shipment delay due customs inspection report delhi facility shift
1941,Warehouse Issue,Medium,Cycle count discrepancy identified. Reported at Hyderabad facility during shift 2.,Resolved,Chennai,cycle count discrepancy identify report hyderabad facility shift
1942,Damaged Goods,Low,Shipment contents damaged in transit. Reported at Ahmedabad facility during shift 1.,Resolved,Ahmedabad,shipment content damage transit report ahmedabad facility shift
1943,Transportation Failure,Low,Vehicle maintenance issue halted delivery. Reported at Kolkata facility during shift 1.,In Progress,Hyderabad,vehicle maintenance issue halt delivery report kolkata facility shift
1944,Transportation Failure,Low,Vehicle maintenance issue halted delivery. Reported at Bengaluru facility during shift 2.,In Progress,Kolkata,vehicle maintenance issue halt delivery report bengaluru facility shift
1945,Damaged Goods,Low,Warehouse accident damaged stored inventory. Reported at Mumbai facility during shift 2.,Open,Kolkata,warehouse accident damage store inventory report mumbai facility shift
1946,Warehouse Issue,Medium,Warehouse processing backlog reported. Reported at Ahmedabad facility during shift 2.,Open,Hyderabad,warehouse process backlog report report ahmedabad facility shift
1947,Damaged Goods,Medium,Goods arrived with visible damage. Reported at Mumbai facility during shift 1.,Open,Ahmedabad,goods arrive visible damage report mumbai facility shift
1948,Documentation Error,Medium,Bill of lading information mismatch detected. Reported at Mumbai facility during shift 1.,In Progress,Bengaluru,bill lade information mismatch detect report mumbai facility shift
1949,Shipment Delay,Medium,Driver shortage affected transportation schedule. Reported at Ahmedabad facility during shift 2.,Resolved,Pune,driver shortage affect transportation schedule report ahmedabad facility shift
1950,Warehouse Issue,Medium,Storage location information incorrect. Reported at Chennai facility during shift 2.,Resolved,Kolkata,storage location information incorrect report chennai facility shift
1951,Warehouse Issue,Low,Warehouse stock mismatch identified. Reported at Hyderabad facility during shift 3.,Resolved,Ahmedabad,warehouse stock mismatch identify report hyderabad facility shift
1952,Documentation Error,Low,Export declaration contained errors. Reported at Pune facility during shift 3.,In Progress,Ahmedabad,export declaration contain errors report pune facility shift
1953,Documentation Error,Medium,Labeling information did not match shipment. Reported at Mumbai facility during shift 1.,Open,Kolkata,label information match shipment report mumbai facility shift
1954,Inventory Shortage,Medium,Unexpected order spike exhausted stock. Reported at Chennai facility during shift 1.,Open,Delhi,unexpected order spike exhaust stock report chennai facility shift
1955,Inventory Shortage,High,Inventory forecast underestimated demand. Reported at Mumbai facility during shift 1.,In Progress,Delhi,inventory forecast underestimate demand report mumbai facility shift
1956,Customs Issue,High,Shipment selected for random inspection. Reported at Ahmedabad facility during shift 1.,Resolved,Kolkata,shipment select random inspection report ahmedabad facility shift
1957,Transportation Failure,Medium,Delivery vehicle breakdown reported. Reported at Hyderabad facility during shift 1.,In Progress,Hyderabad,delivery vehicle breakdown report report hyderabad facility shift
1958,Documentation Error,Medium,Incorrect consignee information provided. Reported at Pune facility during shift 3.,Open,Hyderabad,incorrect consignee information provide report pune facility shift
1959,Documentation Error,Critical,Missing certificate delayed shipment release. Reported at Bengaluru facility during shift 3.,In Progress,Hyderabad,miss certificate delay shipment release report bengaluru facility shift
1960,Transportation Failure,Critical,Fleet utilization exceeded available capacity. Reported at Bengaluru facility during shift 2.,Resolved,Delhi,fleet utilization exceed available capacity report bengaluru facility shift
1961,Inventory Shortage,Medium,Backordered items unavailable for dispatch. Reported at Ahmedabad facility during shift 1.,Open,Delhi,backordered items unavailable dispatch report ahmedabad facility shift
1962,Transportation Failure,High,Transport route disruption due to road closure. Reported at Chennai facility during shift 2.,Open,Mumbai,transport route disruption due road closure report chennai facility shift
1963,Documentation Error,Low,Export declaration contained errors. Reported at Pune facility during shift 1.,In Progress,Delhi,export declaration contain errors report pune facility shift
1964,Shipment Delay,Medium,Container missed connecting vessel. Reported at Bengaluru facility during shift 2.,Open,Hyderabad,container miss connect vessel report bengaluru facility shift
1965,Damaged Goods,High,Transit vibration caused product defects. Reported at Kolkata facility during shift 3.,In Progress,Kolkata,transit vibration cause product defect report kolkata facility shift
1966,Damaged Goods,Medium,Temperature excursion affected product quality. Reported at Bengaluru facility during shift 1.,Open,Bengaluru,temperature excursion affect product quality report bengaluru facility shift
1967,Damaged Goods,Low,Goods arrived with visible damage. Reported at Hyderabad facility during shift 3.,Resolved,Kolkata,goods arrive visible damage report hyderabad facility shift
1968,Damaged Goods,High,Container impact damaged shipment contents. Reported at Hyderabad facility during shift 3.,Resolved,Ahmedabad,container impact damage shipment content report hyderabad facility shift
1969,Inventory Shortage,Critical,Inventory replenishment delayed. Reported at Chennai facility during shift 1.,Open,Delhi,inventory replenishment delay report chennai facility shift
1970,Inventory Shortage,Medium,Inventory replenishment delayed. Reported at Ahmedabad facility during shift 1.,Open,Delhi,inventory replenishment delay report ahmedabad facility shift
1971,Documentation Error,Medium,Invoice value discrepancy identified. Reported at Ahmedabad facility during shift 2.,In Progress,Hyderabad,invoice value discrepancy identify report ahmedabad facility shift
1972,Documentation Error,Medium,Invoice value discrepancy identified. Reported at Mumbai facility during shift 1.,In Progress,Kolkata,invoice value discrepancy identify report mumbai facility shift
1973,Customs Issue,High,Import permit approval pending. Reported at Pune facility during shift 2.,In Progress,Mumbai,import permit approval pending report pune facility shift
1974,Documentation Error,Critical,Manifest information incomplete. Reported at Bengaluru facility during shift 1.,In Progress,Delhi,manifest information incomplete report bengaluru facility shift
1975,Warehouse Issue,Medium,Order picking queue exceeded capacity. Reported at Ahmedabad facility during shift 2.,In Progress,Mumbai,order pick queue exceed capacity report ahmedabad facility shift
1976,Documentation Error,Medium,Shipping label generated with incorrect address. Reported at Kolkata facility during shift 3.,Open,Pune,ship label generate incorrect address report kolkata facility shift
1977,Warehouse Issue,Medium,Warehouse management system outage reported. Reported at Pune facility during shift 3.,Resolved,Bengaluru,warehouse management system outage report report pune facility shift
1978,Transportation Failure,Critical,Driver unavailable for scheduled route. Reported at Delhi facility during shift 3.,Open,Ahmedabad,driver unavailable schedule route report delhi facility shift
1979,Damaged Goods,Medium,Temperature excursion affected product quality. Reported at Bengaluru facility during shift 1.,In Progress,Mumbai,temperature excursion affect product quality report bengaluru facility shift
1980,Damaged Goods,Critical,Receiving inspection identified damaged goods. Reported at Hyderabad facility during shift 3.,Resolved,Hyderabad,receive inspection identify damage goods report hyderabad facility shift
1981,Shipment Delay,Medium,Shipment rerouted causing additional transit time. Reported at Hyderabad facility during shift 3.,Open,Hyderabad,shipment rerouted cause additional transit time report hyderabad facility shift
1982,Damaged Goods,High,Fragile goods mishandled during unloading. Reported at Chennai facility during shift 3.,Resolved,Ahmedabad,fragile goods mishandle unload report chennai facility shift
1983,Documentation Error,Low,Missing certificate delayed shipment release. Reported at Ahmedabad facility during shift 2.,Resolved,Mumbai,miss certificate delay shipment release report ahmedabad facility shift
1984,Shipment Delay,High,Container missed connecting vessel. Reported at Chennai facility during shift 3.,Open,Delhi,container miss connect vessel report chennai facility shift
1985,Warehouse Issue,Medium,Warehouse staffing shortage reported. Reported at Delhi facility during shift 1.,Open,Chennai,warehouse staff shortage report report delhi facility shift
1986,Transportation Failure,Low,Accident blocked scheduled delivery route. Reported at Chennai facility during shift 2.,Resolved,Hyderabad,accident block schedule delivery route report chennai facility shift
1987,Warehouse Issue,High,Warehouse processing backlog reported. Reported at Chennai facility during shift 2.,In Progress,Delhi,warehouse process backlog report report chennai facility shift
1988,Documentation Error,Low,Data entry error impacted shipment records. Reported at Pune facility during shift 3.,Resolved,Kolkata,data entry error impact shipment record report pune facility shift
1989,Transportation Failure,Low,Transportation network disruption reported. Reported at Chennai facility during shift 1.,Resolved,Delhi,transportation network disruption report report chennai facility shift
1990,Customs Issue,Medium,Regulatory verification delayed release. Reported at Mumbai facility during shift 1.,In Progress,Bengaluru,regulatory verification delay release report mumbai facility shift
1991,Customs Issue,Medium,Shipment flagged for compliance audit. Reported at Kolkata facility during shift 1.,Open,Hyderabad,shipment flag compliance audit report kolkata facility shift
1992,Damaged Goods,Medium,Temperature excursion affected product quality. Reported at Pune facility during shift 1.,Resolved,Mumbai,temperature excursion affect product quality report pune facility shift
1993,Documentation Error,Low,Shipping label generated with incorrect address. Reported at Ahmedabad facility during shift 1.,Open,Delhi,ship label generate incorrect address report ahmedabad facility shift
1994,Customs Issue,Medium,Customs clearance process delayed. Reported at Delhi facility during shift 2.,Open,Delhi,customs clearance process delay report delhi facility shift
1995,Warehouse Issue,Medium,Warehouse stock mismatch identified. Reported at Bengaluru facility during shift 3.,Open,Bengaluru,warehouse stock mismatch identify report bengaluru facility shift
1996,Damaged Goods,High,Transit vibration caused product defects. Reported at Bengaluru facility during shift 3.,Open,Hyderabad,transit vibration cause product defect report bengaluru facility shift
1997,Shipment Delay,Low,Delivery delayed due to traffic disruption. Reported at Hyderabad facility during shift 1.,Resolved,Pune,delivery delay due traffic disruption report hyderabad facility shift
1998,Transportation Failure,High,Logistics partner experienced operational failure. Reported at Bengaluru facility during shift 2.,Open,Hyderabad,logistics partner experience operational failure report bengaluru facility shift
1999,Damaged Goods,Low,Packaging failure led to damaged products. Reported at Ahmedabad facility during shift 2.,In Progress,Pune,package failure lead damage products report ahmedabad facility shift
2000,Damaged Goods,Medium,Warehouse accident damaged stored inventory. Reported at Ahmedabad facility during shift 3.,Open,Chennai,warehouse accident damage store inventory report ahmedabad facility shift
2001,Warehouse Issue,Medium,Cycle count discrepancy identified. Reported at Kolkata facility during shift 1.,Open,Kolkata,cycle count discrepancy identify report kolkata facility shift
2002,Damaged Goods,Medium,Fragile goods mishandled during unloading. Reported at Hyderabad facility during shift 1.,Resolved,Hyderabad,fragile goods mishandle unload report hyderabad facility shift
2003,Shipment Delay,Low,Cargo loading completed behind schedule. Reported at Bengaluru facility during shift 2.,In Progress,Chennai,cargo load complete behind schedule report bengaluru facility shift
2004,Shipment Delay,Low,Cargo loading completed behind schedule. Reported at Delhi facility during shift 2.,Resolved,Pune,cargo load complete behind schedule report delhi facility shift
2005,Damaged Goods,Medium,Container impact damaged shipment contents. Reported at Kolkata facility during shift 3.,Open,Pune,container impact damage shipment content report kolkata facility shift
2006,Customs Issue,Low,Customs clearance process delayed. Reported at Pune facility during shift 1.,In Progress,Pune,customs clearance process delay report pune facility shift
2007,Damaged Goods,Critical,Fragile goods mishandled during unloading. Reported at Mumbai facility during shift 1.,In Progress,Delhi,fragile goods mishandle unload report mumbai facility shift
2008,Transportation Failure,Medium,Transportation vendor system outage reported. Reported at Delhi facility during shift 1.,Resolved,Ahmedabad,transportation vendor system outage report report delhi facility shift
2009,Documentation Error,Medium,Documentation approval pending correction. Reported at Kolkata facility during shift 3.,Open,Hyderabad,documentation approval pending correction report kolkata facility shift
2010,Customs Issue,Medium,Customs requested additional documentation. Reported at Pune facility during shift 2.,In Progress,Chennai,customs request additional documentation report pune facility shift
2011,Inventory Shortage,Medium,Unexpected order spike exhausted stock. Reported at Mumbai facility during shift 2.,In Progress,Kolkata,unexpected order spike exhaust stock report mumbai facility shift
2012,Documentation Error,Low,Incorrect shipping documentation submitted. Reported at Delhi facility during shift 3.,In Progress,Bengaluru,incorrect ship documentation submit report delhi facility shift
2013,Documentation Error,Medium,Invoice value discrepancy identified. Reported at Delhi facility during shift 1.,Open,Mumbai,invoice value discrepancy identify report delhi facility shift
2014,Damaged Goods,Medium,Warehouse accident damaged stored inventory. Reported at Delhi facility during shift 2.,Open,Ahmedabad,warehouse accident damage store inventory report delhi facility shift
2015,Shipment Delay,High,Shipment rerouted causing additional transit time. Reported at Delhi facility during shift 1.,In Progress,Hyderabad,shipment rerouted cause additional transit time report delhi facility shift
2016,Shipment Delay,Medium,Port congestion delayed shipment arrival. Reported at Bengaluru facility during shift 1.,Resolved,Bengaluru,port congestion delay shipment arrival report bengaluru facility shift
2017,Inventory Shortage,Medium,Raw material shortage impacted production. Reported at Pune facility during shift 1.,In Progress,Mumbai,raw material shortage impact production report pune facility shift
2018,Transportation Failure,Low,Transportation vendor system outage reported. Reported at Kolkata facility during shift 3.,In Progress,Kolkata,transportation vendor system outage report report kolkata facility shift
2019,Warehouse Issue,Medium,Warehouse management system outage reported. Reported at Bengaluru facility during shift 1.,In Progress,Delhi,warehouse management system outage report report bengaluru facility shift
2020,Transportation Failure,High,Third-party carrier cancelled shipment booking. Reported at Pune facility during shift 2.,Resolved,Kolkata,thirdparty carrier cancel shipment book report pune facility shift
2021,Documentation Error,Medium,Purchase order details inconsistent. Reported at Mumbai facility during shift 2.,Resolved,Chennai,purchase order detail inconsistent report mumbai facility shift
2022,Inventory Shortage,Medium,Warehouse unable to fulfill requested quantity. Reported at Delhi facility during shift 1.,In Progress,Chennai,warehouse unable fulfill request quantity report delhi facility shift
2023,Documentation Error,Medium,Documentation approval pending correction. Reported at Kolkata facility during shift 1.,Open,Ahmedabad,documentation approval pending correction report kolkata facility shift
2024,Inventory Shortage,Medium,Warehouse stock shortage detected. Reported at Bengaluru facility during shift 2.,In Progress,Kolkata,warehouse stock shortage detect report bengaluru facility shift
2025,Customs Issue,Low,Import documentation under review. Reported at Kolkata facility during shift 1.,In Progress,Ahmedabad,import documentation review report kolkata facility shift
2026,Shipment Delay,Low,Carrier scheduling issue caused shipment delay. Reported at Kolkata facility during shift 1.,Resolved,Mumbai,carrier schedule issue cause shipment delay report kolkata facility shift
2027,Transportation Failure,Medium,Third-party carrier cancelled shipment booking. Reported at Mumbai facility during shift 2.,Open,Kolkata,thirdparty carrier cancel shipment book report mumbai facility shift
2028,Warehouse Issue,Medium,Space constraint affected storage operations. Reported at Chennai facility during shift 1.,Resolved,Kolkata,space constraint affect storage operations report chennai facility shift
2029,Customs Issue,Medium,Import permit approval pending. Reported at Chennai facility during shift 2.,Resolved,Kolkata,import permit approval pending report chennai facility shift
2030,Transportation Failure,Medium,Third-party carrier cancelled shipment booking. Reported at Chennai facility during shift 2.,Resolved,Mumbai,thirdparty carrier cancel shipment book report chennai facility shift
2031,Documentation Error,Medium,Invoice value discrepancy identified. Reported at Ahmedabad facility during shift 3.,In Progress,Pune,invoice value discrepancy identify report ahmedabad facility shift
2032,Warehouse Issue,High,Inventory misplaced within storage area. Reported at Pune facility during shift 1.,In Progress,Kolkata,inventory misplace within storage area report pune facility shift
2033,Warehouse Issue,Low,Dock congestion slowed warehouse throughput. Reported at Mumbai facility during shift 1.,Resolved,Hyderabad,dock congestion slow warehouse throughput report mumbai facility shift
2034,Inventory Shortage,Low,Backordered items unavailable for dispatch. Reported at Ahmedabad facility during shift 2.,In Progress,Chennai,backordered items unavailable dispatch report ahmedabad facility shift
2035,Shipment Delay,Medium,Holiday demand surge caused shipping delays. Reported at Ahmedabad facility during shift 2.,Resolved,Pune,holiday demand surge cause ship delay report ahmedabad facility shift
2036,Damaged Goods,Low,Pallet collapse resulted in product damage. Reported at Pune facility during shift 3.,Open,Hyderabad,pallet collapse result product damage report pune facility shift
2037,Inventory Shortage,Low,Stockout occurred at fulfillment center. Reported at Pune facility during shift 2.,In Progress,Hyderabad,stockout occur fulfillment center report pune facility shift
2038,Customs Issue,High,Shipment held by customs authorities. Reported at Mumbai facility during shift 2.,Resolved,Kolkata,shipment hold customs authorities report mumbai facility shift
2039,Inventory Shortage,Low,Inventory replenishment delayed. Reported at Mumbai facility during shift 3.,Resolved,Delhi,inventory replenishment delay report mumbai facility shift
2040,Customs Issue,Medium,Import permit approval pending. Reported at Kolkata facility during shift 2.,In Progress,Bengaluru,import permit approval pending report kolkata facility shift
2041,Warehouse Issue,Low,Order consolidation process delayed shipment. Reported at Ahmedabad facility during shift 1.,In Progress,Chennai,order consolidation process delay shipment report ahmedabad facility shift
2042,Inventory Shortage,Medium,Cycle count revealed stock deficiency. Reported at Mumbai facility during shift 2.,Resolved,Mumbai,cycle count reveal stock deficiency report mumbai facility shift
2043,Damaged Goods,Medium,Receiving inspection identified damaged goods. Reported at Hyderabad facility during shift 2.,Open,Hyderabad,receive inspection identify damage goods report hyderabad facility shift
2044,Customs Issue,Critical,Customs valuation dispute identified. Reported at Mumbai facility during shift 2.,Open,Hyderabad,customs valuation dispute identify report mumbai facility shift
2045,Damaged Goods,High,Container impact damaged shipment contents. Reported at Bengaluru facility during shift 3.,In Progress,Ahmedabad,container impact damage shipment content report bengaluru facility shift
2046,Inventory Shortage,High,Unexpected order spike exhausted stock. Reported at Kolkata facility during shift 2.,Open,Hyderabad,unexpected order spike exhaust stock report kolkata facility shift
2047,Documentation Error,Medium,Missing certificate delayed shipment release. Reported at Chennai facility during shift 3.,Open,Hyderabad,miss certificate delay shipment release report chennai facility shift
2048,Damaged Goods,Low,Package damaged during transportation. Reported at Kolkata facility during shift 1.,In Progress,Delhi,package damage transportation report kolkata facility shift
2049,Damaged Goods,High,Shipment contents damaged in transit. Reported at Ahmedabad facility during shift 3.,Resolved,Pune,shipment content damage transit report ahmedabad facility shift
2050,Shipment Delay,High,Unexpected weather conditions slowed transportation. Reported at Bengaluru facility during shift 1.,Open,Mumbai,unexpected weather condition slow transportation report bengaluru facility shift
2051,Documentation Error,Medium,Required compliance document missing. Reported at Ahmedabad facility during shift 3.,Resolved,Pune,require compliance document miss report ahmedabad facility shift
2052,Documentation Error,Low,Purchase order details inconsistent. Reported at Ahmedabad facility during shift 3.,In Progress,Pune,purchase order detail inconsistent report ahmedabad facility shift
2053,Damaged Goods,Medium,Transit vibration caused product defects. Reported at Ahmedabad facility during shift 1.,Resolved,Ahmedabad,transit vibration cause product defect report ahmedabad facility shift
2054,Inventory Shortage,Medium,Backordered items unavailable for dispatch. Reported at Delhi facility during shift 3.,In Progress,Chennai,backordered items unavailable dispatch report delhi facility shift
2055,Customs Issue,Medium,Trade compliance review delayed processing. Reported at Mumbai facility during shift 3.,In Progress,Mumbai,trade compliance review delay process report mumbai facility shift
2056,Inventory Shortage,Low,Procurement delay affected inventory availability. Reported at Pune facility during shift 2.,In Progress,Ahmedabad,procurement delay affect inventory availability report pune facility shift
2057,Customs Issue,Medium,Import permit approval pending. Reported at Chennai facility during shift 1.,Open,Pune,import permit approval pending report chennai facility shift
2058,Documentation Error,High,Purchase order details inconsistent. Reported at Kolkata facility during shift 1.,In Progress,Ahmedabad,purchase order detail inconsistent report kolkata facility shift
2059,Inventory Shortage,Medium,Supplier delay created inventory gap. Reported at Delhi facility during shift 2.,Open,Mumbai,supplier delay create inventory gap report delhi facility shift
2060,Transportation Failure,Medium,Logistics partner experienced operational failure. Reported at Bengaluru facility during shift 1.,Open,Delhi,logistics partner experience operational failure report bengaluru facility shift
2061,Warehouse Issue,Medium,Space constraint affected storage operations. Reported at Kolkata facility during shift 3.,Open,Kolkata,space constraint affect storage operations report kolkata facility shift
2062,Documentation Error,Medium,Required compliance document missing. Reported at Pune facility during shift 2.,Resolved,Pune,require compliance document miss report pune facility shift
2063,Documentation Error,High,Labeling information did not match shipment. Reported at Kolkata facility during shift 1.,In Progress,Ahmedabad,label information match shipment report kolkata facility shift
2064,Damaged Goods,Critical,Transit vibration caused product defects. Reported at Ahmedabad facility during shift 1.,Open,Kolkata,transit vibration cause product defect report ahmedabad facility shift
2065,Damaged Goods,Medium,Package damaged during transportation. Reported at Pune facility during shift 2.,Resolved,Mumbai,package damage transportation report pune facility shift
2066,Transportation Failure,Medium,Route planning error delayed movement. Reported at Kolkata facility during shift 2.,Resolved,Chennai,route plan error delay movement report kolkata facility shift
2067,Documentation Error,Medium,Bill of lading information mismatch detected. Reported at Delhi facility during shift 3.,Open,Kolkata,bill lade information mismatch detect report delhi facility shift
2068,Shipment Delay,Medium,Container missed connecting vessel. Reported at Bengaluru facility during shift 1.,In Progress,Mumbai,container miss connect vessel report bengaluru facility shift
2069,Damaged Goods,Medium,Package damaged during transportation. Reported at Kolkata facility during shift 3.,Open,Delhi,package damage transportation report kolkata facility shift
2070,Transportation Failure,Medium,Driver unavailable for scheduled route. Reported at Bengaluru facility during shift 1.,Resolved,Bengaluru,driver unavailable schedule route report bengaluru facility shift
2071,Damaged Goods,High,Goods arrived with visible damage. Reported at Hyderabad facility during shift 1.,Open,Ahmedabad,goods arrive visible damage report hyderabad facility shift
2072,Transportation Failure,High,Logistics partner experienced operational failure. Reported at Ahmedabad facility during shift 1.,In Progress,Mumbai,logistics partner experience operational failure report ahmedabad facility shift
2073,Warehouse Issue,Low,Cycle count discrepancy identified. Reported at Pune facility during shift 1.,Resolved,Mumbai,cycle count discrepancy identify report pune facility shift
2074,Shipment Delay,Medium,Dispatch process delayed at origin facility. Reported at Chennai facility during shift 3.,Resolved,Ahmedabad,dispatch process delay origin facility report chennai facility shift
2075,Warehouse Issue,Critical,Order picking queue exceeded capacity. Reported at Mumbai facility during shift 2.,Resolved,Mumbai,order pick queue exceed capacity report mumbai facility shift
2076,Customs Issue,Medium,Shipment selected for random inspection. Reported at Chennai facility during shift 2.,Resolved,Chennai,shipment select random inspection report chennai facility shift
2077,Damaged Goods,High,Warehouse accident damaged stored inventory. Reported at Kolkata facility during shift 3.,In Progress,Kolkata,warehouse accident damage store inventory report kolkata facility shift
2078,Customs Issue,High,Country-specific restriction affected import. Reported at Ahmedabad facility during shift 2.,Open,Delhi,countryspecific restriction affect import report ahmedabad facility shift
2079,Warehouse Issue,Low,Inventory allocation issue detected. Reported at Mumbai facility during shift 3.,In Progress,Pune,inventory allocation issue detect report mumbai facility shift
2080,Inventory Shortage,Low,Warehouse unable to fulfill requested quantity. Reported at Bengaluru facility during shift 2.,Open,Pune,warehouse unable fulfill request quantity report bengaluru facility shift
2081,Customs Issue,High,Regulatory approval pending clearance. Reported at Mumbai facility during shift 2.,In Progress,Bengaluru,regulatory approval pending clearance report mumbai facility shift
2082,Warehouse Issue,Medium,Inventory allocation issue detected. Reported at Pune facility during shift 2.,In Progress,Ahmedabad,inventory allocation issue detect report pune facility shift
2083,Customs Issue,Low,Regulatory verification delayed release. Reported at Hyderabad facility during shift 3.,Open,Delhi,regulatory verification delay release report hyderabad facility shift
2084,Documentation Error,High,Required compliance document missing. Reported at Chennai facility during shift 1.,Resolved,Pune,require compliance document miss report chennai facility shift
2085,Customs Issue,Low,Regulatory verification delayed release. Reported at Hyderabad facility during shift 3.,Resolved,Hyderabad,regulatory verification delay release report hyderabad facility shift
2086,Transportation Failure,Low,Equipment malfunction impacted transport operations. Reported at Ahmedabad facility during shift 3.,Resolved,Delhi,equipment malfunction impact transport operations report ahmedabad facility shift
2087,Inventory Shortage,Low,Cycle count revealed stock deficiency. Reported at Hyderabad facility during shift 2.,Open,Chennai,cycle count reveal stock deficiency report hyderabad facility shift
2088,Warehouse Issue,Medium,Warehouse processing backlog reported. Reported at Hyderabad facility during shift 1.,In Progress,Pune,warehouse process backlog report report hyderabad facility shift
2089,Customs Issue,Medium,Shipment flagged for compliance audit. Reported at Kolkata facility during shift 2.,Open,Pune,shipment flag compliance audit report kolkata facility shift
2090,Customs Issue,Medium,Import documentation under review. Reported at Pune facility during shift 3.,In Progress,Delhi,import documentation review report pune facility shift
2091,Warehouse Issue,Medium,Inventory misplaced within storage area. Reported at Ahmedabad facility during shift 1.,In Progress,Chennai,inventory misplace within storage area report ahmedabad facility shift
2092,Customs Issue,Medium,Customs clearance process delayed. Reported at Pune facility during shift 1.,Open,Delhi,customs clearance process delay report pune facility shift
2093,Damaged Goods,Low,Container impact damaged shipment contents. Reported at Mumbai facility during shift 3.,In Progress,Ahmedabad,container impact damage shipment content report mumbai facility shift
2094,Documentation Error,High,Shipping label generated with incorrect address. Reported at Chennai facility during shift 3.,Resolved,Bengaluru,ship label generate incorrect address report chennai facility shift
2095,Customs Issue,Low,Border inspection extended shipment hold. Reported at Pune facility during shift 3.,Resolved,Mumbai,border inspection extend shipment hold report pune facility shift
2096,Damaged Goods,Medium,Temperature excursion affected product quality. Reported at Mumbai facility during shift 2.,Resolved,Mumbai,temperature excursion affect product quality report mumbai facility shift
2097,Warehouse Issue,Medium,Warehouse stock mismatch identified. Reported at Ahmedabad facility during shift 3.,Open,Hyderabad,warehouse stock mismatch identify report ahmedabad facility shift
2098,Warehouse Issue,Critical,Put-away process delayed inventory availability. Reported at Delhi facility during shift 3.,Open,Bengaluru,putaway process delay inventory availability report delhi facility shift
2099,Customs Issue,Low,Regulatory approval pending clearance. Reported at Ahmedabad facility during shift 1.,Resolved,Hyderabad,regulatory approval pending clearance report ahmedabad facility shift
2100,Documentation Error,Low,Required compliance document missing. Reported at Mumbai facility during shift 3.,Open,Delhi,require compliance document miss report mumbai facility shift
2101,Documentation Error,Low,Required compliance document missing. Reported at Chennai facility during shift 1.,Resolved,Ahmedabad,require compliance document miss report chennai facility shift
2102,Transportation Failure,High,Transport route disruption due to road closure. Reported at Chennai facility during shift 2.,Open,Bengaluru,transport route disruption due road closure report chennai facility shift
2103,Transportation Failure,Medium,Transport route disruption due to road closure. Reported at Ahmedabad facility during shift 1.,Open,Bengaluru,transport route disruption due road closure report ahmedabad facility shift
2104,Documentation Error,Low,Export declaration contained errors. Reported at Hyderabad facility during shift 3.,In Progress,Mumbai,export declaration contain errors report hyderabad facility shift
2105,Customs Issue,Low,Country-specific restriction affected import. Reported at Ahmedabad facility during shift 3.,Resolved,Ahmedabad,countryspecific restriction affect import report ahmedabad facility shift
2106,Shipment Delay,Low,Carrier scheduling issue caused shipment delay. Reported at Kolkata facility during shift 3.,Resolved,Delhi,carrier schedule issue cause shipment delay report kolkata facility shift
2107,Damaged Goods,Low,Temperature excursion affected product quality. Reported at Ahmedabad facility during shift 3.,Resolved,Hyderabad,temperature excursion affect product quality report ahmedabad facility shift
2108,Damaged Goods,Low,Transit vibration caused product defects. Reported at Bengaluru facility during shift 2.,Resolved,Hyderabad,transit vibration cause product defect report bengaluru facility shift
2109,Customs Issue,Medium,Import permit approval pending. Reported at Mumbai facility during shift 1.,In Progress,Ahmedabad,import permit approval pending report mumbai facility shift
2110,Transportation Failure,High,Carrier failed to pick up shipment. Reported at Delhi facility during shift 1.,Resolved,Hyderabad,carrier fail pick shipment report delhi facility shift
2111,Shipment Delay,Medium,Mechanical failure delayed freight movement. Reported at Ahmedabad facility during shift 2.,Resolved,Delhi,mechanical failure delay freight movement report ahmedabad facility shift
2112,Inventory Shortage,Low,Unexpected order spike exhausted stock. Reported at Mumbai facility during shift 1.,Resolved,Hyderabad,unexpected order spike exhaust stock report mumbai facility shift
2113,Damaged Goods,Medium,Warehouse accident damaged stored inventory. Reported at Ahmedabad facility during shift 1.,Resolved,Bengaluru,warehouse accident damage store inventory report ahmedabad facility shift
2114,Documentation Error,Low,Missing certificate delayed shipment release. Reported at Delhi facility during shift 2.,In Progress,Delhi,miss certificate delay shipment release report delhi facility shift
2115,Warehouse Issue,Critical,Storage location information incorrect. Reported at Delhi facility during shift 2.,In Progress,Kolkata,storage location information incorrect report delhi facility shift
2116,Warehouse Issue,Critical,Put-away process delayed inventory availability. Reported at Hyderabad facility during shift 1.,In Progress,Hyderabad,putaway process delay inventory availability report hyderabad facility shift
2117,Damaged Goods,High,Goods arrived with visible damage. Reported at Hyderabad facility during shift 2.,Resolved,Pune,goods arrive visible damage report hyderabad facility shift
2118,Transportation Failure,Medium,Vehicle maintenance issue halted delivery. Reported at Kolkata facility during shift 3.,In Progress,Chennai,vehicle maintenance issue halt delivery report kolkata facility shift
2119,Warehouse Issue,Medium,Order picking queue exceeded capacity. Reported at Chennai facility during shift 2.,Open,Ahmedabad,order pick queue exceed capacity report chennai facility shift
2120,Warehouse Issue,Low,Inventory allocation issue detected. Reported at Chennai facility during shift 3.,Resolved,Hyderabad,inventory allocation issue detect report chennai facility shift
2121,Damaged Goods,Medium,Transit vibration caused product defects. Reported at Pune facility during shift 1.,In Progress,Pune,transit vibration cause product defect report pune facility shift
2122,Documentation Error,Medium,Labeling information did not match shipment. Reported at Bengaluru facility during shift 1.,In Progress,Hyderabad,label information match shipment report bengaluru facility shift
2123,Shipment Delay,Medium,Truck breakdown caused delivery delay. Reported at Bengaluru facility during shift 1.,In Progress,Ahmedabad,truck breakdown cause delivery delay report bengaluru facility shift
2124,Shipment Delay,Critical,Driver shortage affected transportation schedule. Reported at Kolkata facility during shift 3.,Resolved,Ahmedabad,driver shortage affect transportation schedule report kolkata facility shift
2125,Inventory Shortage,Low,Stockout occurred at fulfillment center. Reported at Kolkata facility during shift 1.,Resolved,Pune,stockout occur fulfillment center report kolkata facility shift
2126,Damaged Goods,Critical,Temperature excursion affected product quality. Reported at Pune facility during shift 2.,Open,Ahmedabad,temperature excursion affect product quality report pune facility shift
2127,Inventory Shortage,Critical,Warehouse unable to fulfill requested quantity. Reported at Mumbai facility during shift 2.,Resolved,Kolkata,warehouse unable fulfill request quantity report mumbai facility shift
2128,Warehouse Issue,Low,Storage location information incorrect. Reported at Delhi facility during shift 3.,Open,Mumbai,storage location information incorrect report delhi facility shift
2129,Transportation Failure,Medium,Logistics partner experienced operational failure. Reported at Pune facility during shift 3.,Resolved,Hyderabad,logistics partner experience operational failure report pune facility shift
2130,Documentation Error,Low,Labeling information did not match shipment. Reported at Hyderabad facility during shift 3.,Open,Pune,label information match shipment report hyderabad facility shift
2131,Warehouse Issue,High,Receiving delay impacted warehouse operations. Reported at Ahmedabad facility during shift 3.,Open,Pune,receive delay impact warehouse operations report ahmedabad facility shift
2132,Transportation Failure,Medium,Logistics partner experienced operational failure. Reported at Ahmedabad facility during shift 2.,Resolved,Hyderabad,logistics partner experience operational failure report ahmedabad facility shift
2133,Damaged Goods,Low,Container impact damaged shipment contents. Reported at Chennai facility during shift 1.,In Progress,Kolkata,container impact damage shipment content report chennai facility shift
2134,Transportation Failure,High,Third-party carrier cancelled shipment booking. Reported at Ahmedabad facility during shift 1.,Open,Pune,thirdparty carrier cancel shipment book report ahmedabad facility shift
2135,Shipment Delay,Critical,Rail transport delay impacted delivery timeline. Reported at Kolkata facility during shift 1.,In Progress,Ahmedabad,rail transport delay impact delivery timeline report kolkata facility shift
2136,Damaged Goods,Low,Container impact damaged shipment contents. Reported at Pune facility during shift 3.,Open,Mumbai,container impact damage shipment content report pune facility shift
2137,Documentation Error,Low,Invoice value discrepancy identified. Reported at Mumbai facility during shift 3.,Resolved,Mumbai,invoice value discrepancy identify report mumbai facility shift
2138,Documentation Error,Medium,Shipping label generated with incorrect address. Reported at Ahmedabad facility during shift 3.,Open,Mumbai,ship label generate incorrect address report ahmedabad facility shift
2139,Warehouse Issue,Medium,Dock congestion slowed warehouse throughput. Reported at Kolkata facility during shift 2.,Resolved,Delhi,dock congestion slow warehouse throughput report kolkata facility shift
2140,Customs Issue,Medium,Customs requested additional documentation. Reported at Mumbai facility during shift 1.,In Progress,Ahmedabad,customs request additional documentation report mumbai facility shift
2141,Documentation Error,Medium,Invoice value discrepancy identified. Reported at Kolkata facility during shift 1.,In Progress,Chennai,invoice value discrepancy identify report kolkata facility shift
2142,Documentation Error,Low,Manifest information incomplete. Reported at Kolkata facility during shift 1.,In Progress,Kolkata,manifest information incomplete report kolkata facility shift
2143,Inventory Shortage,Medium,Stockout occurred at fulfillment center. Reported at Bengaluru facility during shift 3.,In Progress,Ahmedabad,stockout occur fulfillment center report bengaluru facility shift
2144,Customs Issue,Critical,Customs valuation dispute identified. Reported at Bengaluru facility during shift 3.,Resolved,Delhi,customs valuation dispute identify report bengaluru facility shift
2145,Inventory Shortage,Medium,Unexpected order spike exhausted stock. Reported at Delhi facility during shift 1.,Open,Chennai,unexpected order spike exhaust stock report delhi facility shift
2146,Documentation Error,Medium,Documentation approval pending correction. Reported at Chennai facility during shift 1.,Open,Pune,documentation approval pending correction report chennai facility shift
2147,Warehouse Issue,Low,Receiving delay impacted warehouse operations. Reported at Bengaluru facility during shift 3.,In Progress,Delhi,receive delay impact warehouse operations report bengaluru facility shift
2148,Transportation Failure,High,Vehicle maintenance issue halted delivery. Reported at Bengaluru facility during shift 1.,Open,Delhi,vehicle maintenance issue halt delivery report bengaluru facility shift
2149,Transportation Failure,Medium,Transport route disruption due to road closure. Reported at Kolkata facility during shift 1.,Resolved,Bengaluru,transport route disruption due road closure report kolkata facility shift
2150,Transportation Failure,Medium,Delivery vehicle breakdown reported. Reported at Ahmedabad facility during shift 2.,Open,Kolkata,delivery vehicle breakdown report report ahmedabad facility shift
2151,Documentation Error,Critical,Manifest information incomplete. Reported at Mumbai facility during shift 1.,Resolved,Mumbai,manifest information incomplete report mumbai facility shift
2152,Inventory Shortage,Critical,Unexpected order spike exhausted stock. Reported at Bengaluru facility during shift 1.,Resolved,Pune,unexpected order spike exhaust stock report bengaluru facility shift
2153,Customs Issue,Low,Customs requested additional documentation. Reported at Kolkata facility during shift 1.,Open,Pune,customs request additional documentation report kolkata facility shift
2154,Transportation Failure,Low,Vehicle maintenance issue halted delivery. Reported at Mumbai facility during shift 2.,In Progress,Kolkata,vehicle maintenance issue halt delivery report mumbai facility shift
2155,Transportation Failure,Medium,Transportation network disruption reported. Reported at Mumbai facility during shift 2.,In Progress,Mumbai,transportation network disruption report report mumbai facility shift
2156,Transportation Failure,Critical,Transportation network disruption reported. Reported at Hyderabad facility during shift 1.,Open,Kolkata,transportation network disruption report report hyderabad facility shift
2157,Transportation Failure,Medium,Delivery vehicle breakdown reported. Reported at Hyderabad facility during shift 3.,In Progress,Chennai,delivery vehicle breakdown report report hyderabad facility shift
2158,Inventory Shortage,Medium,Inventory reservation conflict identified. Reported at Bengaluru facility during shift 1.,Open,Delhi,inventory reservation conflict identify report bengaluru facility shift
2159,Inventory Shortage,Low,Procurement delay affected inventory availability. Reported at Ahmedabad facility during shift 1.,Open,Hyderabad,procurement delay affect inventory availability report ahmedabad facility shift
2160,Damaged Goods,Medium,Container impact damaged shipment contents. Reported at Kolkata facility during shift 1.,Open,Delhi,container impact damage shipment content report kolkata facility shift
2161,Customs Issue,High,Shipment selected for random inspection. Reported at Delhi facility during shift 2.,Open,Delhi,shipment select random inspection report delhi facility shift
2162,Shipment Delay,Medium,Last-mile delivery partner unavailable. Reported at Bengaluru facility during shift 2.,In Progress,Hyderabad,lastmile delivery partner unavailable report bengaluru facility shift
2163,Documentation Error,Medium,Incorrect consignee information provided. Reported at Chennai facility during shift 1.,In Progress,Chennai,incorrect consignee information provide report chennai facility shift
2164,Customs Issue,Low,Trade compliance review delayed processing. Reported at Delhi facility during shift 2.,In Progress,Delhi,trade compliance review delay process report delhi facility shift
2165,Inventory Shortage,High,Product unavailable due to inventory mismatch. Reported at Chennai facility during shift 2.,Open,Kolkata,product unavailable due inventory mismatch report chennai facility shift
2166,Shipment Delay,Critical,Truck breakdown caused delivery delay. Reported at Ahmedabad facility during shift 2.,Resolved,Ahmedabad,truck breakdown cause delivery delay report ahmedabad facility shift
2167,Inventory Shortage,Medium,Inventory reservation conflict identified. Reported at Chennai facility during shift 2.,In Progress,Delhi,inventory reservation conflict identify report chennai facility shift
2168,Damaged Goods,Medium,Fragile goods mishandled during unloading. Reported at Pune facility during shift 3.,Open,Ahmedabad,fragile goods mishandle unload report pune facility shift
2169,Transportation Failure,Low,Equipment malfunction impacted transport operations. Reported at Bengaluru facility during shift 1.,Open,Delhi,equipment malfunction impact transport operations report bengaluru facility shift
2170,Inventory Shortage,Low,Raw material shortage impacted production. Reported at Mumbai facility during shift 3.,In Progress,Hyderabad,raw material shortage impact production report mumbai facility shift
2171,Documentation Error,Low,Missing invoice delayed processing. Reported at Bengaluru facility during shift 1.,Resolved,Hyderabad,miss invoice delay process report bengaluru facility shift
2172,Damaged Goods,Medium,Packaging failure led to damaged products. Reported at Ahmedabad facility during shift 3.,Resolved,Hyderabad,package failure lead damage products report ahmedabad facility shift
2173,Warehouse Issue,Medium,Order consolidation process delayed shipment. Reported at Delhi facility during shift 2.,Resolved,Delhi,order consolidation process delay shipment report delhi facility shift
2174,Documentation Error,Critical,Data entry error impacted shipment records. Reported at Chennai facility during shift 3.,In Progress,Chennai,data entry error impact shipment record report chennai facility shift
2175,Warehouse Issue,Low,Warehouse processing backlog reported. Reported at Delhi facility during shift 1.,Open,Bengaluru,warehouse process backlog report report delhi facility shift
2176,Inventory Shortage,Medium,Supplier delay created inventory gap. Reported at Pune facility during shift 1.,In Progress,Pune,supplier delay create inventory gap report pune facility shift
2177,Inventory Shortage,Critical,Raw material shortage impacted production. Reported at Kolkata facility during shift 2.,In Progress,Hyderabad,raw material shortage impact production report kolkata facility shift
2178,Documentation Error,Low,Export declaration contained errors. Reported at Mumbai facility during shift 3.,Resolved,Pune,export declaration contain errors report mumbai facility shift
2179,Damaged Goods,Medium,Receiving inspection identified damaged goods. Reported at Delhi facility during shift 2.,In Progress,Ahmedabad,receive inspection identify damage goods report delhi facility shift
2180,Customs Issue,Low,Customs clearance process delayed. Reported at Pune facility during shift 3.,In Progress,Kolkata,customs clearance process delay report pune facility shift
2181,Customs Issue,Low,Shipment held by customs authorities. Reported at Delhi facility during shift 1.,In Progress,Mumbai,shipment hold customs authorities report delhi facility shift
2182,Shipment Delay,High,Cargo loading completed behind schedule. Reported at Hyderabad facility during shift 1.,In Progress,Ahmedabad,cargo load complete behind schedule report hyderabad facility shift
2183,Transportation Failure,Low,Transportation vendor system outage reported. Reported at Mumbai facility during shift 3.,Resolved,Bengaluru,transportation vendor system outage report report mumbai facility shift
2184,Inventory Shortage,Low,Inventory reservation conflict identified. Reported at Bengaluru facility during shift 1.,Resolved,Pune,inventory reservation conflict identify report bengaluru facility shift
2185,Documentation Error,High,Documentation approval pending correction. Reported at Delhi facility during shift 3.,Resolved,Chennai,documentation approval pending correction report delhi facility shift
2186,Warehouse Issue,Low,Inventory misplaced within storage area. Reported at Pune facility during shift 3.,Resolved,Delhi,inventory misplace within storage area report pune facility shift
2187,Damaged Goods,Low,Goods arrived with visible damage. Reported at Mumbai facility during shift 3.,Resolved,Bengaluru,goods arrive visible damage report mumbai facility shift
2188,Warehouse Issue,Critical,Order consolidation process delayed shipment. Reported at Delhi facility during shift 3.,Resolved,Kolkata,order consolidation process delay shipment report delhi facility shift
2189,Warehouse Issue,Critical,Warehouse processing backlog reported. Reported at Hyderabad facility during shift 1.,In Progress,Hyderabad,warehouse process backlog report report hyderabad facility shift
2190,Transportation Failure,Medium,Trailer availability issue delayed dispatch. Reported at Kolkata facility during shift 2.,Open,Hyderabad,trailer availability issue delay dispatch report kolkata facility shift
2191,Shipment Delay,Medium,Truck breakdown caused delivery delay. Reported at Hyderabad facility during shift 3.,In Progress,Bengaluru,truck breakdown cause delivery delay report hyderabad facility shift
2192,Customs Issue,High,Border security inspection caused delay. Reported at Mumbai facility during shift 1.,Open,Delhi,border security inspection cause delay report mumbai facility shift
2193,Transportation Failure,Medium,Transportation network disruption reported. Reported at Delhi facility during shift 1.,Open,Kolkata,transportation network disruption report report delhi facility shift
2194,Transportation Failure,High,Route planning error delayed movement. Reported at Bengaluru facility during shift 1.,Open,Bengaluru,route plan error delay movement report bengaluru facility shift
2195,Damaged Goods,High,Goods arrived with visible damage. Reported at Kolkata facility during shift 1.,Resolved,Delhi,goods arrive visible damage report kolkata facility shift
2196,Inventory Shortage,Low,Inventory forecast underestimated demand. Reported at Delhi facility during shift 3.,In Progress,Chennai,inventory forecast underestimate demand report delhi facility shift
2197,Customs Issue,Low,Customs clearance process delayed. Reported at Hyderabad facility during shift 3.,Resolved,Ahmedabad,customs clearance process delay report hyderabad facility shift
2198,Inventory Shortage,High,Raw material shortage impacted production. Reported at Ahmedabad facility during shift 2.,Resolved,Ahmedabad,raw material shortage impact production report ahmedabad facility shift
2199,Inventory Shortage,Critical,Product unavailable due to inventory mismatch. Reported at Pune facility during shift 2.,Open,Kolkata,product unavailable due inventory mismatch report pune facility shift
2200,Warehouse Issue,Medium,Order consolidation process delayed shipment. Reported at Hyderabad facility during shift 1.,In Progress,Delhi,order consolidation process delay shipment report hyderabad facility shift
2201,Customs Issue,Low,Regulatory approval pending clearance. Reported at Ahmedabad facility during shift 2.,Open,Mumbai,regulatory approval pending clearance report ahmedabad facility shift
2202,Customs Issue,High,Border security inspection caused delay. Reported at Pune facility during shift 1.,Resolved,Ahmedabad,border security inspection cause delay report pune facility shift
2203,Warehouse Issue,Low,Put-away process delayed inventory availability. Reported at Kolkata facility during shift 2.,Open,Hyderabad,putaway process delay inventory availability report kolkata facility shift
2204,Warehouse Issue,Medium,Put-away process delayed inventory availability. Reported at Hyderabad facility during shift 2.,In Progress,Kolkata,putaway process delay inventory availability report hyderabad facility shift
2205,Customs Issue,Low,Trade compliance review delayed processing. Reported at Hyderabad facility during shift 2.,Open,Ahmedabad,trade compliance review delay process report hyderabad facility shift
2206,Inventory Shortage,Medium,Cycle count revealed stock deficiency. Reported at Ahmedabad facility during shift 1.,Resolved,Hyderabad,cycle count reveal stock deficiency report ahmedabad facility shift
2207,Shipment Delay,Medium,Driver shortage affected transportation schedule. Reported at Ahmedabad facility during shift 3.,Resolved,Kolkata,driver shortage affect transportation schedule report ahmedabad facility shift
2208,Documentation Error,Medium,Labeling information did not match shipment. Reported at Kolkata facility during shift 1.,Resolved,Mumbai,label information match shipment report kolkata facility shift
2209,Documentation Error,Medium,Missing invoice delayed processing. Reported at Mumbai facility during shift 1.,Resolved,Kolkata,miss invoice delay process report mumbai facility shift
2210,Warehouse Issue,Medium,Order picking queue exceeded capacity. Reported at Chennai facility during shift 2.,In Progress,Ahmedabad,order pick queue exceed capacity report chennai facility shift
2211,Documentation Error,High,Manifest information incomplete. Reported at Chennai facility during shift 2.,Resolved,Kolkata,manifest information incomplete report chennai facility shift
2212,Customs Issue,Medium,Country-specific restriction affected import. Reported at Chennai facility during shift 1.,Open,Pune,countryspecific restriction affect import report chennai facility shift
2213,Shipment Delay,High,Carrier scheduling issue caused shipment delay. Reported at Kolkata facility during shift 1.,In Progress,Pune,carrier schedule issue cause shipment delay report kolkata facility shift
2214,Warehouse Issue,Critical,Dock congestion slowed warehouse throughput. Reported at Pune facility during shift 2.,Open,Hyderabad,dock congestion slow warehouse throughput report pune facility shift
2215,Transportation Failure,Medium,Third-party carrier cancelled shipment booking. Reported at Chennai facility during shift 2.,Resolved,Hyderabad,thirdparty carrier cancel shipment book report chennai facility shift
2216,Warehouse Issue,Medium,Space constraint affected storage operations. Reported at Delhi facility during shift 1.,Resolved,Pune,space constraint affect storage operations report delhi facility shift
2217,Customs Issue,High,Tariff classification review in progress. Reported at Pune facility during shift 1.,Open,Pune,tariff classification review progress report pune facility shift
2218,Damaged Goods,High,Container impact damaged shipment contents. Reported at Bengaluru facility during shift 2.,Open,Mumbai,container impact damage shipment content report bengaluru facility shift
2219,Customs Issue,Medium,Tariff classification review in progress. Reported at Pune facility during shift 3.,Open,Kolkata,tariff classification review progress report pune facility shift
2220,Inventory Shortage,Medium,Stockout occurred at fulfillment center. Reported at Ahmedabad facility during shift 2.,In Progress,Pune,stockout occur fulfillment center report ahmedabad facility shift
2221,Warehouse Issue,Low,Storage location information incorrect. Reported at Delhi facility during shift 2.,Open,Hyderabad,storage location information incorrect report delhi facility shift
2222,Documentation Error,Medium,Data entry error impacted shipment records. Reported at Hyderabad facility during shift 3.,In Progress,Mumbai,data entry error impact shipment record report hyderabad facility shift
2223,Inventory Shortage,Medium,Product unavailable due to inventory mismatch. Reported at Mumbai facility during shift 3.,Resolved,Kolkata,product unavailable due inventory mismatch report mumbai facility shift
2224,Warehouse Issue,Medium,Inventory allocation issue detected. Reported at Delhi facility during shift 3.,In Progress,Kolkata,inventory allocation issue detect report delhi facility shift
2225,Inventory Shortage,High,Warehouse unable to fulfill requested quantity. Reported at Kolkata facility during shift 1.,Resolved,Hyderabad,warehouse unable fulfill request quantity report kolkata facility shift
2226,Documentation Error,Critical,Documentation approval pending correction. Reported at Mumbai facility during shift 2.,In Progress,Chennai,documentation approval pending correction report mumbai facility shift
2227,Inventory Shortage,Critical,Backordered items unavailable for dispatch. Reported at Delhi facility during shift 3.,Open,Ahmedabad,backordered items unavailable dispatch report delhi facility shift
2228,Inventory Shortage,High,Inventory reservation conflict identified. Reported at Bengaluru facility during shift 1.,In Progress,Bengaluru,inventory reservation conflict identify report bengaluru facility shift
2229,Inventory Shortage,Critical,Warehouse stock shortage detected. Reported at Hyderabad facility during shift 1.,Resolved,Ahmedabad,warehouse stock shortage detect report hyderabad facility shift
2230,Warehouse Issue,Medium,Warehouse management system outage reported. Reported at Kolkata facility during shift 3.,Resolved,Bengaluru,warehouse management system outage report report kolkata facility shift
2231,Transportation Failure,Medium,Carrier failed to pick up shipment. Reported at Kolkata facility during shift 3.,In Progress,Hyderabad,carrier fail pick shipment report kolkata facility shift
2232,Customs Issue,Medium,Shipment selected for random inspection. Reported at Pune facility during shift 2.,In Progress,Bengaluru,shipment select random inspection report pune facility shift
2233,Damaged Goods,Critical,Temperature excursion affected product quality. Reported at Pune facility during shift 1.,Open,Pune,temperature excursion affect product quality report pune facility shift
2234,Warehouse Issue,Medium,Warehouse staffing shortage reported. Reported at Bengaluru facility during shift 3.,Open,Ahmedabad,warehouse staff shortage report report bengaluru facility shift
2235,Documentation Error,Low,Incorrect consignee information provided. Reported at Mumbai facility during shift 3.,In Progress,Bengaluru,incorrect consignee information provide report mumbai facility shift
2236,Transportation Failure,Medium,Vehicle maintenance issue halted delivery. Reported at Chennai facility during shift 2.,In Progress,Kolkata,vehicle maintenance issue halt delivery report chennai facility shift
2237,Shipment Delay,Medium,Port congestion delayed shipment arrival. Reported at Chennai facility during shift 3.,Resolved,Chennai,port congestion delay shipment arrival report chennai facility shift
2238,Damaged Goods,Medium,Improper handling caused item breakage. Reported at Delhi facility during shift 1.,Open,Hyderabad,improper handle cause item breakage report delhi facility shift
2239,Documentation Error,Medium,Required compliance document missing. Reported at Chennai facility during shift 3.,In Progress,Delhi,require compliance document miss report chennai facility shift
2240,Transportation Failure,Medium,Logistics partner experienced operational failure. Reported at Ahmedabad facility during shift 2.,Resolved,Hyderabad,logistics partner experience operational failure report ahmedabad facility shift
2241,Damaged Goods,High,Forklift accident damaged inventory. Reported at Kolkata facility during shift 1.,Resolved,Pune,forklift accident damage inventory report kolkata facility shift
2242,Warehouse Issue,High,Warehouse stock mismatch identified. Reported at Chennai facility during shift 3.,Resolved,Mumbai,warehouse stock mismatch identify report chennai facility shift
2243,Warehouse Issue,Medium,Picking error occurred in warehouse. Reported at Mumbai facility during shift 3.,Open,Bengaluru,pick error occur warehouse report mumbai facility shift
2244,Inventory Shortage,Low,Cycle count revealed stock deficiency. Reported at Delhi facility during shift 1.,In Progress,Mumbai,cycle count reveal stock deficiency report delhi facility shift
2245,Damaged Goods,Medium,Product packaging torn during loading. Reported at Mumbai facility during shift 2.,Resolved,Kolkata,product package tear load report mumbai facility shift
2246,Warehouse Issue,Medium,Order picking queue exceeded capacity. Reported at Kolkata facility during shift 3.,In Progress,Delhi,order pick queue exceed capacity report kolkata facility shift
2247,Shipment Delay,High,Carrier scheduling issue caused shipment delay. Reported at Pune facility during shift 1.,In Progress,Ahmedabad,carrier schedule issue cause shipment delay report pune facility shift
2248,Shipment Delay,Low,Port congestion delayed shipment arrival. Reported at Hyderabad facility during shift 2.,In Progress,Mumbai,port congestion delay shipment arrival report hyderabad facility shift
2249,Damaged Goods,Low,Improper handling caused item breakage. Reported at Mumbai facility during shift 3.,Resolved,Chennai,improper handle cause item breakage report mumbai facility shift
2250,Documentation Error,Low,Incorrect shipping documentation submitted. Reported at Pune facility during shift 1.,Resolved,Chennai,incorrect ship documentation submit report pune facility shift
2251,Shipment Delay,Low,Container missed connecting vessel. Reported at Kolkata facility during shift 2.,Resolved,Pune,container miss connect vessel report kolkata facility shift
2252,Warehouse Issue,Medium,Picking error occurred in warehouse. Reported at Delhi facility during shift 1.,In Progress,Delhi,pick error occur warehouse report delhi facility shift
2253,Documentation Error,High,Bill of lading information mismatch detected. Reported at Pune facility during shift 1.,Open,Pune,bill lade information mismatch detect report pune facility shift
2254,Documentation Error,High,Customs paperwork contained errors. Reported at Ahmedabad facility during shift 3.,Open,Delhi,customs paperwork contain errors report ahmedabad facility shift
2255,Warehouse Issue,Medium,Warehouse staffing shortage reported. Reported at Ahmedabad facility during shift 1.,Resolved,Mumbai,warehouse staff shortage report report ahmedabad facility shift
2256,Warehouse Issue,Low,Order consolidation process delayed shipment. Reported at Hyderabad facility during shift 2.,Resolved,Delhi,order consolidation process delay shipment report hyderabad facility shift
2257,Documentation Error,Medium,Labeling information did not match shipment. Reported at Delhi facility during shift 1.,Resolved,Delhi,label information match shipment report delhi facility shift
2258,Documentation Error,Critical,Shipping label generated with incorrect address. Reported at Pune facility during shift 2.,Resolved,Kolkata,ship label generate incorrect address report pune facility shift
2259,Warehouse Issue,Medium,Warehouse management system outage reported. Reported at Mumbai facility during shift 3.,In Progress,Bengaluru,warehouse management system outage report report mumbai facility shift
2260,Damaged Goods,Low,Goods arrived with visible damage. Reported at Bengaluru facility during shift 2.,In Progress,Chennai,goods arrive visible damage report bengaluru facility shift
2261,Damaged Goods,High,Package damaged during transportation. Reported at Ahmedabad facility during shift 3.,Resolved,Mumbai,package damage transportation report ahmedabad facility shift
2262,Warehouse Issue,Medium,Inventory misplaced within storage area. Reported at Mumbai facility during shift 3.,Resolved,Kolkata,inventory misplace within storage area report mumbai facility shift
2263,Warehouse Issue,Medium,Inventory misplaced within storage area. Reported at Bengaluru facility during shift 2.,In Progress,Bengaluru,inventory misplace within storage area report bengaluru facility shift
2264,Damaged Goods,Medium,Fragile goods mishandled during unloading. Reported at Kolkata facility during shift 2.,Open,Ahmedabad,fragile goods mishandle unload report kolkata facility shift
2265,Shipment Delay,Medium,Last-mile delivery partner unavailable. Reported at Mumbai facility during shift 2.,Resolved,Kolkata,lastmile delivery partner unavailable report mumbai facility shift
2266,Damaged Goods,Medium,Improper handling caused item breakage. Reported at Hyderabad facility during shift 3.,Resolved,Chennai,improper handle cause item breakage report hyderabad facility shift
2267,Inventory Shortage,High,Product unavailable due to inventory mismatch. Reported at Hyderabad facility during shift 3.,Resolved,Delhi,product unavailable due inventory mismatch report hyderabad facility shift
2268,Customs Issue,Low,Customs requested additional documentation. Reported at Chennai facility during shift 3.,In Progress,Kolkata,customs request additional documentation report chennai facility shift
2269,Inventory Shortage,High,Safety stock threshold breached. Reported at Chennai facility during shift 3.,Resolved,Delhi,safety stock threshold breach report chennai facility shift
2270,Documentation Error,Low,Incorrect consignee information provided. Reported at Chennai facility during shift 1.,Open,Bengaluru,incorrect consignee information provide report chennai facility shift
2271,Customs Issue,Low,Customs requested additional documentation. Reported at Mumbai facility during shift 3.,Open,Chennai,customs request additional documentation report mumbai facility shift
2272,Shipment Delay,Critical,Mechanical failure delayed freight movement. Reported at Kolkata facility during shift 1.,Open,Hyderabad,mechanical failure delay freight movement report kolkata facility shift
2273,Shipment Delay,High,Mechanical failure delayed freight movement. Reported at Bengaluru facility during shift 3.,In Progress,Delhi,mechanical failure delay freight movement report bengaluru facility shift
2274,Transportation Failure,Critical,Transportation network disruption reported. Reported at Bengaluru facility during shift 2.,In Progress,Chennai,transportation network disruption report report bengaluru facility shift
2275,Inventory Shortage,Medium,Inventory replenishment delayed. Reported at Bengaluru facility during shift 3.,In Progress,Hyderabad,inventory replenishment delay report bengaluru facility shift
2276,Inventory Shortage,Medium,Warehouse unable to fulfill requested quantity. Reported at Hyderabad facility during shift 2.,In Progress,Kolkata,warehouse unable fulfill request quantity report hyderabad facility shift
2277,Transportation Failure,Low,Vehicle maintenance issue halted delivery. Reported at Bengaluru facility during shift 2.,Open,Kolkata,vehicle maintenance issue halt delivery report bengaluru facility shift
2278,Shipment Delay,Medium,Dispatch process delayed at origin facility. Reported at Ahmedabad facility during shift 1.,Open,Mumbai,dispatch process delay origin facility report ahmedabad facility shift
2279,Customs Issue,Critical,Customs clearance process delayed. Reported at Mumbai facility during shift 1.,In Progress,Mumbai,customs clearance process delay report mumbai facility shift
2280,Inventory Shortage,Critical,Backordered items unavailable for dispatch. Reported at Pune facility during shift 1.,In Progress,Kolkata,backordered items unavailable dispatch report pune facility shift
2281,Damaged Goods,High,Temperature excursion affected product quality. Reported at Hyderabad facility during shift 2.,In Progress,Mumbai,temperature excursion affect product quality report hyderabad facility shift
2282,Warehouse Issue,Critical,Picking error occurred in warehouse. Reported at Kolkata facility during shift 1.,Resolved,Ahmedabad,pick error occur warehouse report kolkata facility shift
2283,Inventory Shortage,Medium,Inventory replenishment delayed. Reported at Chennai facility during shift 2.,Open,Bengaluru,inventory replenishment delay report chennai facility shift
2284,Shipment Delay,Low,Holiday demand surge caused shipping delays. Reported at Kolkata facility during shift 1.,Resolved,Mumbai,holiday demand surge cause ship delay report kolkata facility shift
2285,Inventory Shortage,High,Supplier delay created inventory gap. Reported at Pune facility during shift 2.,In Progress,Chennai,supplier delay create inventory gap report pune facility shift
2286,Customs Issue,High,Country-specific restriction affected import. Reported at Bengaluru facility during shift 1.,Open,Chennai,countryspecific restriction affect import report bengaluru facility shift
2287,Inventory Shortage,Medium,Safety stock threshold breached. Reported at Hyderabad facility during shift 1.,Open,Chennai,safety stock threshold breach report hyderabad facility shift
2288,Transportation Failure,Medium,Fuel supply issue interrupted transportation. Reported at Delhi facility during shift 2.,Open,Delhi,fuel supply issue interrupt transportation report delhi facility shift
2289,Customs Issue,High,Border inspection extended shipment hold. Reported at Pune facility during shift 3.,Open,Ahmedabad,border inspection extend shipment hold report pune facility shift
2290,Shipment Delay,Medium,Holiday demand surge caused shipping delays. Reported at Bengaluru facility during shift 3.,Resolved,Delhi,holiday demand surge cause ship delay report bengaluru facility shift
2291,Inventory Shortage,Low,Backordered items unavailable for dispatch. Reported at Pune facility during shift 1.,Open,Kolkata,backordered items unavailable dispatch report pune facility shift
2292,Documentation Error,High,Labeling information did not match shipment. Reported at Chennai facility during shift 3.,Resolved,Pune,label information match shipment report chennai facility shift
2293,Damaged Goods,Medium,Package damaged during transportation. Reported at Delhi facility during shift 1.,Open,Kolkata,package damage transportation report delhi facility shift
2294,Shipment Delay,High,Rail transport delay impacted delivery timeline. Reported at Chennai facility during shift 2.,Open,Bengaluru,rail transport delay impact delivery timeline report chennai facility shift
2295,Warehouse Issue,Medium,Dock congestion slowed warehouse throughput. Reported at Chennai facility during shift 3.,Open,Ahmedabad,dock congestion slow warehouse throughput report chennai facility shift
2296,Documentation Error,Medium,Missing certificate delayed shipment release. Reported at Kolkata facility during shift 2.,In Progress,Ahmedabad,miss certificate delay shipment release report kolkata facility shift
2297,Customs Issue,Low,Border inspection extended shipment hold. Reported at Ahmedabad facility during shift 3.,Resolved,Ahmedabad,border inspection extend shipment hold report ahmedabad facility shift
2298,Transportation Failure,Medium,Trailer availability issue delayed dispatch. Reported at Delhi facility during shift 2.,In Progress,Bengaluru,trailer availability issue delay dispatch report delhi facility shift
2299,Inventory Shortage,Critical,Stockout occurred at fulfillment center. Reported at Delhi facility during shift 2.,Open,Pune,stockout occur fulfillment center report delhi facility shift
2300,Customs Issue,Low,Shipment held by customs authorities. Reported at Kolkata facility during shift 2.,In Progress,Kolkata,shipment hold customs authorities report kolkata facility shift
2301,Customs Issue,Low,Country-specific restriction affected import. Reported at Bengaluru facility during shift 2.,Resolved,Pune,countryspecific restriction affect import report bengaluru facility shift
2302,Inventory Shortage,Medium,Supplier delay created inventory gap. Reported at Kolkata facility during shift 2.,In Progress,Ahmedabad,supplier delay create inventory gap report kolkata facility shift
2303,Transportation Failure,Medium,Fleet utilization exceeded available capacity. Reported at Pune facility during shift 2.,In Progress,Delhi,fleet utilization exceed available capacity report pune facility shift
2304,Customs Issue,Low,Shipment flagged for compliance audit. Reported at Bengaluru facility during shift 1.,Open,Bengaluru,shipment flag compliance audit report bengaluru facility shift
2305,Warehouse Issue,Medium,Put-away process delayed inventory availability. Reported at Pune facility during shift 2.,In Progress,Pune,putaway process delay inventory availability report pune facility shift
2306,Customs Issue,Low,Regulatory verification delayed release. Reported at Bengaluru facility during shift 2.,Open,Ahmedabad,regulatory verification delay release report bengaluru facility shift
2307,Damaged Goods,Low,Receiving inspection identified damaged goods. Reported at Kolkata facility during shift 1.,In Progress,Delhi,receive inspection identify damage goods report kolkata facility shift
2308,Customs Issue,Critical,Tariff classification review in progress. Reported at Kolkata facility during shift 1.,Open,Bengaluru,tariff classification review progress report kolkata facility shift
2309,Transportation Failure,Critical,Route planning error delayed movement. Reported at Delhi facility during shift 2.,Resolved,Delhi,route plan error delay movement report delhi facility shift
2310,Customs Issue,Medium,Tariff classification review in progress. Reported at Bengaluru facility during shift 1.,In Progress,Bengaluru,tariff classification review progress report bengaluru facility shift
2311,Warehouse Issue,Medium,Put-away process delayed inventory availability. Reported at Delhi facility during shift 2.,Resolved,Chennai,putaway process delay inventory availability report delhi facility shift
2312,Customs Issue,Low,Customs clearance process delayed. Reported at Mumbai facility during shift 1.,Open,Pune,customs clearance process delay report mumbai facility shift
2313,Warehouse Issue,Low,Picking error occurred in warehouse. Reported at Pune facility during shift 2.,Open,Bengaluru,pick error occur warehouse report pune facility shift
2314,Damaged Goods,Medium,Transit vibration caused product defects. Reported at Mumbai facility during shift 2.,In Progress,Ahmedabad,transit vibration cause product defect report mumbai facility shift
2315,Transportation Failure,Medium,Driver unavailable for scheduled route. Reported at Delhi facility during shift 2.,Resolved,Delhi,driver unavailable schedule route report delhi facility shift
2316,Inventory Shortage,Medium,Inventory replenishment delayed. Reported at Kolkata facility during shift 1.,Resolved,Kolkata,inventory replenishment delay report kolkata facility shift
2317,Inventory Shortage,Critical,Backordered items unavailable for dispatch. Reported at Ahmedabad facility during shift 3.,Resolved,Bengaluru,backordered items unavailable dispatch report ahmedabad facility shift
2318,Shipment Delay,Low,Shipment rerouted causing additional transit time. Reported at Delhi facility during shift 2.,Open,Delhi,shipment rerouted cause additional transit time report delhi facility shift
2319,Transportation Failure,Low,Fleet utilization exceeded available capacity. Reported at Kolkata facility during shift 2.,Open,Pune,fleet utilization exceed available capacity report kolkata facility shift
2320,Transportation Failure,High,Route planning error delayed movement. Reported at Delhi facility during shift 2.,In Progress,Pune,route plan error delay movement report delhi facility shift
2321,Damaged Goods,Low,Product packaging torn during loading. Reported at Pune facility during shift 1.,Resolved,Hyderabad,product package tear load report pune facility shift
2322,Customs Issue,Critical,Tariff classification review in progress. Reported at Delhi facility during shift 1.,Resolved,Bengaluru,tariff classification review progress report delhi facility shift
2323,Customs Issue,High,Customs requested additional documentation. Reported at Hyderabad facility during shift 3.,Open,Pune,customs request additional documentation report hyderabad facility shift
2324,Documentation Error,Medium,Invoice value discrepancy identified. Reported at Ahmedabad facility during shift 1.,Resolved,Kolkata,invoice value discrepancy identify report ahmedabad facility shift
2325,Inventory Shortage,Medium,Safety stock threshold breached. Reported at Hyderabad facility during shift 1.,Resolved,Chennai,safety stock threshold breach report hyderabad facility shift
2326,Transportation Failure,Medium,Driver unavailable for scheduled route. Reported at Delhi facility during shift 1.,Resolved,Hyderabad,driver unavailable schedule route report delhi facility shift
2327,Damaged Goods,Low,Improper handling caused item breakage. Reported at Kolkata facility during shift 2.,Resolved,Ahmedabad,improper handle cause item breakage report kolkata facility shift
2328,Customs Issue,Low,Customs clearance process delayed. Reported at Pune facility during shift 3.,Resolved,Chennai,customs clearance process delay report pune facility shift
2329,Customs Issue,Medium,Border security inspection caused delay. Reported at Chennai facility during shift 2.,In Progress,Kolkata,border security inspection cause delay report chennai facility shift
2330,Transportation Failure,Medium,Delivery vehicle breakdown reported. Reported at Hyderabad facility during shift 3.,In Progress,Kolkata,delivery vehicle breakdown report report hyderabad facility shift
2331,Transportation Failure,Critical,Equipment malfunction impacted transport operations. Reported at Pune facility during shift 1.,Resolved,Hyderabad,equipment malfunction impact transport operations report pune facility shift
2332,Documentation Error,Low,Bill of lading information mismatch detected. Reported at Ahmedabad facility during shift 2.,In Progress,Mumbai,bill lade information mismatch detect report ahmedabad facility shift
2333,Warehouse Issue,High,Dock congestion slowed warehouse throughput. Reported at Pune facility during shift 3.,Open,Delhi,dock congestion slow warehouse throughput report pune facility shift
2334,Warehouse Issue,Low,Space constraint affected storage operations. Reported at Mumbai facility during shift 1.,In Progress,Mumbai,space constraint affect storage operations report mumbai facility shift
2335,Inventory Shortage,High,Cycle count revealed stock deficiency. Reported at Bengaluru facility during shift 1.,Open,Chennai,cycle count reveal stock deficiency report bengaluru facility shift
2336,Customs Issue,Low,Shipment selected for random inspection. Reported at Pune facility during shift 3.,Resolved,Ahmedabad,shipment select random inspection report pune facility shift
2337,Customs Issue,Low,Trade compliance review delayed processing. Reported at Pune facility during shift 3.,Open,Chennai,trade compliance review delay process report pune facility shift
2338,Customs Issue,Critical,Import documentation under review. Reported at Bengaluru facility during shift 3.,Open,Mumbai,import documentation review report bengaluru facility shift
2339,Customs Issue,High,Customs clearance process delayed. Reported at Chennai facility during shift 2.,Open,Bengaluru,customs clearance process delay report chennai facility shift
2340,Shipment Delay,Medium,Dispatch process delayed at origin facility. Reported at Mumbai facility during shift 2.,Resolved,Bengaluru,dispatch process delay origin facility report mumbai facility shift
2341,Transportation Failure,Critical,Transportation network disruption reported. Reported at Bengaluru facility during shift 3.,Resolved,Delhi,transportation network disruption report report bengaluru facility shift
2342,Transportation Failure,Low,Vehicle maintenance issue halted delivery. Reported at Chennai facility during shift 2.,Open,Mumbai,vehicle maintenance issue halt delivery report chennai facility shift
2343,Inventory Shortage,High,Demand exceeded available stock levels. Reported at Hyderabad facility during shift 1.,Resolved,Bengaluru,demand exceed available stock level report hyderabad facility shift
2344,Customs Issue,Low,Customs clearance process delayed. Reported at Mumbai facility during shift 1.,In Progress,Bengaluru,customs clearance process delay report mumbai facility shift
2345,Inventory Shortage,Medium,Supplier delay created inventory gap. Reported at Hyderabad facility during shift 3.,Resolved,Hyderabad,supplier delay create inventory gap report hyderabad facility shift
2346,Inventory Shortage,High,Supplier delay created inventory gap. Reported at Hyderabad facility during shift 2.,Resolved,Chennai,supplier delay create inventory gap report hyderabad facility shift
2347,Customs Issue,High,Country-specific restriction affected import. Reported at Hyderabad facility during shift 2.,Open,Chennai,countryspecific restriction affect import report hyderabad facility shift
2348,Shipment Delay,Low,Last-mile delivery partner unavailable. Reported at Pune facility during shift 3.,In Progress,Mumbai,lastmile delivery partner unavailable report pune facility shift
2349,Customs Issue,Critical,Shipment selected for random inspection. Reported at Ahmedabad facility during shift 1.,Resolved,Mumbai,shipment select random inspection report ahmedabad facility shift
2350,Damaged Goods,Medium,Container impact damaged shipment contents. Reported at Pune facility during shift 3.,Resolved,Mumbai,container impact damage shipment content report pune facility shift
2351,Documentation Error,Medium,Required compliance document missing. Reported at Pune facility during shift 2.,In Progress,Pune,require compliance document miss report pune facility shift
2352,Transportation Failure,Medium,Vehicle maintenance issue halted delivery. Reported at Ahmedabad facility during shift 2.,Resolved,Bengaluru,vehicle maintenance issue halt delivery report ahmedabad facility shift
2353,Inventory Shortage,Medium,Cycle count revealed stock deficiency. Reported at Delhi facility during shift 1.,In Progress,Ahmedabad,cycle count reveal stock deficiency report delhi facility shift
2354,Transportation Failure,High,Driver unavailable for scheduled route. Reported at Kolkata facility during shift 2.,In Progress,Ahmedabad,driver unavailable schedule route report kolkata facility shift
2355,Inventory Shortage,Critical,Inventory replenishment delayed. Reported at Kolkata facility during shift 2.,Open,Pune,inventory replenishment delay report kolkata facility shift
2356,Transportation Failure,Medium,Transportation network disruption reported. Reported at Delhi facility during shift 2.,In Progress,Delhi,transportation network disruption report report delhi facility shift
2357,Inventory Shortage,Low,Cycle count revealed stock deficiency. Reported at Delhi facility during shift 1.,In Progress,Ahmedabad,cycle count reveal stock deficiency report delhi facility shift
2358,Inventory Shortage,Low,Stockout occurred at fulfillment center. Reported at Pune facility during shift 1.,In Progress,Delhi,stockout occur fulfillment center report pune facility shift
2359,Damaged Goods,Low,Transit vibration caused product defects. Reported at Hyderabad facility during shift 1.,Resolved,Ahmedabad,transit vibration cause product defect report hyderabad facility shift
2360,Transportation Failure,Critical,Fuel supply issue interrupted transportation. Reported at Delhi facility during shift 2.,Open,Pune,fuel supply issue interrupt transportation report delhi facility shift
2361,Shipment Delay,Medium,Truck breakdown caused delivery delay. Reported at Pune facility during shift 3.,In Progress,Delhi,truck breakdown cause delivery delay report pune facility shift
2362,Inventory Shortage,Medium,Backordered items unavailable for dispatch. Reported at Ahmedabad facility during shift 1.,Open,Hyderabad,backordered items unavailable dispatch report ahmedabad facility shift
2363,Customs Issue,Medium,Import documentation under review. Reported at Pune facility during shift 3.,Resolved,Kolkata,import documentation review report pune facility shift
2364,Documentation Error,Low,Missing invoice delayed processing. Reported at Delhi facility during shift 3.,Resolved,Pune,miss invoice delay process report delhi facility shift
2365,Warehouse Issue,Medium,Put-away process delayed inventory availability. Reported at Delhi facility during shift 2.,In Progress,Mumbai,putaway process delay inventory availability report delhi facility shift
2366,Shipment Delay,Low,Last-mile delivery partner unavailable. Reported at Pune facility during shift 2.,In Progress,Bengaluru,lastmile delivery partner unavailable report pune facility shift
2367,Warehouse Issue,Critical,Order consolidation process delayed shipment. Reported at Pune facility during shift 3.,In Progress,Hyderabad,order consolidation process delay shipment report pune facility shift
2368,Documentation Error,Low,Incorrect consignee information provided. Reported at Pune facility during shift 3.,Open,Pune,incorrect consignee information provide report pune facility shift
2369,Warehouse Issue,Medium,Dock congestion slowed warehouse throughput. Reported at Bengaluru facility during shift 3.,Open,Bengaluru,dock congestion slow warehouse throughput report bengaluru facility shift
2370,Transportation Failure,Medium,Route planning error delayed movement. Reported at Ahmedabad facility during shift 1.,Open,Kolkata,route plan error delay movement report ahmedabad facility shift
2371,Warehouse Issue,Medium,Storage location information incorrect. Reported at Pune facility during shift 1.,In Progress,Hyderabad,storage location information incorrect report pune facility shift
2372,Shipment Delay,High,Last-mile delivery partner unavailable. Reported at Kolkata facility during shift 1.,In Progress,Delhi,lastmile delivery partner unavailable report kolkata facility shift
2373,Damaged Goods,Low,Transit vibration caused product defects. Reported at Chennai facility during shift 2.,Resolved,Chennai,transit vibration cause product defect report chennai facility shift
2374,Damaged Goods,Low,Water exposure damaged packaged goods. Reported at Ahmedabad facility during shift 3.,In Progress,Pune,water exposure damage package goods report ahmedabad facility shift
2375,Transportation Failure,Low,Driver unavailable for scheduled route. Reported at Bengaluru facility during shift 3.,Resolved,Mumbai,driver unavailable schedule route report bengaluru facility shift
2376,Damaged Goods,High,Packaging failure led to damaged products. Reported at Chennai facility during shift 3.,Resolved,Hyderabad,package failure lead damage products report chennai facility shift
2377,Inventory Shortage,High,Unexpected order spike exhausted stock. Reported at Kolkata facility during shift 2.,Open,Hyderabad,unexpected order spike exhaust stock report kolkata facility shift
2378,Damaged Goods,Low,Forklift accident damaged inventory. Reported at Delhi facility during shift 2.,Resolved,Kolkata,forklift accident damage inventory report delhi facility shift
2379,Shipment Delay,Medium,Container missed connecting vessel. Reported at Ahmedabad facility during shift 1.,In Progress,Delhi,container miss connect vessel report ahmedabad facility shift
2380,Documentation Error,Critical,Export declaration contained errors. Reported at Pune facility during shift 1.,In Progress,Hyderabad,export declaration contain errors report pune facility shift
2381,Inventory Shortage,Low,Procurement delay affected inventory availability. Reported at Ahmedabad facility during shift 2.,Open,Pune,procurement delay affect inventory availability report ahmedabad facility shift
2382,Shipment Delay,Medium,Truck breakdown caused delivery delay. Reported at Chennai facility during shift 2.,In Progress,Delhi,truck breakdown cause delivery delay report chennai facility shift
2383,Damaged Goods,Low,Transit vibration caused product defects. Reported at Kolkata facility during shift 3.,In Progress,Pune,transit vibration cause product defect report kolkata facility shift
2384,Transportation Failure,High,Carrier failed to pick up shipment. Reported at Pune facility during shift 3.,Open,Hyderabad,carrier fail pick shipment report pune facility shift
2385,Damaged Goods,Low,Container impact damaged shipment contents. Reported at Chennai facility during shift 3.,Resolved,Delhi,container impact damage shipment content report chennai facility shift
2386,Transportation Failure,Low,Transport route disruption due to road closure. Reported at Mumbai facility during shift 1.,Resolved,Delhi,transport route disruption due road closure report mumbai facility shift
2387,Customs Issue,Critical,Border inspection extended shipment hold. Reported at Mumbai facility during shift 2.,In Progress,Mumbai,border inspection extend shipment hold report mumbai facility shift
2388,Transportation Failure,Medium,Driver unavailable for scheduled route. Reported at Mumbai facility during shift 2.,Open,Kolkata,driver unavailable schedule route report mumbai facility shift
2389,Customs Issue,Low,Shipment selected for random inspection. Reported at Kolkata facility during shift 3.,Open,Bengaluru,shipment select random inspection report kolkata facility shift
2390,Transportation Failure,Low,Carrier failed to pick up shipment. Reported at Mumbai facility during shift 2.,Open,Chennai,carrier fail pick shipment report mumbai facility shift
2391,Shipment Delay,Low,Shipment rerouted causing additional transit time. Reported at Bengaluru facility during shift 2.,Open,Bengaluru,shipment rerouted cause additional transit time report bengaluru facility shift
2392,Inventory Shortage,Medium,Inventory reservation conflict identified. Reported at Delhi facility during shift 3.,In Progress,Kolkata,inventory reservation conflict identify report delhi facility shift
2393,Shipment Delay,Low,Cargo loading completed behind schedule. Reported at Hyderabad facility during shift 2.,Resolved,Kolkata,cargo load complete behind schedule report hyderabad facility shift
2394,Documentation Error,Medium,Missing invoice delayed processing. Reported at Chennai facility during shift 1.,Open,Bengaluru,miss invoice delay process report chennai facility shift
2395,Documentation Error,High,Export declaration contained errors. Reported at Chennai facility during shift 2.,Resolved,Pune,export declaration contain errors report chennai facility shift
2396,Documentation Error,Low,Shipping label generated with incorrect address. Reported at Delhi facility during shift 2.,Resolved,Chennai,ship label generate incorrect address report delhi facility shift
2397,Customs Issue,Medium,Regulatory approval pending clearance. Reported at Hyderabad facility during shift 2.,Resolved,Kolkata,regulatory approval pending clearance report hyderabad facility shift
2398,Inventory Shortage,Low,Inventory reservation conflict identified. Reported at Bengaluru facility during shift 3.,Open,Pune,inventory reservation conflict identify report bengaluru facility shift
2399,Damaged Goods,Low,Pallet collapse resulted in product damage. Reported at Mumbai facility during shift 3.,Open,Ahmedabad,pallet collapse result product damage report mumbai facility shift
2400,Documentation Error,Low,Missing certificate delayed shipment release. Reported at Kolkata facility during shift 1.,Open,Kolkata,miss certificate delay shipment release report kolkata facility shift
2401,Warehouse Issue,High,Picking error occurred in warehouse. Reported at Bengaluru facility during shift 1.,Resolved,Hyderabad,pick error occur warehouse report bengaluru facility shift
2402,Warehouse Issue,High,Put-away process delayed inventory availability. Reported at Bengaluru facility during shift 3.,In Progress,Ahmedabad,putaway process delay inventory availability report bengaluru facility shift
2403,Shipment Delay,High,Shipment rerouted causing additional transit time. Reported at Bengaluru facility during shift 3.,In Progress,Bengaluru,shipment rerouted cause additional transit time report bengaluru facility shift
2404,Documentation Error,Low,Incorrect shipping documentation submitted. Reported at Hyderabad facility during shift 1.,Open,Pune,incorrect ship documentation submit report hyderabad facility shift
2405,Inventory Shortage,Medium,Inventory forecast underestimated demand. Reported at Kolkata facility during shift 3.,In Progress,Delhi,inventory forecast underestimate demand report kolkata facility shift
2406,Transportation Failure,High,Fleet utilization exceeded available capacity. Reported at Hyderabad facility during shift 3.,Open,Mumbai,fleet utilization exceed available capacity report hyderabad facility shift
2407,Documentation Error,Medium,Missing invoice delayed processing. Reported at Chennai facility during shift 1.,Open,Hyderabad,miss invoice delay process report chennai facility shift
2408,Shipment Delay,High,Carrier scheduling issue caused shipment delay. Reported at Ahmedabad facility during shift 2.,Open,Mumbai,carrier schedule issue cause shipment delay report ahmedabad facility shift
2409,Shipment Delay,Low,Container missed connecting vessel. Reported at Bengaluru facility during shift 3.,In Progress,Pune,container miss connect vessel report bengaluru facility shift
2410,Shipment Delay,Low,Carrier scheduling issue caused shipment delay. Reported at Kolkata facility during shift 3.,Open,Mumbai,carrier schedule issue cause shipment delay report kolkata facility shift
2411,Damaged Goods,Critical,Goods arrived with visible damage. Reported at Hyderabad facility during shift 2.,Open,Mumbai,goods arrive visible damage report hyderabad facility shift
2412,Customs Issue,Low,Regulatory approval pending clearance. Reported at Chennai facility during shift 2.,Open,Mumbai,regulatory approval pending clearance report chennai facility shift
2413,Customs Issue,Medium,Border inspection extended shipment hold. Reported at Ahmedabad facility during shift 3.,In Progress,Hyderabad,border inspection extend shipment hold report ahmedabad facility shift
2414,Shipment Delay,High,Dispatch process delayed at origin facility. Reported at Ahmedabad facility during shift 1.,Open,Bengaluru,dispatch process delay origin facility report ahmedabad facility shift
2415,Shipment Delay,Low,Delivery delayed due to traffic disruption. Reported at Kolkata facility during shift 1.,In Progress,Ahmedabad,delivery delay due traffic disruption report kolkata facility shift
2416,Transportation Failure,High,Carrier failed to pick up shipment. Reported at Chennai facility during shift 3.,Resolved,Mumbai,carrier fail pick shipment report chennai facility shift
2417,Warehouse Issue,Low,Order consolidation process delayed shipment. Reported at Hyderabad facility during shift 3.,In Progress,Bengaluru,order consolidation process delay shipment report hyderabad facility shift
2418,Warehouse Issue,Low,Inventory allocation issue detected. Reported at Chennai facility during shift 3.,Open,Bengaluru,inventory allocation issue detect report chennai facility shift
2419,Customs Issue,Low,Import permit approval pending. Reported at Chennai facility during shift 3.,Resolved,Kolkata,import permit approval pending report chennai facility shift
2420,Documentation Error,High,Data entry error impacted shipment records. Reported at Ahmedabad facility during shift 1.,Resolved,Chennai,data entry error impact shipment record report ahmedabad facility shift
2421,Damaged Goods,Medium,Water exposure damaged packaged goods. Reported at Mumbai facility during shift 3.,In Progress,Delhi,water exposure damage package goods report mumbai facility shift
2422,Damaged Goods,Medium,Fragile goods mishandled during unloading. Reported at Pune facility during shift 3.,Open,Pune,fragile goods mishandle unload report pune facility shift
2423,Customs Issue,Low,Customs valuation dispute identified. Reported at Pune facility during shift 2.,In Progress,Pune,customs valuation dispute identify report pune facility shift
2424,Transportation Failure,High,Driver unavailable for scheduled route. Reported at Hyderabad facility during shift 1.,In Progress,Kolkata,driver unavailable schedule route report hyderabad facility shift
2425,Damaged Goods,Low,Pallet collapse resulted in product damage. Reported at Mumbai facility during shift 3.,Open,Pune,pallet collapse result product damage report mumbai facility shift
2426,Damaged Goods,High,Fragile goods mishandled during unloading. Reported at Ahmedabad facility during shift 2.,Resolved,Delhi,fragile goods mishandle unload report ahmedabad facility shift
2427,Shipment Delay,Medium,Container missed connecting vessel. Reported at Delhi facility during shift 3.,Resolved,Delhi,container miss connect vessel report delhi facility shift
2428,Warehouse Issue,High,Space constraint affected storage operations. Reported at Delhi facility during shift 1.,In Progress,Mumbai,space constraint affect storage operations report delhi facility shift
2429,Warehouse Issue,Medium,Order picking queue exceeded capacity. Reported at Mumbai facility during shift 3.,Resolved,Mumbai,order pick queue exceed capacity report mumbai facility shift
2430,Documentation Error,Medium,Incorrect shipping documentation submitted. Reported at Hyderabad facility during shift 3.,Open,Bengaluru,incorrect ship documentation submit report hyderabad facility shift
2431,Customs Issue,Low,Regulatory approval pending clearance. Reported at Pune facility during shift 2.,Resolved,Pune,regulatory approval pending clearance report pune facility shift
2432,Documentation Error,Medium,Shipping label generated with incorrect address. Reported at Kolkata facility during shift 3.,In Progress,Bengaluru,ship label generate incorrect address report kolkata facility shift
2433,Documentation Error,High,Incorrect consignee information provided. Reported at Kolkata facility during shift 3.,Open,Bengaluru,incorrect consignee information provide report kolkata facility shift
2434,Customs Issue,High,Customs valuation dispute identified. Reported at Ahmedabad facility during shift 1.,Open,Chennai,customs valuation dispute identify report ahmedabad facility shift
2435,Warehouse Issue,Low,Inventory misplaced within storage area. Reported at Mumbai facility during shift 2.,Open,Hyderabad,inventory misplace within storage area report mumbai facility shift
2436,Inventory Shortage,High,Unexpected order spike exhausted stock. Reported at Kolkata facility during shift 2.,Resolved,Mumbai,unexpected order spike exhaust stock report kolkata facility shift
2437,Warehouse Issue,Low,Warehouse processing backlog reported. Reported at Chennai facility during shift 1.,Open,Bengaluru,warehouse process backlog report report chennai facility shift
2438,Inventory Shortage,Low,Inventory reservation conflict identified. Reported at Mumbai facility during shift 1.,Open,Kolkata,inventory reservation conflict identify report mumbai facility shift
2439,Damaged Goods,Medium,Fragile goods mishandled during unloading. Reported at Kolkata facility during shift 1.,In Progress,Pune,fragile goods mishandle unload report kolkata facility shift
2440,Transportation Failure,Medium,Driver unavailable for scheduled route. Reported at Bengaluru facility during shift 2.,Resolved,Ahmedabad,driver unavailable schedule route report bengaluru facility shift
2441,Customs Issue,Medium,Border security inspection caused delay. Reported at Chennai facility during shift 3.,Open,Ahmedabad,border security inspection cause delay report chennai facility shift
2442,Damaged Goods,High,Water exposure damaged packaged goods. Reported at Chennai facility during shift 2.,In Progress,Mumbai,water exposure damage package goods report chennai facility shift
2443,Transportation Failure,Medium,Equipment malfunction impacted transport operations. Reported at Pune facility during shift 3.,Open,Kolkata,equipment malfunction impact transport operations report pune facility shift
2444,Shipment Delay,Low,Last-mile delivery partner unavailable. Reported at Mumbai facility during shift 2.,Open,Mumbai,lastmile delivery partner unavailable report mumbai facility shift
2445,Inventory Shortage,Medium,Procurement delay affected inventory availability. Reported at Mumbai facility during shift 2.,In Progress,Bengaluru,procurement delay affect inventory availability report mumbai facility shift
2446,Documentation Error,Medium,Export declaration contained errors. Reported at Chennai facility during shift 2.,Resolved,Ahmedabad,export declaration contain errors report chennai facility shift
2447,Inventory Shortage,Low,Cycle count revealed stock deficiency. Reported at Kolkata facility during shift 1.,Open,Chennai,cycle count reveal stock deficiency report kolkata facility shift
2448,Documentation Error,Low,Export declaration contained errors. Reported at Mumbai facility during shift 3.,In Progress,Kolkata,export declaration contain errors report mumbai facility shift
2449,Warehouse Issue,Medium,Order consolidation process delayed shipment. Reported at Chennai facility during shift 2.,Resolved,Ahmedabad,order consolidation process delay shipment report chennai facility shift
2450,Inventory Shortage,High,Warehouse unable to fulfill requested quantity. Reported at Ahmedabad facility during shift 2.,Open,Hyderabad,warehouse unable fulfill request quantity report ahmedabad facility shift
2451,Documentation Error,Medium,Incorrect consignee information provided. Reported at Kolkata facility during shift 1.,Open,Bengaluru,incorrect consignee information provide report kolkata facility shift
2452,Transportation Failure,Medium,Fleet utilization exceeded available capacity. Reported at Bengaluru facility during shift 1.,Resolved,Delhi,fleet utilization exceed available capacity report bengaluru facility shift
2453,Warehouse Issue,Low,Order picking queue exceeded capacity. Reported at Chennai facility during shift 2.,In Progress,Ahmedabad,order pick queue exceed capacity report chennai facility shift
2454,Inventory Shortage,Critical,Procurement delay affected inventory availability. Reported at Ahmedabad facility during shift 3.,Open,Mumbai,procurement delay affect inventory availability report ahmedabad facility shift
2455,Inventory Shortage,Critical,Inventory replenishment delayed. Reported at Delhi facility during shift 3.,Resolved,Chennai,inventory replenishment delay report delhi facility shift
2456,Transportation Failure,Medium,Fleet utilization exceeded available capacity. Reported at Pune facility during shift 3.,Resolved,Pune,fleet utilization exceed available capacity report pune facility shift
2457,Customs Issue,Medium,Shipment flagged for compliance audit. Reported at Mumbai facility during shift 2.,In Progress,Kolkata,shipment flag compliance audit report mumbai facility shift
2458,Documentation Error,Low,Data entry error impacted shipment records. Reported at Kolkata facility during shift 1.,In Progress,Pune,data entry error impact shipment record report kolkata facility shift
2459,Transportation Failure,Low,Fuel supply issue interrupted transportation. Reported at Bengaluru facility during shift 1.,Open,Mumbai,fuel supply issue interrupt transportation report bengaluru facility shift
2460,Documentation Error,Medium,Customs paperwork contained errors. Reported at Bengaluru facility during shift 2.,Resolved,Pune,customs paperwork contain errors report bengaluru facility shift
2461,Documentation Error,Critical,Required compliance document missing. Reported at Ahmedabad facility during shift 1.,Resolved,Delhi,require compliance document miss report ahmedabad facility shift
2462,Documentation Error,Low,Purchase order details inconsistent. Reported at Mumbai facility during shift 3.,Open,Delhi,purchase order detail inconsistent report mumbai facility shift
2463,Damaged Goods,Medium,Goods arrived with visible damage. Reported at Kolkata facility during shift 1.,Resolved,Chennai,goods arrive visible damage report kolkata facility shift
2464,Shipment Delay,Medium,Cargo loading completed behind schedule. Reported at Hyderabad facility during shift 3.,In Progress,Delhi,cargo load complete behind schedule report hyderabad facility shift
2465,Damaged Goods,High,Receiving inspection identified damaged goods. Reported at Bengaluru facility during shift 2.,Open,Ahmedabad,receive inspection identify damage goods report bengaluru facility shift
2466,Transportation Failure,Low,Fleet utilization exceeded available capacity. Reported at Bengaluru facility during shift 1.,Resolved,Mumbai,fleet utilization exceed available capacity report bengaluru facility shift
2467,Inventory Shortage,Low,Raw material shortage impacted production. Reported at Delhi facility during shift 3.,Open,Ahmedabad,raw material shortage impact production report delhi facility shift
2468,Documentation Error,Medium,Missing invoice delayed processing. Reported at Delhi facility during shift 1.,In Progress,Pune,miss invoice delay process report delhi facility shift
2469,Inventory Shortage,Low,Inventory reservation conflict identified. Reported at Hyderabad facility during shift 2.,In Progress,Chennai,inventory reservation conflict identify report hyderabad facility shift
2470,Warehouse Issue,Low,Receiving delay impacted warehouse operations. Reported at Kolkata facility during shift 1.,Resolved,Pune,receive delay impact warehouse operations report kolkata facility shift
2471,Transportation Failure,Critical,Fleet utilization exceeded available capacity. Reported at Bengaluru facility during shift 3.,In Progress,Kolkata,fleet utilization exceed available capacity report bengaluru facility shift
2472,Customs Issue,Medium,Trade compliance review delayed processing. Reported at Delhi facility during shift 1.,In Progress,Ahmedabad,trade compliance review delay process report delhi facility shift
2473,Warehouse Issue,Low,Picking error occurred in warehouse. Reported at Kolkata facility during shift 3.,Open,Mumbai,pick error occur warehouse report kolkata facility shift
2474,Customs Issue,Low,Country-specific restriction affected import. Reported at Delhi facility during shift 3.,In Progress,Kolkata,countryspecific restriction affect import report delhi facility shift
2475,Damaged Goods,High,Improper handling caused item breakage. Reported at Pune facility during shift 2.,Resolved,Pune,improper handle cause item breakage report pune facility shift
2476,Damaged Goods,Medium,Transit vibration caused product defects. Reported at Ahmedabad facility during shift 3.,Resolved,Delhi,transit vibration cause product defect report ahmedabad facility shift
2477,Transportation Failure,Medium,Driver unavailable for scheduled route. Reported at Mumbai facility during shift 3.,In Progress,Mumbai,driver unavailable schedule route report mumbai facility shift
2478,Damaged Goods,High,Fragile goods mishandled during unloading. Reported at Hyderabad facility during shift 2.,Resolved,Bengaluru,fragile goods mishandle unload report hyderabad facility shift
2479,Damaged Goods,Medium,Receiving inspection identified damaged goods. Reported at Pune facility during shift 1.,In Progress,Hyderabad,receive inspection identify damage goods report pune facility shift
2480,Inventory Shortage,Medium,Inventory reservation conflict identified. Reported at Pune facility during shift 3.,In Progress,Hyderabad,inventory reservation conflict identify report pune facility shift
2481,Documentation Error,High,Purchase order details inconsistent. Reported at Bengaluru facility during shift 3.,Open,Hyderabad,purchase order detail inconsistent report bengaluru facility shift
2482,Inventory Shortage,Medium,Raw material shortage impacted production. Reported at Pune facility during shift 3.,In Progress,Bengaluru,raw material shortage impact production report pune facility shift
2483,Warehouse Issue,High,Warehouse management system outage reported. Reported at Delhi facility during shift 1.,In Progress,Bengaluru,warehouse management system outage report report delhi facility shift
2484,Inventory Shortage,High,Cycle count revealed stock deficiency. Reported at Pune facility during shift 1.,In Progress,Pune,cycle count reveal stock deficiency report pune facility shift
2485,Inventory Shortage,Low,Supplier delay created inventory gap. Reported at Ahmedabad facility during shift 3.,Resolved,Ahmedabad,supplier delay create inventory gap report ahmedabad facility shift
2486,Documentation Error,Medium,Incorrect consignee information provided. Reported at Delhi facility during shift 2.,In Progress,Mumbai,incorrect consignee information provide report delhi facility shift
2487,Transportation Failure,Low,Transportation network disruption reported. Reported at Kolkata facility during shift 1.,In Progress,Ahmedabad,transportation network disruption report report kolkata facility shift
2488,Transportation Failure,Medium,Trailer availability issue delayed dispatch. Reported at Hyderabad facility during shift 3.,Open,Hyderabad,trailer availability issue delay dispatch report hyderabad facility shift
2489,Shipment Delay,Low,Delivery delayed due to traffic disruption. Reported at Ahmedabad facility during shift 3.,In Progress,Kolkata,delivery delay due traffic disruption report ahmedabad facility shift
2490,Damaged Goods,Low,Product packaging torn during loading. Reported at Delhi facility during shift 1.,Open,Chennai,product package tear load report delhi facility shift
2491,Warehouse Issue,Medium,Picking error occurred in warehouse. Reported at Hyderabad facility during shift 1.,In Progress,Delhi,pick error occur warehouse report hyderabad facility shift
2492,Warehouse Issue,Low,Picking error occurred in warehouse. Reported at Kolkata facility during shift 1.,Resolved,Chennai,pick error occur warehouse report kolkata facility shift
2493,Shipment Delay,High,Truck breakdown caused delivery delay. Reported at Pune facility during shift 3.,In Progress,Kolkata,truck breakdown cause delivery delay report pune facility shift
2494,Inventory Shortage,Medium,Demand exceeded available stock levels. Reported at Bengaluru facility during shift 3.,In Progress,Pune,demand exceed available stock level report bengaluru facility shift
2495,Warehouse Issue,Medium,Warehouse processing backlog reported. Reported at Delhi facility during shift 1.,In Progress,Bengaluru,warehouse process backlog report report delhi facility shift
2496,Inventory Shortage,Medium,Unexpected order spike exhausted stock. Reported at Kolkata facility during shift 1.,Open,Delhi,unexpected order spike exhaust stock report kolkata facility shift
2497,Shipment Delay,Low,Rail transport delay impacted delivery timeline. Reported at Hyderabad facility during shift 2.,Open,Kolkata,rail transport delay impact delivery timeline report hyderabad facility shift
2498,Inventory Shortage,Low,Demand exceeded available stock levels. Reported at Ahmedabad facility during shift 3.,Open,Bengaluru,demand exceed available stock level report ahmedabad facility shift
2499,Damaged Goods,Medium,Product packaging torn during loading. Reported at Chennai facility during shift 1.,In Progress,Kolkata,product package tear load report chennai facility shift
2500,Transportation Failure,High,Logistics partner experienced operational failure. Reported at Bengaluru facility during shift 1.,In Progress,Ahmedabad,logistics partner experience operational failure report bengaluru facility shift
2501,Transportation Failure,High,Carrier failed to pick up shipment. Reported at Kolkata facility during shift 3.,Open,Hyderabad,carrier fail pick shipment report kolkata facility shift
2502,Inventory Shortage,High,Warehouse unable to fulfill requested quantity. Reported at Ahmedabad facility during shift 2.,Resolved,Pune,warehouse unable fulfill request quantity report ahmedabad facility shift
2503,Damaged Goods,Medium,Package damaged during transportation. Reported at Ahmedabad facility during shift 3.,In Progress,Bengaluru,package damage transportation report ahmedabad facility shift
2504,Damaged Goods,High,Goods arrived with visible damage. Reported at Mumbai facility during shift 3.,Resolved,Kolkata,goods arrive visible damage report mumbai facility shift
2505,Inventory Shortage,Low,Unexpected order spike exhausted stock. Reported at Kolkata facility during shift 1.,In Progress,Kolkata,unexpected order spike exhaust stock report kolkata facility shift
2506,Damaged Goods,Medium,Forklift accident damaged inventory. Reported at Hyderabad facility during shift 1.,In Progress,Chennai,forklift accident damage inventory report hyderabad facility shift
2507,Customs Issue,Medium,Country-specific restriction affected import. Reported at Bengaluru facility during shift 3.,In Progress,Chennai,countryspecific restriction affect import report bengaluru facility shift
2508,Transportation Failure,Medium,Route planning error delayed movement. Reported at Pune facility during shift 2.,In Progress,Kolkata,route plan error delay movement report pune facility shift
2509,Customs Issue,Medium,Import permit approval pending. Reported at Kolkata facility during shift 1.,In Progress,Bengaluru,import permit approval pending report kolkata facility shift
2510,Damaged Goods,Low,Water exposure damaged packaged goods. Reported at Hyderabad facility during shift 2.,Open,Bengaluru,water exposure damage package goods report hyderabad facility shift
2511,Warehouse Issue,Low,Warehouse stock mismatch identified. Reported at Kolkata facility during shift 2.,Open,Mumbai,warehouse stock mismatch identify report kolkata facility shift
2512,Customs Issue,Medium,Country-specific restriction affected import. Reported at Delhi facility during shift 1.,Resolved,Chennai,countryspecific restriction affect import report delhi facility shift
2513,Damaged Goods,Low,Product packaging torn during loading. Reported at Hyderabad facility during shift 2.,Open,Kolkata,product package tear load report hyderabad facility shift
2514,Damaged Goods,Medium,Transit vibration caused product defects. Reported at Delhi facility during shift 1.,Open,Mumbai,transit vibration cause product defect report delhi facility shift
2515,Inventory Shortage,Low,Inventory reservation conflict identified. Reported at Mumbai facility during shift 3.,Resolved,Delhi,inventory reservation conflict identify report mumbai facility shift
2516,Damaged Goods,High,Temperature excursion affected product quality. Reported at Ahmedabad facility during shift 2.,Open,Chennai,temperature excursion affect product quality report ahmedabad facility shift
2517,Warehouse Issue,High,Warehouse processing backlog reported. Reported at Mumbai facility during shift 1.,In Progress,Delhi,warehouse process backlog report report mumbai facility shift
2518,Documentation Error,High,Missing invoice delayed processing. Reported at Ahmedabad facility during shift 3.,Resolved,Delhi,miss invoice delay process report ahmedabad facility shift
2519,Inventory Shortage,High,Backordered items unavailable for dispatch. Reported at Delhi facility during shift 1.,In Progress,Delhi,backordered items unavailable dispatch report delhi facility shift
2520,Warehouse Issue,Medium,Inventory allocation issue detected. Reported at Chennai facility during shift 3.,Open,Kolkata,inventory allocation issue detect report chennai facility shift
2521,Inventory Shortage,Low,Inventory replenishment delayed. Reported at Chennai facility during shift 2.,Open,Bengaluru,inventory replenishment delay report chennai facility shift
2522,Warehouse Issue,High,Cycle count discrepancy identified. Reported at Pune facility during shift 3.,In Progress,Bengaluru,cycle count discrepancy identify report pune facility shift
2523,Transportation Failure,Low,Carrier failed to pick up shipment. Reported at Mumbai facility during shift 3.,Resolved,Chennai,carrier fail pick shipment report mumbai facility shift
2524,Shipment Delay,Low,Delivery delayed due to traffic disruption. Reported at Delhi facility during shift 1.,Resolved,Ahmedabad,delivery delay due traffic disruption report delhi facility shift
2525,Customs Issue,Medium,Shipment selected for random inspection. Reported at Kolkata facility during shift 3.,In Progress,Ahmedabad,shipment select random inspection report kolkata facility shift
2526,Customs Issue,Medium,Shipment flagged for compliance audit. Reported at Pune facility during shift 3.,Resolved,Kolkata,shipment flag compliance audit report pune facility shift
2527,Warehouse Issue,Medium,Inventory allocation issue detected. Reported at Kolkata facility during shift 1.,In Progress,Delhi,inventory allocation issue detect report kolkata facility shift
2528,Warehouse Issue,Medium,Warehouse stock mismatch identified. Reported at Bengaluru facility during shift 1.,In Progress,Hyderabad,warehouse stock mismatch identify report bengaluru facility shift
2529,Shipment Delay,Medium,Rail transport delay impacted delivery timeline. Reported at Kolkata facility during shift 2.,In Progress,Chennai,rail transport delay impact delivery timeline report kolkata facility shift
2530,Damaged Goods,Low,Improper handling caused item breakage. Reported at Bengaluru facility during shift 1.,Resolved,Delhi,improper handle cause item breakage report bengaluru facility shift
2531,Transportation Failure,High,Transportation network disruption reported. Reported at Delhi facility during shift 3.,In Progress,Bengaluru,transportation network disruption report report delhi facility shift
2532,Inventory Shortage,Low,Warehouse stock shortage detected. Reported at Bengaluru facility during shift 2.,In Progress,Ahmedabad,warehouse stock shortage detect report bengaluru facility shift
2533,Customs Issue,Medium,Import permit approval pending. Reported at Pune facility during shift 1.,In Progress,Chennai,import permit approval pending report pune facility shift
2534,Inventory Shortage,Medium,Inventory replenishment delayed. Reported at Mumbai facility during shift 2.,In Progress,Ahmedabad,inventory replenishment delay report mumbai facility shift
2535,Transportation Failure,Medium,Trailer availability issue delayed dispatch. Reported at Kolkata facility during shift 1.,In Progress,Ahmedabad,trailer availability issue delay dispatch report kolkata facility shift
2536,Shipment Delay,Medium,Mechanical failure delayed freight movement. Reported at Ahmedabad facility during shift 1.,Open,Hyderabad,mechanical failure delay freight movement report ahmedabad facility shift
2537,Documentation Error,Low,Customs paperwork contained errors. Reported at Chennai facility during shift 1.,Resolved,Hyderabad,customs paperwork contain errors report chennai facility shift
2538,Shipment Delay,Medium,Shipment delayed due to customs inspection. Reported at Bengaluru facility during shift 3.,Open,Ahmedabad,shipment delay due customs inspection report bengaluru facility shift
2539,Transportation Failure,Medium,Driver unavailable for scheduled route. Reported at Ahmedabad facility during shift 2.,In Progress,Pune,driver unavailable schedule route report ahmedabad facility shift
2540,Shipment Delay,High,Driver shortage affected transportation schedule. Reported at Mumbai facility during shift 2.,In Progress,Chennai,driver shortage affect transportation schedule report mumbai facility shift
2541,Customs Issue,Critical,Shipment selected for random inspection. Reported at Mumbai facility during shift 1.,In Progress,Pune,shipment select random inspection report mumbai facility shift
2542,Customs Issue,High,Regulatory approval pending clearance. Reported at Ahmedabad facility during shift 3.,In Progress,Delhi,regulatory approval pending clearance report ahmedabad facility shift
2543,Inventory Shortage,Medium,Unexpected order spike exhausted stock. Reported at Bengaluru facility during shift 1.,In Progress,Kolkata,unexpected order spike exhaust stock report bengaluru facility shift
2544,Inventory Shortage,Low,Warehouse stock shortage detected. Reported at Chennai facility during shift 2.,Open,Bengaluru,warehouse stock shortage detect report chennai facility shift
2545,Transportation Failure,High,Route planning error delayed movement. Reported at Bengaluru facility during shift 2.,Open,Kolkata,route plan error delay movement report bengaluru facility shift
2546,Documentation Error,Low,Documentation approval pending correction. Reported at Hyderabad facility during shift 1.,Open,Delhi,documentation approval pending correction report hyderabad facility shift
2547,Warehouse Issue,Medium,Warehouse stock mismatch identified. Reported at Hyderabad facility during shift 3.,Open,Bengaluru,warehouse stock mismatch identify report hyderabad facility shift
2548,Transportation Failure,Medium,Trailer availability issue delayed dispatch. Reported at Delhi facility during shift 3.,Open,Ahmedabad,trailer availability issue delay dispatch report delhi facility shift
2549,Warehouse Issue,High,Order consolidation process delayed shipment. Reported at Pune facility during shift 3.,In Progress,Ahmedabad,order consolidation process delay shipment report pune facility shift
2550,Damaged Goods,Medium,Container impact damaged shipment contents. Reported at Pune facility during shift 3.,Resolved,Delhi,container impact damage shipment content report pune facility shift
2551,Customs Issue,High,Customs valuation dispute identified. Reported at Hyderabad facility during shift 3.,Open,Bengaluru,customs valuation dispute identify report hyderabad facility shift
2552,Warehouse Issue,Low,Warehouse stock mismatch identified. Reported at Kolkata facility during shift 2.,Resolved,Hyderabad,warehouse stock mismatch identify report kolkata facility shift
2553,Transportation Failure,Critical,Equipment malfunction impacted transport operations. Reported at Kolkata facility during shift 1.,In Progress,Hyderabad,equipment malfunction impact transport operations report kolkata facility shift
2554,Shipment Delay,Low,Holiday demand surge caused shipping delays. Reported at Delhi facility during shift 3.,Open,Bengaluru,holiday demand surge cause ship delay report delhi facility shift
2555,Transportation Failure,Medium,Trailer availability issue delayed dispatch. Reported at Delhi facility during shift 1.,Resolved,Pune,trailer availability issue delay dispatch report delhi facility shift
2556,Transportation Failure,Medium,Equipment malfunction impacted transport operations. Reported at Kolkata facility during shift 2.,In Progress,Mumbai,equipment malfunction impact transport operations report kolkata facility shift
2557,Inventory Shortage,Low,Inventory replenishment delayed. Reported at Ahmedabad facility during shift 3.,In Progress,Chennai,inventory replenishment delay report ahmedabad facility shift
2558,Transportation Failure,Medium,Fuel supply issue interrupted transportation. Reported at Kolkata facility during shift 1.,Open,Pune,fuel supply issue interrupt transportation report kolkata facility shift
2559,Damaged Goods,Medium,Product packaging torn during loading. Reported at Hyderabad facility during shift 1.,In Progress,Kolkata,product package tear load report hyderabad facility shift
2560,Documentation Error,High,Bill of lading information mismatch detected. Reported at Kolkata facility during shift 2.,In Progress,Bengaluru,bill lade information mismatch detect report kolkata facility shift
2561,Documentation Error,Low,Invoice value discrepancy identified. Reported at Delhi facility during shift 2.,In Progress,Kolkata,invoice value discrepancy identify report delhi facility shift
2562,Warehouse Issue,Low,Picking error occurred in warehouse. Reported at Mumbai facility during shift 1.,Resolved,Chennai,pick error occur warehouse report mumbai facility shift
2563,Inventory Shortage,High,Backordered items unavailable for dispatch. Reported at Kolkata facility during shift 2.,Resolved,Delhi,backordered items unavailable dispatch report kolkata facility shift
2564,Shipment Delay,Low,Shipment delayed due to customs inspection. Reported at Ahmedabad facility during shift 1.,In Progress,Pune,shipment delay due customs inspection report ahmedabad facility shift
2565,Customs Issue,Medium,Customs valuation dispute identified. Reported at Pune facility during shift 3.,Open,Delhi,customs valuation dispute identify report pune facility shift
2566,Damaged Goods,Critical,Water exposure damaged packaged goods. Reported at Mumbai facility during shift 1.,Open,Chennai,water exposure damage package goods report mumbai facility shift
2567,Documentation Error,High,Incorrect shipping documentation submitted. Reported at Bengaluru facility during shift 1.,In Progress,Mumbai,incorrect ship documentation submit report bengaluru facility shift
2568,Damaged Goods,High,Container impact damaged shipment contents. Reported at Hyderabad facility during shift 3.,Open,Hyderabad,container impact damage shipment content report hyderabad facility shift
2569,Inventory Shortage,High,Product unavailable due to inventory mismatch. Reported at Ahmedabad facility during shift 3.,Open,Mumbai,product unavailable due inventory mismatch report ahmedabad facility shift
2570,Transportation Failure,Low,Route planning error delayed movement. Reported at Bengaluru facility during shift 3.,In Progress,Pune,route plan error delay movement report bengaluru facility shift
2571,Customs Issue,Medium,Import documentation under review. Reported at Ahmedabad facility during shift 2.,Resolved,Hyderabad,import documentation review report ahmedabad facility shift
2572,Damaged Goods,High,Fragile goods mishandled during unloading. Reported at Kolkata facility during shift 2.,Open,Hyderabad,fragile goods mishandle unload report kolkata facility shift
2573,Customs Issue,Medium,Customs requested additional documentation. Reported at Bengaluru facility during shift 1.,Resolved,Delhi,customs request additional documentation report bengaluru facility shift
2574,Shipment Delay,High,Truck breakdown caused delivery delay. Reported at Chennai facility during shift 3.,Open,Mumbai,truck breakdown cause delivery delay report chennai facility shift
2575,Transportation Failure,Low,Carrier failed to pick up shipment. Reported at Delhi facility during shift 3.,In Progress,Pune,carrier fail pick shipment report delhi facility shift
2576,Documentation Error,Medium,Bill of lading information mismatch detected. Reported at Ahmedabad facility during shift 2.,Resolved,Hyderabad,bill lade information mismatch detect report ahmedabad facility shift
2577,Customs Issue,Low,Border inspection extended shipment hold. Reported at Ahmedabad facility during shift 3.,Open,Kolkata,border inspection extend shipment hold report ahmedabad facility shift
2578,Inventory Shortage,Low,Safety stock threshold breached. Reported at Mumbai facility during shift 1.,In Progress,Kolkata,safety stock threshold breach report mumbai facility shift
2579,Inventory Shortage,Medium,Inventory reservation conflict identified. Reported at Ahmedabad facility during shift 2.,In Progress,Pune,inventory reservation conflict identify report ahmedabad facility shift
2580,Transportation Failure,Critical,Carrier failed to pick up shipment. Reported at Pune facility during shift 3.,In Progress,Pune,carrier fail pick shipment report pune facility shift
2581,Warehouse Issue,High,Cycle count discrepancy identified. Reported at Delhi facility during shift 1.,Open,Hyderabad,cycle count discrepancy identify report delhi facility shift
2582,Transportation Failure,Low,Transport route disruption due to road closure. Reported at Ahmedabad facility during shift 2.,Open,Bengaluru,transport route disruption due road closure report ahmedabad facility shift
2583,Documentation Error,Critical,Documentation approval pending correction. Reported at Ahmedabad facility during shift 2.,Resolved,Delhi,documentation approval pending correction report ahmedabad facility shift
2584,Transportation Failure,Medium,Delivery vehicle breakdown reported. Reported at Chennai facility during shift 3.,In Progress,Pune,delivery vehicle breakdown report report chennai facility shift
2585,Damaged Goods,High,Package damaged during transportation. Reported at Mumbai facility during shift 2.,Resolved,Bengaluru,package damage transportation report mumbai facility shift
2586,Inventory Shortage,Medium,Inventory replenishment delayed. Reported at Pune facility during shift 3.,Resolved,Hyderabad,inventory replenishment delay report pune facility shift
2587,Documentation Error,High,Purchase order details inconsistent. Reported at Bengaluru facility during shift 2.,Resolved,Chennai,purchase order detail inconsistent report bengaluru facility shift
2588,Transportation Failure,Critical,Equipment malfunction impacted transport operations. Reported at Hyderabad facility during shift 3.,In Progress,Chennai,equipment malfunction impact transport operations report hyderabad facility shift
2589,Damaged Goods,Medium,Water exposure damaged packaged goods. Reported at Chennai facility during shift 2.,Open,Ahmedabad,water exposure damage package goods report chennai facility shift
2590,Warehouse Issue,Critical,Order consolidation process delayed shipment. Reported at Kolkata facility during shift 2.,Resolved,Bengaluru,order consolidation process delay shipment report kolkata facility shift
2591,Damaged Goods,Low,Transit vibration caused product defects. Reported at Bengaluru facility during shift 2.,Resolved,Chennai,transit vibration cause product defect report bengaluru facility shift
2592,Warehouse Issue,Low,Warehouse processing backlog reported. Reported at Hyderabad facility during shift 2.,Resolved,Bengaluru,warehouse process backlog report report hyderabad facility shift
2593,Shipment Delay,Medium,Unexpected weather conditions slowed transportation. Reported at Ahmedabad facility during shift 1.,In Progress,Chennai,unexpected weather condition slow transportation report ahmedabad facility shift
2594,Shipment Delay,High,Driver shortage affected transportation schedule. Reported at Hyderabad facility during shift 3.,Resolved,Kolkata,driver shortage affect transportation schedule report hyderabad facility shift
2595,Shipment Delay,Medium,Cargo loading completed behind schedule. Reported at Hyderabad facility during shift 3.,In Progress,Bengaluru,cargo load complete behind schedule report hyderabad facility shift
2596,Documentation Error,High,Missing certificate delayed shipment release. Reported at Hyderabad facility during shift 1.,In Progress,Pune,miss certificate delay shipment release report hyderabad facility shift
2597,Inventory Shortage,Medium,Backordered items unavailable for dispatch. Reported at Bengaluru facility during shift 1.,Open,Pune,backordered items unavailable dispatch report bengaluru facility shift
2598,Customs Issue,Low,Border inspection extended shipment hold. Reported at Ahmedabad facility during shift 1.,Resolved,Hyderabad,border inspection extend shipment hold report ahmedabad facility shift
2599,Inventory Shortage,Low,Raw material shortage impacted production. Reported at Hyderabad facility during shift 3.,Open,Kolkata,raw material shortage impact production report hyderabad facility shift
2600,Inventory Shortage,Low,Procurement delay affected inventory availability. Reported at Delhi facility during shift 2.,In Progress,Hyderabad,procurement delay affect inventory availability report delhi facility shift
2601,Documentation Error,Critical,Data entry error impacted shipment records. Reported at Mumbai facility during shift 1.,Open,Chennai,data entry error impact shipment record report mumbai facility shift
2602,Inventory Shortage,Low,Product unavailable due to inventory mismatch. Reported at Hyderabad facility during shift 1.,In Progress,Pune,product unavailable due inventory mismatch report hyderabad facility shift
2603,Shipment Delay,Low,Cargo loading completed behind schedule. Reported at Ahmedabad facility during shift 3.,Resolved,Hyderabad,cargo load complete behind schedule report ahmedabad facility shift
2604,Warehouse Issue,Medium,Picking error occurred in warehouse. Reported at Pune facility during shift 1.,In Progress,Bengaluru,pick error occur warehouse report pune facility shift
2605,Documentation Error,High,Required compliance document missing. Reported at Chennai facility during shift 3.,Open,Mumbai,require compliance document miss report chennai facility shift
2606,Inventory Shortage,Medium,Inventory replenishment delayed. Reported at Pune facility during shift 1.,Resolved,Bengaluru,inventory replenishment delay report pune facility shift
2607,Transportation Failure,Medium,Trailer availability issue delayed dispatch. Reported at Pune facility during shift 1.,In Progress,Kolkata,trailer availability issue delay dispatch report pune facility shift
2608,Shipment Delay,Low,Driver shortage affected transportation schedule. Reported at Kolkata facility during shift 1.,Resolved,Ahmedabad,driver shortage affect transportation schedule report kolkata facility shift
2609,Warehouse Issue,Low,Cycle count discrepancy identified. Reported at Mumbai facility during shift 3.,Resolved,Ahmedabad,cycle count discrepancy identify report mumbai facility shift
2610,Documentation Error,Medium,Invoice value discrepancy identified. Reported at Ahmedabad facility during shift 2.,In Progress,Bengaluru,invoice value discrepancy identify report ahmedabad facility shift
2611,Shipment Delay,Low,Shipment delayed due to customs inspection. Reported at Ahmedabad facility during shift 1.,In Progress,Chennai,shipment delay due customs inspection report ahmedabad facility shift
2612,Customs Issue,Medium,Country-specific restriction affected import. Reported at Pune facility during shift 3.,Resolved,Chennai,countryspecific restriction affect import report pune facility shift
2613,Damaged Goods,Low,Transit vibration caused product defects. Reported at Ahmedabad facility during shift 1.,Open,Mumbai,transit vibration cause product defect report ahmedabad facility shift
2614,Documentation Error,Medium,Customs paperwork contained errors. Reported at Ahmedabad facility during shift 2.,Resolved,Pune,customs paperwork contain errors report ahmedabad facility shift
2615,Shipment Delay,Medium,Rail transport delay impacted delivery timeline. Reported at Chennai facility during shift 3.,In Progress,Kolkata,rail transport delay impact delivery timeline report chennai facility shift
2616,Damaged Goods,Critical,Package damaged during transportation. Reported at Mumbai facility during shift 1.,Resolved,Delhi,package damage transportation report mumbai facility shift
2617,Customs Issue,Low,Regulatory verification delayed release. Reported at Kolkata facility during shift 1.,In Progress,Mumbai,regulatory verification delay release report kolkata facility shift
2618,Documentation Error,Medium,Incorrect consignee information provided. Reported at Mumbai facility during shift 2.,In Progress,Kolkata,incorrect consignee information provide report mumbai facility shift
2619,Shipment Delay,Low,Shipment delayed due to customs inspection. Reported at Hyderabad facility during shift 2.,Open,Delhi,shipment delay due customs inspection report hyderabad facility shift
2620,Documentation Error,Low,Documentation approval pending correction. Reported at Mumbai facility during shift 2.,In Progress,Pune,documentation approval pending correction report mumbai facility shift
2621,Damaged Goods,Medium,Receiving inspection identified damaged goods. Reported at Mumbai facility during shift 1.,Resolved,Mumbai,receive inspection identify damage goods report mumbai facility shift
2622,Inventory Shortage,High,Warehouse stock shortage detected. Reported at Hyderabad facility during shift 2.,Resolved,Mumbai,warehouse stock shortage detect report hyderabad facility shift
2623,Warehouse Issue,Medium,Put-away process delayed inventory availability. Reported at Hyderabad facility during shift 3.,Open,Kolkata,putaway process delay inventory availability report hyderabad facility shift
2624,Warehouse Issue,Critical,Order consolidation process delayed shipment. Reported at Chennai facility during shift 2.,In Progress,Mumbai,order consolidation process delay shipment report chennai facility shift
2625,Customs Issue,Low,Customs requested additional documentation. Reported at Hyderabad facility during shift 3.,Open,Mumbai,customs request additional documentation report hyderabad facility shift
2626,Documentation Error,Low,Incorrect shipping documentation submitted. Reported at Mumbai facility during shift 2.,In Progress,Kolkata,incorrect ship documentation submit report mumbai facility shift
2627,Documentation Error,Medium,Missing invoice delayed processing. Reported at Hyderabad facility during shift 1.,Resolved,Bengaluru,miss invoice delay process report hyderabad facility shift
2628,Shipment Delay,Medium,Container missed connecting vessel. Reported at Delhi facility during shift 1.,Resolved,Mumbai,container miss connect vessel report delhi facility shift
2629,Customs Issue,Low,Shipment selected for random inspection. Reported at Chennai facility during shift 2.,Resolved,Delhi,shipment select random inspection report chennai facility shift
2630,Inventory Shortage,Low,Procurement delay affected inventory availability. Reported at Bengaluru facility during shift 2.,Resolved,Hyderabad,procurement delay affect inventory availability report bengaluru facility shift
2631,Documentation Error,Medium,Invoice value discrepancy identified. Reported at Bengaluru facility during shift 2.,Open,Kolkata,invoice value discrepancy identify report bengaluru facility shift
2632,Inventory Shortage,High,Cycle count revealed stock deficiency. Reported at Kolkata facility during shift 1.,In Progress,Pune,cycle count reveal stock deficiency report kolkata facility shift
2633,Inventory Shortage,Low,Supplier delay created inventory gap. Reported at Kolkata facility during shift 3.,Open,Mumbai,supplier delay create inventory gap report kolkata facility shift
2634,Customs Issue,Medium,Tariff classification review in progress. Reported at Hyderabad facility during shift 3.,Open,Mumbai,tariff classification review progress report hyderabad facility shift
2635,Transportation Failure,Low,Route planning error delayed movement. Reported at Bengaluru facility during shift 3.,Open,Delhi,route plan error delay movement report bengaluru facility shift
2636,Warehouse Issue,Low,Dock congestion slowed warehouse throughput. Reported at Mumbai facility during shift 3.,Resolved,Chennai,dock congestion slow warehouse throughput report mumbai facility shift
2637,Inventory Shortage,Low,Demand exceeded available stock levels. Reported at Chennai facility during shift 3.,In Progress,Delhi,demand exceed available stock level report chennai facility shift
2638,Inventory Shortage,Low,Stockout occurred at fulfillment center. Reported at Mumbai facility during shift 3.,Open,Mumbai,stockout occur fulfillment center report mumbai facility shift
2639,Warehouse Issue,Low,Put-away process delayed inventory availability. Reported at Chennai facility during shift 2.,Open,Ahmedabad,putaway process delay inventory availability report chennai facility shift
2640,Inventory Shortage,Medium,Inventory replenishment delayed. Reported at Mumbai facility during shift 2.,In Progress,Kolkata,inventory replenishment delay report mumbai facility shift
2641,Customs Issue,Medium,Shipment flagged for compliance audit. Reported at Hyderabad facility during shift 2.,Resolved,Delhi,shipment flag compliance audit report hyderabad facility shift
2642,Inventory Shortage,High,Supplier delay created inventory gap. Reported at Pune facility during shift 1.,Resolved,Bengaluru,supplier delay create inventory gap report pune facility shift
2643,Transportation Failure,Low,Fleet utilization exceeded available capacity. Reported at Hyderabad facility during shift 2.,Open,Kolkata,fleet utilization exceed available capacity report hyderabad facility shift
2644,Transportation Failure,High,Carrier failed to pick up shipment. Reported at Chennai facility during shift 1.,Resolved,Hyderabad,carrier fail pick shipment report chennai facility shift
2645,Inventory Shortage,Low,Supplier delay created inventory gap. Reported at Mumbai facility during shift 2.,In Progress,Delhi,supplier delay create inventory gap report mumbai facility shift
2646,Transportation Failure,High,Third-party carrier cancelled shipment booking. Reported at Chennai facility during shift 2.,Resolved,Mumbai,thirdparty carrier cancel shipment book report chennai facility shift
2647,Documentation Error,Medium,Export declaration contained errors. Reported at Pune facility during shift 2.,In Progress,Bengaluru,export declaration contain errors report pune facility shift
2648,Customs Issue,Critical,Trade compliance review delayed processing. Reported at Hyderabad facility during shift 2.,In Progress,Delhi,trade compliance review delay process report hyderabad facility shift
2649,Transportation Failure,Low,Logistics partner experienced operational failure. Reported at Ahmedabad facility during shift 1.,Open,Ahmedabad,logistics partner experience operational failure report ahmedabad facility shift
2650,Transportation Failure,Low,Logistics partner experienced operational failure. Reported at Delhi facility during shift 1.,In Progress,Hyderabad,logistics partner experience operational failure report delhi facility shift
2651,Customs Issue,Medium,Customs clearance process delayed. Reported at Hyderabad facility during shift 3.,In Progress,Kolkata,customs clearance process delay report hyderabad facility shift
2652,Shipment Delay,High,Truck breakdown caused delivery delay. Reported at Mumbai facility during shift 1.,In Progress,Bengaluru,truck breakdown cause delivery delay report mumbai facility shift
2653,Warehouse Issue,Medium,Dock congestion slowed warehouse throughput. Reported at Delhi facility during shift 3.,Resolved,Chennai,dock congestion slow warehouse throughput report delhi facility shift
2654,Inventory Shortage,High,Warehouse stock shortage detected. Reported at Pune facility during shift 3.,In Progress,Pune,warehouse stock shortage detect report pune facility shift
2655,Shipment Delay,Low,Last-mile delivery partner unavailable. Reported at Bengaluru facility during shift 1.,In Progress,Kolkata,lastmile delivery partner unavailable report bengaluru facility shift
2656,Damaged Goods,Low,Packaging failure led to damaged products. Reported at Hyderabad facility during shift 3.,In Progress,Pune,package failure lead damage products report hyderabad facility shift
2657,Shipment Delay,Low,Delivery delayed due to traffic disruption. Reported at Ahmedabad facility during shift 3.,Open,Pune,delivery delay due traffic disruption report ahmedabad facility shift
2658,Shipment Delay,Medium,Holiday demand surge caused shipping delays. Reported at Pune facility during shift 2.,Open,Pune,holiday demand surge cause ship delay report pune facility shift
2659,Transportation Failure,Low,Logistics partner experienced operational failure. Reported at Kolkata facility during shift 3.,Open,Mumbai,logistics partner experience operational failure report kolkata facility shift
2660,Documentation Error,Medium,Shipping label generated with incorrect address. Reported at Delhi facility during shift 1.,Open,Bengaluru,ship label generate incorrect address report delhi facility shift
2661,Transportation Failure,Medium,Fuel supply issue interrupted transportation. Reported at Mumbai facility during shift 1.,Resolved,Ahmedabad,fuel supply issue interrupt transportation report mumbai facility shift
2662,Customs Issue,Low,Import documentation under review. Reported at Bengaluru facility during shift 3.,In Progress,Mumbai,import documentation review report bengaluru facility shift
2663,Shipment Delay,Medium,Carrier scheduling issue caused shipment delay. Reported at Chennai facility during shift 3.,In Progress,Ahmedabad,carrier schedule issue cause shipment delay report chennai facility shift
2664,Inventory Shortage,Medium,Product unavailable due to inventory mismatch. Reported at Pune facility during shift 1.,Open,Hyderabad,product unavailable due inventory mismatch report pune facility shift
2665,Warehouse Issue,Medium,Cycle count discrepancy identified. Reported at Bengaluru facility during shift 1.,In Progress,Delhi,cycle count discrepancy identify report bengaluru facility shift
2666,Customs Issue,High,Shipment selected for random inspection. Reported at Chennai facility during shift 2.,Open,Kolkata,shipment select random inspection report chennai facility shift
2667,Damaged Goods,Medium,Product packaging torn during loading. Reported at Mumbai facility during shift 3.,Resolved,Hyderabad,product package tear load report mumbai facility shift
2668,Shipment Delay,High,Delivery delayed due to traffic disruption. Reported at Pune facility during shift 2.,Resolved,Delhi,delivery delay due traffic disruption report pune facility shift
2669,Shipment Delay,Medium,Dispatch process delayed at origin facility. Reported at Mumbai facility during shift 3.,Resolved,Hyderabad,dispatch process delay origin facility report mumbai facility shift
2670,Inventory Shortage,High,Inventory replenishment delayed. Reported at Delhi facility during shift 1.,Resolved,Delhi,inventory replenishment delay report delhi facility shift
2671,Inventory Shortage,Low,Inventory reservation conflict identified. Reported at Bengaluru facility during shift 1.,In Progress,Chennai,inventory reservation conflict identify report bengaluru facility shift
2672,Customs Issue,Low,Import permit approval pending. Reported at Bengaluru facility during shift 3.,Open,Bengaluru,import permit approval pending report bengaluru facility shift
2673,Damaged Goods,Medium,Fragile goods mishandled during unloading. Reported at Hyderabad facility during shift 3.,Resolved,Mumbai,fragile goods mishandle unload report hyderabad facility shift
2674,Warehouse Issue,Medium,Order consolidation process delayed shipment. Reported at Delhi facility during shift 2.,Open,Pune,order consolidation process delay shipment report delhi facility shift
2675,Shipment Delay,High,Cargo loading completed behind schedule. Reported at Delhi facility during shift 3.,In Progress,Mumbai,cargo load complete behind schedule report delhi facility shift
2676,Shipment Delay,Low,Driver shortage affected transportation schedule. Reported at Delhi facility during shift 1.,In Progress,Mumbai,driver shortage affect transportation schedule report delhi facility shift
2677,Transportation Failure,High,Logistics partner experienced operational failure. Reported at Delhi facility during shift 2.,Resolved,Pune,logistics partner experience operational failure report delhi facility shift
2678,Transportation Failure,Medium,Carrier failed to pick up shipment. Reported at Bengaluru facility during shift 2.,Resolved,Ahmedabad,carrier fail pick shipment report bengaluru facility shift
2679,Damaged Goods,Low,Water exposure damaged packaged goods. Reported at Hyderabad facility during shift 3.,Resolved,Chennai,water exposure damage package goods report hyderabad facility shift
2680,Inventory Shortage,High,Supplier delay created inventory gap. Reported at Hyderabad facility during shift 2.,In Progress,Mumbai,supplier delay create inventory gap report hyderabad facility shift
2681,Warehouse Issue,Low,Cycle count discrepancy identified. Reported at Mumbai facility during shift 3.,Open,Bengaluru,cycle count discrepancy identify report mumbai facility shift
2682,Customs Issue,Medium,Regulatory approval pending clearance. Reported at Mumbai facility during shift 3.,Resolved,Delhi,regulatory approval pending clearance report mumbai facility shift
2683,Shipment Delay,High,Cargo loading completed behind schedule. Reported at Delhi facility during shift 3.,Open,Bengaluru,cargo load complete behind schedule report delhi facility shift
2684,Shipment Delay,Medium,Cargo loading completed behind schedule. Reported at Mumbai facility during shift 1.,Open,Pune,cargo load complete behind schedule report mumbai facility shift
2685,Documentation Error,Low,Labeling information did not match shipment. Reported at Mumbai facility during shift 2.,Resolved,Delhi,label information match shipment report mumbai facility shift
2686,Warehouse Issue,Medium,Storage location information incorrect. Reported at Chennai facility during shift 2.,Open,Delhi,storage location information incorrect report chennai facility shift
2687,Warehouse Issue,Medium,Space constraint affected storage operations. Reported at Bengaluru facility during shift 3.,Resolved,Delhi,space constraint affect storage operations report bengaluru facility shift
2688,Documentation Error,High,Export declaration contained errors. Reported at Mumbai facility during shift 2.,Resolved,Mumbai,export declaration contain errors report mumbai facility shift
2689,Customs Issue,Low,Shipment selected for random inspection. Reported at Pune facility during shift 2.,In Progress,Pune,shipment select random inspection report pune facility shift
2690,Shipment Delay,High,Shipment delayed due to customs inspection. Reported at Chennai facility during shift 1.,Resolved,Chennai,shipment delay due customs inspection report chennai facility shift
2691,Warehouse Issue,Medium,Space constraint affected storage operations. Reported at Chennai facility during shift 1.,Resolved,Mumbai,space constraint affect storage operations report chennai facility shift
2692,Shipment Delay,Critical,Dispatch process delayed at origin facility. Reported at Bengaluru facility during shift 2.,Open,Ahmedabad,dispatch process delay origin facility report bengaluru facility shift
2693,Warehouse Issue,High,Order consolidation process delayed shipment. Reported at Pune facility during shift 1.,Resolved,Chennai,order consolidation process delay shipment report pune facility shift
2694,Customs Issue,Medium,Import documentation under review. Reported at Pune facility during shift 2.,Open,Hyderabad,import documentation review report pune facility shift
2695,Warehouse Issue,Low,Inventory allocation issue detected. Reported at Hyderabad facility during shift 1.,Open,Ahmedabad,inventory allocation issue detect report hyderabad facility shift
2696,Damaged Goods,Low,Improper handling caused item breakage. Reported at Mumbai facility during shift 1.,In Progress,Chennai,improper handle cause item breakage report mumbai facility shift
2697,Damaged Goods,Medium,Pallet collapse resulted in product damage. Reported at Ahmedabad facility during shift 1.,In Progress,Chennai,pallet collapse result product damage report ahmedabad facility shift
2698,Shipment Delay,Medium,Rail transport delay impacted delivery timeline. Reported at Chennai facility during shift 1.,Open,Kolkata,rail transport delay impact delivery timeline report chennai facility shift
2699,Damaged Goods,Medium,Fragile goods mishandled during unloading. Reported at Pune facility during shift 1.,Resolved,Hyderabad,fragile goods mishandle unload report pune facility shift
2700,Documentation Error,Medium,Customs paperwork contained errors. Reported at Kolkata facility during shift 2.,Open,Kolkata,customs paperwork contain errors report kolkata facility shift
2701,Inventory Shortage,Low,Unexpected order spike exhausted stock. Reported at Hyderabad facility during shift 3.,In Progress,Pune,unexpected order spike exhaust stock report hyderabad facility shift
2702,Customs Issue,High,Shipment held by customs authorities. Reported at Pune facility during shift 2.,Resolved,Kolkata,shipment hold customs authorities report pune facility shift
2703,Customs Issue,Medium,Shipment held by customs authorities. Reported at Chennai facility during shift 3.,In Progress,Bengaluru,shipment hold customs authorities report chennai facility shift
2704,Inventory Shortage,Medium,Supplier delay created inventory gap. Reported at Ahmedabad facility during shift 3.,Open,Delhi,supplier delay create inventory gap report ahmedabad facility shift
2705,Inventory Shortage,High,Product unavailable due to inventory mismatch. Reported at Chennai facility during shift 2.,Open,Kolkata,product unavailable due inventory mismatch report chennai facility shift
2706,Damaged Goods,Critical,Transit vibration caused product defects. Reported at Mumbai facility during shift 3.,Resolved,Chennai,transit vibration cause product defect report mumbai facility shift
2707,Damaged Goods,Low,Fragile goods mishandled during unloading. Reported at Hyderabad facility during shift 3.,In Progress,Ahmedabad,fragile goods mishandle unload report hyderabad facility shift
2708,Inventory Shortage,High,Backordered items unavailable for dispatch. Reported at Bengaluru facility during shift 2.,Open,Mumbai,backordered items unavailable dispatch report bengaluru facility shift
2709,Transportation Failure,Medium,Vehicle maintenance issue halted delivery. Reported at Bengaluru facility during shift 1.,Open,Kolkata,vehicle maintenance issue halt delivery report bengaluru facility shift
2710,Documentation Error,Low,Missing certificate delayed shipment release. Reported at Hyderabad facility during shift 3.,Resolved,Hyderabad,miss certificate delay shipment release report hyderabad facility shift
2711,Transportation Failure,Low,Vehicle maintenance issue halted delivery. Reported at Delhi facility during shift 1.,In Progress,Delhi,vehicle maintenance issue halt delivery report delhi facility shift
2712,Damaged Goods,Low,Packaging failure led to damaged products. Reported at Kolkata facility during shift 1.,In Progress,Mumbai,package failure lead damage products report kolkata facility shift
2713,Transportation Failure,Low,Transportation network disruption reported. Reported at Chennai facility during shift 2.,Resolved,Kolkata,transportation network disruption report report chennai facility shift
2714,Inventory Shortage,High,Safety stock threshold breached. Reported at Pune facility during shift 2.,Open,Delhi,safety stock threshold breach report pune facility shift
2715,Transportation Failure,Medium,Third-party carrier cancelled shipment booking. Reported at Bengaluru facility during shift 3.,In Progress,Delhi,thirdparty carrier cancel shipment book report bengaluru facility shift
2716,Damaged Goods,Low,Forklift accident damaged inventory. Reported at Chennai facility during shift 3.,In Progress,Hyderabad,forklift accident damage inventory report chennai facility shift
2717,Transportation Failure,Medium,Third-party carrier cancelled shipment booking. Reported at Hyderabad facility during shift 2.,Resolved,Chennai,thirdparty carrier cancel shipment book report hyderabad facility shift
2718,Warehouse Issue,Low,Warehouse processing backlog reported. Reported at Mumbai facility during shift 2.,Resolved,Delhi,warehouse process backlog report report mumbai facility shift
2719,Warehouse Issue,Critical,Inventory allocation issue detected. Reported at Pune facility during shift 3.,In Progress,Chennai,inventory allocation issue detect report pune facility shift
2720,Customs Issue,Low,Regulatory approval pending clearance. Reported at Pune facility during shift 1.,Resolved,Chennai,regulatory approval pending clearance report pune facility shift
2721,Warehouse Issue,Critical,Inventory allocation issue detected. Reported at Bengaluru facility during shift 1.,Open,Pune,inventory allocation issue detect report bengaluru facility shift
2722,Inventory Shortage,Medium,Inventory reservation conflict identified. Reported at Hyderabad facility during shift 3.,Resolved,Mumbai,inventory reservation conflict identify report hyderabad facility shift
2723,Transportation Failure,High,Equipment malfunction impacted transport operations. Reported at Bengaluru facility during shift 1.,Open,Mumbai,equipment malfunction impact transport operations report bengaluru facility shift
2724,Customs Issue,Medium,Border security inspection caused delay. Reported at Ahmedabad facility during shift 3.,Open,Chennai,border security inspection cause delay report ahmedabad facility shift
2725,Documentation Error,Low,Bill of lading information mismatch detected. Reported at Bengaluru facility during shift 3.,Resolved,Bengaluru,bill lade information mismatch detect report bengaluru facility shift
2726,Transportation Failure,Medium,Logistics partner experienced operational failure. Reported at Delhi facility during shift 2.,Open,Chennai,logistics partner experience operational failure report delhi facility shift
2727,Transportation Failure,Low,Transportation network disruption reported. Reported at Chennai facility during shift 3.,Open,Ahmedabad,transportation network disruption report report chennai facility shift
2728,Warehouse Issue,Medium,Receiving delay impacted warehouse operations. Reported at Kolkata facility during shift 1.,Resolved,Kolkata,receive delay impact warehouse operations report kolkata facility shift
2729,Warehouse Issue,Critical,Inventory misplaced within storage area. Reported at Chennai facility during shift 1.,Open,Chennai,inventory misplace within storage area report chennai facility shift
2730,Warehouse Issue,High,Warehouse stock mismatch identified. Reported at Mumbai facility during shift 2.,Open,Delhi,warehouse stock mismatch identify report mumbai facility shift
2731,Warehouse Issue,Medium,Cycle count discrepancy identified. Reported at Chennai facility during shift 1.,In Progress,Ahmedabad,cycle count discrepancy identify report chennai facility shift
2732,Customs Issue,High,Regulatory approval pending clearance. Reported at Ahmedabad facility during shift 2.,Resolved,Mumbai,regulatory approval pending clearance report ahmedabad facility shift
2733,Customs Issue,High,Country-specific restriction affected import. Reported at Kolkata facility during shift 1.,Resolved,Bengaluru,countryspecific restriction affect import report kolkata facility shift
2734,Transportation Failure,High,Driver unavailable for scheduled route. Reported at Pune facility during shift 1.,Open,Hyderabad,driver unavailable schedule route report pune facility shift
2735,Documentation Error,Medium,Missing invoice delayed processing. Reported at Mumbai facility during shift 3.,Resolved,Hyderabad,miss invoice delay process report mumbai facility shift
2736,Shipment Delay,Low,Cargo loading completed behind schedule. Reported at Hyderabad facility during shift 1.,Resolved,Ahmedabad,cargo load complete behind schedule report hyderabad facility shift
2737,Damaged Goods,Low,Transit vibration caused product defects. Reported at Chennai facility during shift 3.,In Progress,Bengaluru,transit vibration cause product defect report chennai facility shift
2738,Inventory Shortage,Medium,Inventory reservation conflict identified. Reported at Delhi facility during shift 1.,Resolved,Delhi,inventory reservation conflict identify report delhi facility shift
2739,Shipment Delay,Medium,Unexpected weather conditions slowed transportation. Reported at Ahmedabad facility during shift 2.,In Progress,Mumbai,unexpected weather condition slow transportation report ahmedabad facility shift
2740,Shipment Delay,High,Carrier scheduling issue caused shipment delay. Reported at Chennai facility during shift 3.,Resolved,Hyderabad,carrier schedule issue cause shipment delay report chennai facility shift
2741,Inventory Shortage,Low,Backordered items unavailable for dispatch. Reported at Kolkata facility during shift 3.,In Progress,Chennai,backordered items unavailable dispatch report kolkata facility shift
2742,Warehouse Issue,Medium,Space constraint affected storage operations. Reported at Pune facility during shift 1.,In Progress,Kolkata,space constraint affect storage operations report pune facility shift
2743,Transportation Failure,Medium,Third-party carrier cancelled shipment booking. Reported at Chennai facility during shift 3.,Open,Delhi,thirdparty carrier cancel shipment book report chennai facility shift
2744,Transportation Failure,Critical,Third-party carrier cancelled shipment booking. Reported at Chennai facility during shift 1.,Open,Bengaluru,thirdparty carrier cancel shipment book report chennai facility shift
2745,Damaged Goods,Low,Pallet collapse resulted in product damage. Reported at Kolkata facility during shift 3.,Open,Kolkata,pallet collapse result product damage report kolkata facility shift
2746,Inventory Shortage,Medium,Raw material shortage impacted production. Reported at Ahmedabad facility during shift 1.,Resolved,Bengaluru,raw material shortage impact production report ahmedabad facility shift
2747,Shipment Delay,High,Port congestion delayed shipment arrival. Reported at Bengaluru facility during shift 2.,In Progress,Chennai,port congestion delay shipment arrival report bengaluru facility shift
2748,Warehouse Issue,Medium,Order picking queue exceeded capacity. Reported at Delhi facility during shift 2.,In Progress,Ahmedabad,order pick queue exceed capacity report delhi facility shift
2749,Transportation Failure,Low,Third-party carrier cancelled shipment booking. Reported at Delhi facility during shift 3.,Resolved,Hyderabad,thirdparty carrier cancel shipment book report delhi facility shift
2750,Damaged Goods,Low,Packaging failure led to damaged products. Reported at Chennai facility during shift 1.,Resolved,Chennai,package failure lead damage products report chennai facility shift
2751,Warehouse Issue,Medium,Inventory misplaced within storage area. Reported at Ahmedabad facility during shift 1.,Open,Ahmedabad,inventory misplace within storage area report ahmedabad facility shift
2752,Warehouse Issue,Low,Dock congestion slowed warehouse throughput. Reported at Delhi facility during shift 2.,Open,Pune,dock congestion slow warehouse throughput report delhi facility shift
2753,Documentation Error,Low,Data entry error impacted shipment records. Reported at Mumbai facility during shift 1.,In Progress,Ahmedabad,data entry error impact shipment record report mumbai facility shift
2754,Customs Issue,High,Regulatory approval pending clearance. Reported at Chennai facility during shift 3.,Resolved,Pune,regulatory approval pending clearance report chennai facility shift
2755,Documentation Error,Low,Documentation approval pending correction. Reported at Mumbai facility during shift 2.,Open,Chennai,documentation approval pending correction report mumbai facility shift
2756,Customs Issue,High,Import permit approval pending. Reported at Hyderabad facility during shift 3.,In Progress,Kolkata,import permit approval pending report hyderabad facility shift
2757,Warehouse Issue,Low,Cycle count discrepancy identified. Reported at Kolkata facility during shift 3.,Resolved,Ahmedabad,cycle count discrepancy identify report kolkata facility shift
2758,Shipment Delay,Medium,Mechanical failure delayed freight movement. Reported at Hyderabad facility during shift 1.,In Progress,Kolkata,mechanical failure delay freight movement report hyderabad facility shift
2759,Customs Issue,Medium,Border security inspection caused delay. Reported at Bengaluru facility during shift 1.,Open,Hyderabad,border security inspection cause delay report bengaluru facility shift
2760,Shipment Delay,Medium,Driver shortage affected transportation schedule. Reported at Hyderabad facility during shift 3.,Open,Delhi,driver shortage affect transportation schedule report hyderabad facility shift
2761,Inventory Shortage,Low,Product unavailable due to inventory mismatch. Reported at Delhi facility during shift 1.,Open,Kolkata,product unavailable due inventory mismatch report delhi facility shift
2762,Transportation Failure,Medium,Route planning error delayed movement. Reported at Chennai facility during shift 2.,Open,Ahmedabad,route plan error delay movement report chennai facility shift
2763,Inventory Shortage,High,Supplier delay created inventory gap. Reported at Mumbai facility during shift 2.,Open,Ahmedabad,supplier delay create inventory gap report mumbai facility shift
2764,Inventory Shortage,Medium,Procurement delay affected inventory availability. Reported at Bengaluru facility during shift 2.,Resolved,Bengaluru,procurement delay affect inventory availability report bengaluru facility shift
2765,Documentation Error,Medium,Documentation approval pending correction. Reported at Bengaluru facility during shift 2.,Resolved,Pune,documentation approval pending correction report bengaluru facility shift
2766,Customs Issue,High,Border inspection extended shipment hold. Reported at Delhi facility during shift 3.,Open,Hyderabad,border inspection extend shipment hold report delhi facility shift
2767,Warehouse Issue,High,Warehouse stock mismatch identified. Reported at Pune facility during shift 2.,Open,Delhi,warehouse stock mismatch identify report pune facility shift
2768,Customs Issue,Low,Border security inspection caused delay. Reported at Kolkata facility during shift 2.,Open,Kolkata,border security inspection cause delay report kolkata facility shift
2769,Documentation Error,Medium,Invoice value discrepancy identified. Reported at Pune facility during shift 3.,In Progress,Hyderabad,invoice value discrepancy identify report pune facility shift
2770,Shipment Delay,Medium,Driver shortage affected transportation schedule. Reported at Kolkata facility during shift 3.,In Progress,Mumbai,driver shortage affect transportation schedule report kolkata facility shift
2771,Warehouse Issue,Medium,Warehouse processing backlog reported. Reported at Chennai facility during shift 3.,In Progress,Mumbai,warehouse process backlog report report chennai facility shift
2772,Customs Issue,High,Trade compliance review delayed processing. Reported at Delhi facility during shift 1.,In Progress,Pune,trade compliance review delay process report delhi facility shift
2773,Warehouse Issue,High,Picking error occurred in warehouse. Reported at Hyderabad facility during shift 1.,In Progress,Delhi,pick error occur warehouse report hyderabad facility shift
2774,Inventory Shortage,Low,Cycle count revealed stock deficiency. Reported at Hyderabad facility during shift 3.,Open,Chennai,cycle count reveal stock deficiency report hyderabad facility shift
2775,Warehouse Issue,Low,Storage location information incorrect. Reported at Ahmedabad facility during shift 1.,Resolved,Kolkata,storage location information incorrect report ahmedabad facility shift
2776,Documentation Error,Critical,Purchase order details inconsistent. Reported at Kolkata facility during shift 1.,Open,Kolkata,purchase order detail inconsistent report kolkata facility shift
2777,Documentation Error,Medium,Bill of lading information mismatch detected. Reported at Mumbai facility during shift 1.,Resolved,Pune,bill lade information mismatch detect report mumbai facility shift
2778,Warehouse Issue,Critical,Warehouse staffing shortage reported. Reported at Chennai facility during shift 1.,In Progress,Chennai,warehouse staff shortage report report chennai facility shift
2779,Documentation Error,Low,Missing certificate delayed shipment release. Reported at Hyderabad facility during shift 1.,Resolved,Mumbai,miss certificate delay shipment release report hyderabad facility shift
2780,Warehouse Issue,Medium,Put-away process delayed inventory availability. Reported at Pune facility during shift 1.,Open,Bengaluru,putaway process delay inventory availability report pune facility shift
2781,Warehouse Issue,Medium,Cycle count discrepancy identified. Reported at Ahmedabad facility during shift 3.,Open,Chennai,cycle count discrepancy identify report ahmedabad facility shift
2782,Customs Issue,Low,Customs requested additional documentation. Reported at Bengaluru facility during shift 3.,Open,Ahmedabad,customs request additional documentation report bengaluru facility shift
2783,Transportation Failure,Low,Fleet utilization exceeded available capacity. Reported at Hyderabad facility during shift 2.,Resolved,Ahmedabad,fleet utilization exceed available capacity report hyderabad facility shift
2784,Inventory Shortage,Medium,Procurement delay affected inventory availability. Reported at Kolkata facility during shift 2.,Resolved,Delhi,procurement delay affect inventory availability report kolkata facility shift
2785,Damaged Goods,High,Package damaged during transportation. Reported at Mumbai facility during shift 3.,Resolved,Ahmedabad,package damage transportation report mumbai facility shift
2786,Transportation Failure,Medium,Trailer availability issue delayed dispatch. Reported at Chennai facility during shift 1.,Resolved,Mumbai,trailer availability issue delay dispatch report chennai facility shift
2787,Warehouse Issue,Medium,Space constraint affected storage operations. Reported at Hyderabad facility during shift 1.,Resolved,Hyderabad,space constraint affect storage operations report hyderabad facility shift
2788,Shipment Delay,Medium,Unexpected weather conditions slowed transportation. Reported at Bengaluru facility during shift 1.,Open,Delhi,unexpected weather condition slow transportation report bengaluru facility shift
2789,Damaged Goods,Medium,Water exposure damaged packaged goods. Reported at Delhi facility during shift 1.,In Progress,Mumbai,water exposure damage package goods report delhi facility shift
2790,Transportation Failure,Low,Transportation vendor system outage reported. Reported at Mumbai facility during shift 2.,Open,Mumbai,transportation vendor system outage report report mumbai facility shift
2791,Shipment Delay,Medium,Rail transport delay impacted delivery timeline. Reported at Delhi facility during shift 1.,Open,Kolkata,rail transport delay impact delivery timeline report delhi facility shift
2792,Inventory Shortage,Medium,Inventory reservation conflict identified. Reported at Pune facility during shift 1.,Resolved,Pune,inventory reservation conflict identify report pune facility shift
2793,Transportation Failure,Medium,Transport route disruption due to road closure. Reported at Bengaluru facility during shift 1.,Resolved,Hyderabad,transport route disruption due road closure report bengaluru facility shift
2794,Damaged Goods,Critical,Shipment contents damaged in transit. Reported at Chennai facility during shift 3.,Resolved,Pune,shipment content damage transit report chennai facility shift
2795,Shipment Delay,Medium,Port congestion delayed shipment arrival. Reported at Kolkata facility during shift 2.,Open,Kolkata,port congestion delay shipment arrival report kolkata facility shift
2796,Damaged Goods,Medium,Shipment contents damaged in transit. Reported at Chennai facility during shift 1.,Resolved,Hyderabad,shipment content damage transit report chennai facility shift
2797,Warehouse Issue,Medium,Picking error occurred in warehouse. Reported at Kolkata facility during shift 2.,Open,Ahmedabad,pick error occur warehouse report kolkata facility shift
2798,Customs Issue,Medium,Shipment selected for random inspection. Reported at Ahmedabad facility during shift 3.,Open,Mumbai,shipment select random inspection report ahmedabad facility shift
2799,Shipment Delay,Low,Holiday demand surge caused shipping delays. Reported at Delhi facility during shift 3.,In Progress,Delhi,holiday demand surge cause ship delay report delhi facility shift
2800,Shipment Delay,Medium,Shipment rerouted causing additional transit time. Reported at Bengaluru facility during shift 2.,In Progress,Delhi,shipment rerouted cause additional transit time report bengaluru facility shift
2801,Documentation Error,High,Labeling information did not match shipment. Reported at Pune facility during shift 3.,Resolved,Ahmedabad,label information match shipment report pune facility shift
2802,Inventory Shortage,High,Unexpected order spike exhausted stock. Reported at Kolkata facility during shift 1.,Resolved,Bengaluru,unexpected order spike exhaust stock report kolkata facility shift
2803,Shipment Delay,Medium,Holiday demand surge caused shipping delays. Reported at Delhi facility during shift 3.,In Progress,Kolkata,holiday demand surge cause ship delay report delhi facility shift
2804,Shipment Delay,High,Container missed connecting vessel. Reported at Bengaluru facility during shift 3.,Resolved,Chennai,container miss connect vessel report bengaluru facility shift
2805,Transportation Failure,Medium,Third-party carrier cancelled shipment booking. Reported at Kolkata facility during shift 2.,Open,Ahmedabad,thirdparty carrier cancel shipment book report kolkata facility shift
2806,Transportation Failure,High,Equipment malfunction impacted transport operations. Reported at Chennai facility during shift 2.,In Progress,Bengaluru,equipment malfunction impact transport operations report chennai facility shift
2807,Transportation Failure,Medium,Transportation vendor system outage reported. Reported at Delhi facility during shift 1.,Open,Kolkata,transportation vendor system outage report report delhi facility shift
2808,Documentation Error,High,Customs paperwork contained errors. Reported at Mumbai facility during shift 3.,Open,Bengaluru,customs paperwork contain errors report mumbai facility shift
2809,Customs Issue,Low,Customs requested additional documentation. Reported at Pune facility during shift 3.,In Progress,Pune,customs request additional documentation report pune facility shift
2810,Shipment Delay,Critical,Driver shortage affected transportation schedule. Reported at Pune facility during shift 3.,Open,Hyderabad,driver shortage affect transportation schedule report pune facility shift
2811,Transportation Failure,Low,Route planning error delayed movement. Reported at Delhi facility during shift 3.,Resolved,Delhi,route plan error delay movement report delhi facility shift
2812,Shipment Delay,Medium,Rail transport delay impacted delivery timeline. Reported at Delhi facility during shift 2.,In Progress,Chennai,rail transport delay impact delivery timeline report delhi facility shift
2813,Documentation Error,Medium,Documentation approval pending correction. Reported at Hyderabad facility during shift 1.,Resolved,Hyderabad,documentation approval pending correction report hyderabad facility shift
2814,Warehouse Issue,Low,Inventory misplaced within storage area. Reported at Chennai facility during shift 1.,Open,Pune,inventory misplace within storage area report chennai facility shift
2815,Warehouse Issue,High,Warehouse stock mismatch identified. Reported at Bengaluru facility during shift 3.,In Progress,Hyderabad,warehouse stock mismatch identify report bengaluru facility shift
2816,Documentation Error,High,Required compliance document missing. Reported at Delhi facility during shift 2.,In Progress,Mumbai,require compliance document miss report delhi facility shift
2817,Customs Issue,Medium,Customs clearance process delayed. Reported at Hyderabad facility during shift 2.,Resolved,Ahmedabad,customs clearance process delay report hyderabad facility shift
2818,Warehouse Issue,Medium,Space constraint affected storage operations. Reported at Chennai facility during shift 3.,Open,Pune,space constraint affect storage operations report chennai facility shift
2819,Inventory Shortage,Medium,Demand exceeded available stock levels. Reported at Kolkata facility during shift 2.,Open,Delhi,demand exceed available stock level report kolkata facility shift
2820,Shipment Delay,Medium,Mechanical failure delayed freight movement. Reported at Ahmedabad facility during shift 2.,Open,Mumbai,mechanical failure delay freight movement report ahmedabad facility shift
2821,Customs Issue,Medium,Customs valuation dispute identified. Reported at Ahmedabad facility during shift 2.,In Progress,Kolkata,customs valuation dispute identify report ahmedabad facility shift
2822,Documentation Error,Medium,Customs paperwork contained errors. Reported at Kolkata facility during shift 3.,Open,Delhi,customs paperwork contain errors report kolkata facility shift
2823,Damaged Goods,Critical,Temperature excursion affected product quality. Reported at Bengaluru facility during shift 2.,Open,Pune,temperature excursion affect product quality report bengaluru facility shift
2824,Customs Issue,Medium,Shipment flagged for compliance audit. Reported at Chennai facility during shift 2.,Resolved,Bengaluru,shipment flag compliance audit report chennai facility shift
2825,Damaged Goods,Medium,Package damaged during transportation. Reported at Hyderabad facility during shift 1.,In Progress,Kolkata,package damage transportation report hyderabad facility shift
2826,Transportation Failure,Medium,Equipment malfunction impacted transport operations. Reported at Pune facility during shift 3.,Open,Chennai,equipment malfunction impact transport operations report pune facility shift
2827,Customs Issue,High,Customs clearance process delayed. Reported at Delhi facility during shift 2.,Open,Pune,customs clearance process delay report delhi facility shift
2828,Warehouse Issue,Low,Receiving delay impacted warehouse operations. Reported at Hyderabad facility during shift 2.,Resolved,Kolkata,receive delay impact warehouse operations report hyderabad facility shift
2829,Transportation Failure,Low,Route planning error delayed movement. Reported at Kolkata facility during shift 1.,Resolved,Hyderabad,route plan error delay movement report kolkata facility shift
2830,Inventory Shortage,Critical,Raw material shortage impacted production. Reported at Bengaluru facility during shift 3.,Resolved,Hyderabad,raw material shortage impact production report bengaluru facility shift
2831,Warehouse Issue,Medium,Order picking queue exceeded capacity. Reported at Bengaluru facility during shift 1.,Resolved,Mumbai,order pick queue exceed capacity report bengaluru facility shift
2832,Damaged Goods,Low,Pallet collapse resulted in product damage. Reported at Delhi facility during shift 2.,Resolved,Pune,pallet collapse result product damage report delhi facility shift
2833,Inventory Shortage,Critical,Backordered items unavailable for dispatch. Reported at Pune facility during shift 3.,In Progress,Delhi,backordered items unavailable dispatch report pune facility shift
2834,Damaged Goods,Low,Pallet collapse resulted in product damage. Reported at Delhi facility during shift 3.,Resolved,Bengaluru,pallet collapse result product damage report delhi facility shift
2835,Warehouse Issue,Medium,Put-away process delayed inventory availability. Reported at Bengaluru facility during shift 2.,Resolved,Pune,putaway process delay inventory availability report bengaluru facility shift
2836,Shipment Delay,High,Unexpected weather conditions slowed transportation. Reported at Mumbai facility during shift 3.,In Progress,Pune,unexpected weather condition slow transportation report mumbai facility shift
2837,Shipment Delay,Low,Shipment rerouted causing additional transit time. Reported at Ahmedabad facility during shift 3.,In Progress,Pune,shipment rerouted cause additional transit time report ahmedabad facility shift
2838,Shipment Delay,High,Rail transport delay impacted delivery timeline. Reported at Pune facility during shift 2.,In Progress,Hyderabad,rail transport delay impact delivery timeline report pune facility shift
2839,Inventory Shortage,Medium,Warehouse stock shortage detected. Reported at Bengaluru facility during shift 2.,Open,Mumbai,warehouse stock shortage detect report bengaluru facility shift
2840,Warehouse Issue,Medium,Picking error occurred in warehouse. Reported at Ahmedabad facility during shift 3.,Open,Bengaluru,pick error occur warehouse report ahmedabad facility shift
2841,Documentation Error,Low,Manifest information incomplete. Reported at Pune facility during shift 3.,Open,Mumbai,manifest information incomplete report pune facility shift
2842,Warehouse Issue,Medium,Receiving delay impacted warehouse operations. Reported at Bengaluru facility during shift 2.,In Progress,Hyderabad,receive delay impact warehouse operations report bengaluru facility shift
2843,Transportation Failure,Low,Transport route disruption due to road closure. Reported at Pune facility during shift 2.,Open,Delhi,transport route disruption due road closure report pune facility shift
2844,Damaged Goods,Medium,Container impact damaged shipment contents. Reported at Bengaluru facility during shift 2.,Resolved,Mumbai,container impact damage shipment content report bengaluru facility shift
2845,Inventory Shortage,High,Unexpected order spike exhausted stock. Reported at Kolkata facility during shift 2.,Open,Chennai,unexpected order spike exhaust stock report kolkata facility shift
2846,Documentation Error,High,Required compliance document missing. Reported at Delhi facility during shift 3.,Open,Hyderabad,require compliance document miss report delhi facility shift
2847,Warehouse Issue,High,Space constraint affected storage operations. Reported at Mumbai facility during shift 1.,Open,Ahmedabad,space constraint affect storage operations report mumbai facility shift
2848,Transportation Failure,Medium,Route planning error delayed movement. Reported at Mumbai facility during shift 3.,In Progress,Chennai,route plan error delay movement report mumbai facility shift
2849,Documentation Error,Low,Data entry error impacted shipment records. Reported at Delhi facility during shift 2.,In Progress,Delhi,data entry error impact shipment record report delhi facility shift
2850,Inventory Shortage,Low,Inventory reservation conflict identified. Reported at Pune facility during shift 2.,Open,Pune,inventory reservation conflict identify report pune facility shift
2851,Documentation Error,Low,Invoice value discrepancy identified. Reported at Kolkata facility during shift 2.,In Progress,Kolkata,invoice value discrepancy identify report kolkata facility shift
2852,Warehouse Issue,Medium,Space constraint affected storage operations. Reported at Ahmedabad facility during shift 3.,In Progress,Delhi,space constraint affect storage operations report ahmedabad facility shift
2853,Inventory Shortage,Medium,Inventory forecast underestimated demand. Reported at Pune facility during shift 3.,Resolved,Hyderabad,inventory forecast underestimate demand report pune facility shift
2854,Documentation Error,Medium,Missing certificate delayed shipment release. Reported at Pune facility during shift 3.,In Progress,Pune,miss certificate delay shipment release report pune facility shift
2855,Warehouse Issue,Medium,Put-away process delayed inventory availability. Reported at Hyderabad facility during shift 1.,In Progress,Mumbai,putaway process delay inventory availability report hyderabad facility shift
2856,Shipment Delay,Low,Driver shortage affected transportation schedule. Reported at Kolkata facility during shift 2.,Open,Chennai,driver shortage affect transportation schedule report kolkata facility shift
2857,Shipment Delay,Medium,Port congestion delayed shipment arrival. Reported at Hyderabad facility during shift 2.,Resolved,Bengaluru,port congestion delay shipment arrival report hyderabad facility shift
2858,Shipment Delay,High,Unexpected weather conditions slowed transportation. Reported at Delhi facility during shift 3.,Open,Pune,unexpected weather condition slow transportation report delhi facility shift
2859,Warehouse Issue,Low,Receiving delay impacted warehouse operations. Reported at Mumbai facility during shift 1.,In Progress,Ahmedabad,receive delay impact warehouse operations report mumbai facility shift
2860,Shipment Delay,Medium,Cargo loading completed behind schedule. Reported at Bengaluru facility during shift 3.,Resolved,Delhi,cargo load complete behind schedule report bengaluru facility shift
2861,Customs Issue,Low,Customs clearance process delayed. Reported at Hyderabad facility during shift 2.,Resolved,Kolkata,customs clearance process delay report hyderabad facility shift
2862,Transportation Failure,Medium,Route planning error delayed movement. Reported at Ahmedabad facility during shift 1.,Resolved,Bengaluru,route plan error delay movement report ahmedabad facility shift
2863,Transportation Failure,Critical,Fleet utilization exceeded available capacity. Reported at Ahmedabad facility during shift 3.,Resolved,Kolkata,fleet utilization exceed available capacity report ahmedabad facility shift
2864,Inventory Shortage,Medium,Procurement delay affected inventory availability. Reported at Chennai facility during shift 1.,Resolved,Delhi,procurement delay affect inventory availability report chennai facility shift
2865,Damaged Goods,Medium,Shipment contents damaged in transit. Reported at Bengaluru facility during shift 1.,Open,Mumbai,shipment content damage transit report bengaluru facility shift
2866,Customs Issue,Low,Import documentation under review. Reported at Bengaluru facility during shift 1.,Resolved,Delhi,import documentation review report bengaluru facility shift
2867,Warehouse Issue,Medium,Dock congestion slowed warehouse throughput. Reported at Chennai facility during shift 3.,Open,Chennai,dock congestion slow warehouse throughput report chennai facility shift
2868,Transportation Failure,Medium,Equipment malfunction impacted transport operations. Reported at Chennai facility during shift 1.,In Progress,Hyderabad,equipment malfunction impact transport operations report chennai facility shift
2869,Transportation Failure,Medium,Carrier failed to pick up shipment. Reported at Bengaluru facility during shift 3.,In Progress,Chennai,carrier fail pick shipment report bengaluru facility shift
2870,Documentation Error,Medium,Customs paperwork contained errors. Reported at Ahmedabad facility during shift 2.,Open,Ahmedabad,customs paperwork contain errors report ahmedabad facility shift
2871,Inventory Shortage,Medium,Unexpected order spike exhausted stock. Reported at Delhi facility during shift 2.,In Progress,Hyderabad,unexpected order spike exhaust stock report delhi facility shift
2872,Customs Issue,Low,Customs requested additional documentation. Reported at Hyderabad facility during shift 2.,Open,Chennai,customs request additional documentation report hyderabad facility shift
2873,Damaged Goods,High,Goods arrived with visible damage. Reported at Mumbai facility during shift 3.,Resolved,Ahmedabad,goods arrive visible damage report mumbai facility shift
2874,Transportation Failure,Low,Trailer availability issue delayed dispatch. Reported at Bengaluru facility during shift 3.,Open,Delhi,trailer availability issue delay dispatch report bengaluru facility shift
2875,Customs Issue,Medium,Import permit approval pending. Reported at Mumbai facility during shift 3.,Open,Ahmedabad,import permit approval pending report mumbai facility shift
2876,Customs Issue,High,Border inspection extended shipment hold. Reported at Bengaluru facility during shift 2.,Resolved,Bengaluru,border inspection extend shipment hold report bengaluru facility shift
2877,Documentation Error,Medium,Missing certificate delayed shipment release. Reported at Delhi facility during shift 1.,Open,Delhi,miss certificate delay shipment release report delhi facility shift
2878,Documentation Error,Medium,Documentation approval pending correction. Reported at Bengaluru facility during shift 3.,Open,Mumbai,documentation approval pending correction report bengaluru facility shift
2879,Customs Issue,High,Tariff classification review in progress. Reported at Pune facility during shift 3.,Open,Hyderabad,tariff classification review progress report pune facility shift
2880,Inventory Shortage,High,Backordered items unavailable for dispatch. Reported at Delhi facility during shift 1.,In Progress,Pune,backordered items unavailable dispatch report delhi facility shift
2881,Customs Issue,Medium,Border inspection extended shipment hold. Reported at Bengaluru facility during shift 2.,In Progress,Hyderabad,border inspection extend shipment hold report bengaluru facility shift
2882,Transportation Failure,Medium,Transport route disruption due to road closure. Reported at Ahmedabad facility during shift 3.,Resolved,Ahmedabad,transport route disruption due road closure report ahmedabad facility shift
2883,Inventory Shortage,Low,Inventory replenishment delayed. Reported at Kolkata facility during shift 2.,Open,Pune,inventory replenishment delay report kolkata facility shift
2884,Damaged Goods,High,Transit vibration caused product defects. Reported at Hyderabad facility during shift 3.,In Progress,Mumbai,transit vibration cause product defect report hyderabad facility shift
2885,Inventory Shortage,High,Warehouse unable to fulfill requested quantity. Reported at Ahmedabad facility during shift 3.,Resolved,Ahmedabad,warehouse unable fulfill request quantity report ahmedabad facility shift
2886,Shipment Delay,Low,Port congestion delayed shipment arrival. Reported at Delhi facility during shift 2.,Open,Pune,port congestion delay shipment arrival report delhi facility shift
2887,Inventory Shortage,Critical,Raw material shortage impacted production. Reported at Ahmedabad facility during shift 3.,Resolved,Mumbai,raw material shortage impact production report ahmedabad facility shift
2888,Inventory Shortage,Medium,Inventory forecast underestimated demand. Reported at Pune facility during shift 1.,Resolved,Bengaluru,inventory forecast underestimate demand report pune facility shift
2889,Inventory Shortage,High,Inventory replenishment delayed. Reported at Chennai facility during shift 3.,Open,Delhi,inventory replenishment delay report chennai facility shift
2890,Warehouse Issue,High,Receiving delay impacted warehouse operations. Reported at Kolkata facility during shift 3.,Open,Bengaluru,receive delay impact warehouse operations report kolkata facility shift
2891,Inventory Shortage,High,Warehouse stock shortage detected. Reported at Chennai facility during shift 2.,In Progress,Ahmedabad,warehouse stock shortage detect report chennai facility shift
2892,Documentation Error,Medium,Labeling information did not match shipment. Reported at Ahmedabad facility during shift 2.,Resolved,Pune,label information match shipment report ahmedabad facility shift
2893,Customs Issue,Low,Shipment flagged for compliance audit. Reported at Pune facility during shift 1.,Resolved,Kolkata,shipment flag compliance audit report pune facility shift
2894,Shipment Delay,Low,Driver shortage affected transportation schedule. Reported at Chennai facility during shift 1.,In Progress,Bengaluru,driver shortage affect transportation schedule report chennai facility shift
2895,Transportation Failure,High,Accident blocked scheduled delivery route. Reported at Mumbai facility during shift 3.,Resolved,Pune,accident block schedule delivery route report mumbai facility shift
2896,Shipment Delay,High,Last-mile delivery partner unavailable. Reported at Mumbai facility during shift 2.,Open,Bengaluru,lastmile delivery partner unavailable report mumbai facility shift
2897,Warehouse Issue,High,Put-away process delayed inventory availability. Reported at Mumbai facility during shift 1.,Resolved,Delhi,putaway process delay inventory availability report mumbai facility shift
2898,Warehouse Issue,Low,Order consolidation process delayed shipment. Reported at Pune facility during shift 3.,In Progress,Bengaluru,order consolidation process delay shipment report pune facility shift
2899,Transportation Failure,Medium,Vehicle maintenance issue halted delivery. Reported at Bengaluru facility during shift 1.,Open,Chennai,vehicle maintenance issue halt delivery report bengaluru facility shift
2900,Documentation Error,Low,Purchase order details inconsistent. Reported at Ahmedabad facility during shift 1.,Resolved,Ahmedabad,purchase order detail inconsistent report ahmedabad facility shift
2901,Shipment Delay,Medium,Rail transport delay impacted delivery timeline. Reported at Mumbai facility during shift 1.,Resolved,Delhi,rail transport delay impact delivery timeline report mumbai facility shift
2902,Customs Issue,Low,Import documentation under review. Reported at Mumbai facility during shift 1.,Resolved,Ahmedabad,import documentation review report mumbai facility shift
2903,Transportation Failure,Low,Fleet utilization exceeded available capacity. Reported at Delhi facility during shift 1.,Resolved,Mumbai,fleet utilization exceed available capacity report delhi facility shift
2904,Shipment Delay,Low,Truck breakdown caused delivery delay. Reported at Kolkata facility during shift 2.,Open,Chennai,truck breakdown cause delivery delay report kolkata facility shift
2905,Shipment Delay,Low,Rail transport delay impacted delivery timeline. Reported at Chennai facility during shift 2.,In Progress,Ahmedabad,rail transport delay impact delivery timeline report chennai facility shift
2906,Inventory Shortage,Low,Demand exceeded available stock levels. Reported at Bengaluru facility during shift 1.,Open,Kolkata,demand exceed available stock level report bengaluru facility shift
2907,Transportation Failure,Low,Driver unavailable for scheduled route. Reported at Bengaluru facility during shift 3.,Open,Ahmedabad,driver unavailable schedule route report bengaluru facility shift
2908,Customs Issue,Low,Country-specific restriction affected import. Reported at Hyderabad facility during shift 3.,In Progress,Delhi,countryspecific restriction affect import report hyderabad facility shift
2909,Shipment Delay,High,Truck breakdown caused delivery delay. Reported at Hyderabad facility during shift 1.,Resolved,Kolkata,truck breakdown cause delivery delay report hyderabad facility shift
2910,Customs Issue,High,Shipment flagged for compliance audit. Reported at Delhi facility during shift 2.,Resolved,Pune,shipment flag compliance audit report delhi facility shift
2911,Inventory Shortage,Low,Inventory replenishment delayed. Reported at Hyderabad facility during shift 2.,Resolved,Bengaluru,inventory replenishment delay report hyderabad facility shift
2912,Customs Issue,High,Trade compliance review delayed processing. Reported at Pune facility during shift 2.,Open,Chennai,trade compliance review delay process report pune facility shift
2913,Warehouse Issue,Medium,Order consolidation process delayed shipment. Reported at Bengaluru facility during shift 3.,Resolved,Pune,order consolidation process delay shipment report bengaluru facility shift
2914,Inventory Shortage,High,Unexpected order spike exhausted stock. Reported at Ahmedabad facility during shift 1.,Open,Ahmedabad,unexpected order spike exhaust stock report ahmedabad facility shift
2915,Shipment Delay,Medium,Port congestion delayed shipment arrival. Reported at Hyderabad facility during shift 1.,In Progress,Pune,port congestion delay shipment arrival report hyderabad facility shift
2916,Documentation Error,High,Incorrect consignee information provided. Reported at Kolkata facility during shift 2.,Open,Bengaluru,incorrect consignee information provide report kolkata facility shift
2917,Warehouse Issue,High,Warehouse stock mismatch identified. Reported at Hyderabad facility during shift 1.,Open,Chennai,warehouse stock mismatch identify report hyderabad facility shift
2918,Inventory Shortage,Low,Inventory forecast underestimated demand. Reported at Chennai facility during shift 2.,Resolved,Delhi,inventory forecast underestimate demand report chennai facility shift
2919,Transportation Failure,Low,Logistics partner experienced operational failure. Reported at Ahmedabad facility during shift 2.,Resolved,Chennai,logistics partner experience operational failure report ahmedabad facility shift
2920,Transportation Failure,Medium,Equipment malfunction impacted transport operations. Reported at Mumbai facility during shift 2.,Resolved,Chennai,equipment malfunction impact transport operations report mumbai facility shift
2921,Transportation Failure,High,Logistics partner experienced operational failure. Reported at Delhi facility during shift 1.,Resolved,Mumbai,logistics partner experience operational failure report delhi facility shift
2922,Damaged Goods,High,Water exposure damaged packaged goods. Reported at Hyderabad facility during shift 1.,Resolved,Chennai,water exposure damage package goods report hyderabad facility shift
2923,Inventory Shortage,Low,Procurement delay affected inventory availability. Reported at Hyderabad facility during shift 1.,Open,Chennai,procurement delay affect inventory availability report hyderabad facility shift
2924,Documentation Error,Medium,Incorrect consignee information provided. Reported at Kolkata facility during shift 2.,Resolved,Ahmedabad,incorrect consignee information provide report kolkata facility shift
2925,Damaged Goods,Low,Pallet collapse resulted in product damage. Reported at Hyderabad facility during shift 3.,In Progress,Pune,pallet collapse result product damage report hyderabad facility shift
2926,Damaged Goods,Critical,Shipment contents damaged in transit. Reported at Kolkata facility during shift 1.,In Progress,Ahmedabad,shipment content damage transit report kolkata facility shift
2927,Warehouse Issue,Medium,Picking error occurred in warehouse. Reported at Delhi facility during shift 2.,Open,Mumbai,pick error occur warehouse report delhi facility shift
2928,Shipment Delay,High,Cargo loading completed behind schedule. Reported at Chennai facility during shift 1.,Resolved,Mumbai,cargo load complete behind schedule report chennai facility shift
2929,Shipment Delay,High,Unexpected weather conditions slowed transportation. Reported at Chennai facility during shift 3.,Resolved,Bengaluru,unexpected weather condition slow transportation report chennai facility shift
2930,Shipment Delay,High,Last-mile delivery partner unavailable. Reported at Kolkata facility during shift 2.,Open,Ahmedabad,lastmile delivery partner unavailable report kolkata facility shift
2931,Inventory Shortage,Low,Supplier delay created inventory gap. Reported at Chennai facility during shift 3.,Open,Pune,supplier delay create inventory gap report chennai facility shift
2932,Transportation Failure,Low,Transport route disruption due to road closure. Reported at Delhi facility during shift 3.,Resolved,Mumbai,transport route disruption due road closure report delhi facility shift
2933,Damaged Goods,Low,Packaging failure led to damaged products. Reported at Chennai facility during shift 2.,Resolved,Chennai,package failure lead damage products report chennai facility shift
2934,Transportation Failure,Low,Fleet utilization exceeded available capacity. Reported at Mumbai facility during shift 1.,Resolved,Bengaluru,fleet utilization exceed available capacity report mumbai facility shift
2935,Damaged Goods,Medium,Product packaging torn during loading. Reported at Chennai facility during shift 2.,Resolved,Hyderabad,product package tear load report chennai facility shift
2936,Transportation Failure,Low,Vehicle maintenance issue halted delivery. Reported at Bengaluru facility during shift 2.,Resolved,Bengaluru,vehicle maintenance issue halt delivery report bengaluru facility shift
2937,Shipment Delay,Medium,Shipment delayed due to customs inspection. Reported at Kolkata facility during shift 1.,Resolved,Pune,shipment delay due customs inspection report kolkata facility shift
2938,Transportation Failure,Low,Fuel supply issue interrupted transportation. Reported at Kolkata facility during shift 3.,Open,Bengaluru,fuel supply issue interrupt transportation report kolkata facility shift
2939,Shipment Delay,Low,Cargo loading completed behind schedule. Reported at Chennai facility during shift 2.,Resolved,Bengaluru,cargo load complete behind schedule report chennai facility shift
2940,Documentation Error,Critical,Purchase order details inconsistent. Reported at Delhi facility during shift 2.,In Progress,Kolkata,purchase order detail inconsistent report delhi facility shift
2941,Transportation Failure,Medium,Transportation network disruption reported. Reported at Delhi facility during shift 1.,Open,Bengaluru,transportation network disruption report report delhi facility shift
2942,Warehouse Issue,Low,Storage location information incorrect. Reported at Ahmedabad facility during shift 1.,In Progress,Kolkata,storage location information incorrect report ahmedabad facility shift
2943,Transportation Failure,Critical,Fuel supply issue interrupted transportation. Reported at Mumbai facility during shift 2.,Resolved,Chennai,fuel supply issue interrupt transportation report mumbai facility shift
2944,Warehouse Issue,Medium,Picking error occurred in warehouse. Reported at Mumbai facility during shift 1.,In Progress,Ahmedabad,pick error occur warehouse report mumbai facility shift
2945,Shipment Delay,Low,Mechanical failure delayed freight movement. Reported at Hyderabad facility during shift 1.,Resolved,Hyderabad,mechanical failure delay freight movement report hyderabad facility shift
2946,Documentation Error,Medium,Bill of lading information mismatch detected. Reported at Mumbai facility during shift 3.,Resolved,Hyderabad,bill lade information mismatch detect report mumbai facility shift
2947,Documentation Error,Medium,Incorrect shipping documentation submitted. Reported at Pune facility during shift 1.,Resolved,Mumbai,incorrect ship documentation submit report pune facility shift
2948,Damaged Goods,Low,Warehouse accident damaged stored inventory. Reported at Delhi facility during shift 1.,Resolved,Chennai,warehouse accident damage store inventory report delhi facility shift
2949,Warehouse Issue,High,Cycle count discrepancy identified. Reported at Hyderabad facility during shift 3.,In Progress,Kolkata,cycle count discrepancy identify report hyderabad facility shift
2950,Warehouse Issue,Low,Cycle count discrepancy identified. Reported at Ahmedabad facility during shift 3.,Open,Bengaluru,cycle count discrepancy identify report ahmedabad facility shift
2951,Transportation Failure,Low,Route planning error delayed movement. Reported at Ahmedabad facility during shift 3.,In Progress,Kolkata,route plan error delay movement report ahmedabad facility shift
2952,Documentation Error,Medium,Labeling information did not match shipment. Reported at Hyderabad facility during shift 1.,In Progress,Mumbai,label information match shipment report hyderabad facility shift
2953,Inventory Shortage,Critical,Demand exceeded available stock levels. Reported at Ahmedabad facility during shift 2.,In Progress,Ahmedabad,demand exceed available stock level report ahmedabad facility shift
2954,Documentation Error,High,Required compliance document missing. Reported at Bengaluru facility during shift 1.,In Progress,Kolkata,require compliance document miss report bengaluru facility shift
2955,Inventory Shortage,Medium,Demand exceeded available stock levels. Reported at Hyderabad facility during shift 3.,Open,Ahmedabad,demand exceed available stock level report hyderabad facility shift
2956,Warehouse Issue,High,Warehouse stock mismatch identified. Reported at Mumbai facility during shift 3.,In Progress,Delhi,warehouse stock mismatch identify report mumbai facility shift
2957,Transportation Failure,Low,Transportation network disruption reported. Reported at Delhi facility during shift 1.,Open,Ahmedabad,transportation network disruption report report delhi facility shift
2958,Warehouse Issue,Low,Order consolidation process delayed shipment. Reported at Delhi facility during shift 1.,Open,Delhi,order consolidation process delay shipment report delhi facility shift
2959,Customs Issue,High,Customs valuation dispute identified. Reported at Chennai facility during shift 3.,Resolved,Hyderabad,customs valuation dispute identify report chennai facility shift
2960,Shipment Delay,Medium,Holiday demand surge caused shipping delays. Reported at Mumbai facility during shift 1.,Resolved,Ahmedabad,holiday demand surge cause ship delay report mumbai facility shift
2961,Inventory Shortage,Critical,Warehouse unable to fulfill requested quantity. Reported at Mumbai facility during shift 1.,Open,Hyderabad,warehouse unable fulfill request quantity report mumbai facility shift
2962,Customs Issue,Critical,Shipment flagged for compliance audit. Reported at Chennai facility during shift 1.,In Progress,Hyderabad,shipment flag compliance audit report chennai facility shift
2963,Damaged Goods,High,Temperature excursion affected product quality. Reported at Delhi facility during shift 1.,In Progress,Pune,temperature excursion affect product quality report delhi facility shift
2964,Documentation Error,Critical,Labeling information did not match shipment. Reported at Bengaluru facility during shift 3.,Resolved,Pune,label information match shipment report bengaluru facility shift
2965,Transportation Failure,Low,Trailer availability issue delayed dispatch. Reported at Chennai facility during shift 3.,Open,Hyderabad,trailer availability issue delay dispatch report chennai facility shift
2966,Documentation Error,Medium,Incorrect shipping documentation submitted. Reported at Kolkata facility during shift 2.,Resolved,Mumbai,incorrect ship documentation submit report kolkata facility shift
2967,Warehouse Issue,Medium,Warehouse staffing shortage reported. Reported at Delhi facility during shift 1.,Open,Hyderabad,warehouse staff shortage report report delhi facility shift
2968,Documentation Error,Medium,Purchase order details inconsistent. Reported at Mumbai facility during shift 3.,Open,Ahmedabad,purchase order detail inconsistent report mumbai facility shift
2969,Customs Issue,Medium,Trade compliance review delayed processing. Reported at Hyderabad facility during shift 1.,In Progress,Delhi,trade compliance review delay process report hyderabad facility shift
2970,Transportation Failure,Critical,Equipment malfunction impacted transport operations. Reported at Kolkata facility during shift 3.,Resolved,Ahmedabad,equipment malfunction impact transport operations report kolkata facility shift
2971,Customs Issue,Low,Customs valuation dispute identified. Reported at Chennai facility during shift 2.,In Progress,Bengaluru,customs valuation dispute identify report chennai facility shift
2972,Customs Issue,High,Customs clearance process delayed. Reported at Hyderabad facility during shift 1.,In Progress,Mumbai,customs clearance process delay report hyderabad facility shift
2973,Damaged Goods,High,Pallet collapse resulted in product damage. Reported at Chennai facility during shift 2.,Resolved,Bengaluru,pallet collapse result product damage report chennai facility shift
2974,Inventory Shortage,High,Inventory forecast underestimated demand. Reported at Hyderabad facility during shift 3.,Resolved,Bengaluru,inventory forecast underestimate demand report hyderabad facility shift
2975,Damaged Goods,Low,Packaging failure led to damaged products. Reported at Kolkata facility during shift 2.,In Progress,Kolkata,package failure lead damage products report kolkata facility shift
2976,Inventory Shortage,Critical,Stockout occurred at fulfillment center. Reported at Chennai facility during shift 3.,Resolved,Hyderabad,stockout occur fulfillment center report chennai facility shift
2977,Warehouse Issue,Medium,Cycle count discrepancy identified. Reported at Kolkata facility during shift 2.,Resolved,Hyderabad,cycle count discrepancy identify report kolkata facility shift
2978,Documentation Error,Medium,Purchase order details inconsistent. Reported at Chennai facility during shift 2.,In Progress,Delhi,purchase order detail inconsistent report chennai facility shift
2979,Shipment Delay,Medium,Last-mile delivery partner unavailable. Reported at Chennai facility during shift 1.,Open,Kolkata,lastmile delivery partner unavailable report chennai facility shift
2980,Inventory Shortage,High,Inventory replenishment delayed. Reported at Pune facility during shift 3.,Resolved,Kolkata,inventory replenishment delay report pune facility shift
2981,Damaged Goods,Medium,Temperature excursion affected product quality. Reported at Delhi facility during shift 1.,Resolved,Bengaluru,temperature excursion affect product quality report delhi facility shift
2982,Damaged Goods,Medium,Temperature excursion affected product quality. Reported at Kolkata facility during shift 3.,Open,Chennai,temperature excursion affect product quality report kolkata facility shift
2983,Transportation Failure,Medium,Carrier failed to pick up shipment. Reported at Hyderabad facility during shift 2.,Resolved,Ahmedabad,carrier fail pick shipment report hyderabad facility shift
2984,Documentation Error,Low,Documentation approval pending correction. Reported at Mumbai facility during shift 2.,Open,Mumbai,documentation approval pending correction report mumbai facility shift
2985,Damaged Goods,Medium,Product packaging torn during loading. Reported at Bengaluru facility during shift 1.,Resolved,Bengaluru,product package tear load report bengaluru facility shift
2986,Damaged Goods,High,Fragile goods mishandled during unloading. Reported at Delhi facility during shift 1.,Open,Bengaluru,fragile goods mishandle unload report delhi facility shift
2987,Inventory Shortage,Medium,Inventory forecast underestimated demand. Reported at Kolkata facility during shift 1.,Open,Chennai,inventory forecast underestimate demand report kolkata facility shift
2988,Damaged Goods,Medium,Water exposure damaged packaged goods. Reported at Mumbai facility during shift 2.,Resolved,Chennai,water exposure damage package goods report mumbai facility shift
2989,Inventory Shortage,Medium,Safety stock threshold breached. Reported at Hyderabad facility during shift 2.,In Progress,Mumbai,safety stock threshold breach report hyderabad facility shift
2990,Documentation Error,Medium,Missing invoice delayed processing. Reported at Kolkata facility during shift 2.,Open,Hyderabad,miss invoice delay process report kolkata facility shift
2991,Damaged Goods,High,Package damaged during transportation. Reported at Kolkata facility during shift 2.,In Progress,Ahmedabad,package damage transportation report kolkata facility shift
2992,Customs Issue,Low,Customs clearance process delayed. Reported at Delhi facility during shift 3.,Resolved,Chennai,customs clearance process delay report delhi facility shift
2993,Documentation Error,Medium,Labeling information did not match shipment. Reported at Chennai facility during shift 2.,Resolved,Delhi,label information match shipment report chennai facility shift
2994,Shipment Delay,Low,Carrier scheduling issue caused shipment delay. Reported at Mumbai facility during shift 2.,Resolved,Mumbai,carrier schedule issue cause shipment delay report mumbai facility shift
2995,Warehouse Issue,Low,Warehouse processing backlog reported. Reported at Pune facility during shift 3.,In Progress,Kolkata,warehouse process backlog report report pune facility shift
2996,Damaged Goods,Medium,Temperature excursion affected product quality. Reported at Kolkata facility during shift 3.,Resolved,Bengaluru,temperature excursion affect product quality report kolkata facility shift
2997,Customs Issue,Medium,Border security inspection caused delay. Reported at Kolkata facility during shift 3.,In Progress,Hyderabad,border security inspection cause delay report kolkata facility shift
2998,Documentation Error,High,Purchase order details inconsistent. Reported at Hyderabad facility during shift 3.,Open,Pune,purchase order detail inconsistent report hyderabad facility shift
2999,Damaged Goods,High,Container impact damaged shipment contents. Reported at Hyderabad facility during shift 2.,Open,Mumbai,container impact damage shipment content report hyderabad facility shift
3000,Shipment Delay,Medium,Rail transport delay impacted delivery timeline. Reported at Delhi facility during shift 3.,Open,Chennai,rail transport delay impact delivery timeline report delhi facility shift
3001,Warehouse Issue,Low,Dock congestion slowed warehouse throughput. Reported at Ahmedabad facility during shift 2.,In Progress,Chennai,dock congestion slow warehouse throughput report ahmedabad facility shift
3002,Damaged Goods,Low,Product packaging torn during loading. Reported at Mumbai facility during shift 2.,Resolved,Chennai,product package tear load report mumbai facility shift
3003,Inventory Shortage,Medium,Inventory reservation conflict identified. Reported at Kolkata facility during shift 1.,Open,Kolkata,inventory reservation conflict identify report kolkata facility shift
3004,Customs Issue,Medium,Customs valuation dispute identified. Reported at Delhi facility during shift 1.,In Progress,Pune,customs valuation dispute identify report delhi facility shift
3005,Damaged Goods,Medium,Container impact damaged shipment contents. Reported at Chennai facility during shift 2.,Open,Chennai,container impact damage shipment content report chennai facility shift
3006,Documentation Error,Low,Missing certificate delayed shipment release. Reported at Hyderabad facility during shift 1.,Resolved,Hyderabad,miss certificate delay shipment release report hyderabad facility shift
3007,Inventory Shortage,Critical,Warehouse stock shortage detected. Reported at Hyderabad facility during shift 2.,Resolved,Hyderabad,warehouse stock shortage detect report hyderabad facility shift
3008,Warehouse Issue,Medium,Order consolidation process delayed shipment. Reported at Kolkata facility during shift 2.,Open,Pune,order consolidation process delay shipment report kolkata facility shift
3009,Warehouse Issue,Low,Order picking queue exceeded capacity. Reported at Hyderabad facility during shift 1.,In Progress,Pune,order pick queue exceed capacity report hyderabad facility shift
3010,Transportation Failure,High,Transportation network disruption reported. Reported at Pune facility during shift 2.,In Progress,Chennai,transportation network disruption report report pune facility shift
3011,Documentation Error,Critical,Export declaration contained errors. Reported at Hyderabad facility during shift 2.,Open,Chennai,export declaration contain errors report hyderabad facility shift
3012,Transportation Failure,Low,Carrier failed to pick up shipment. Reported at Bengaluru facility during shift 2.,In Progress,Kolkata,carrier fail pick shipment report bengaluru facility shift
3013,Warehouse Issue,Medium,Storage location information incorrect. Reported at Delhi facility during shift 2.,In Progress,Chennai,storage location information incorrect report delhi facility shift
3014,Shipment Delay,Medium,Delivery delayed due to traffic disruption. Reported at Pune facility during shift 3.,Open,Chennai,delivery delay due traffic disruption report pune facility shift
3015,Shipment Delay,High,Dispatch process delayed at origin facility. Reported at Kolkata facility during shift 1.,Open,Delhi,dispatch process delay origin facility report kolkata facility shift
3016,Inventory Shortage,Medium,Stockout occurred at fulfillment center. Reported at Delhi facility during shift 2.,In Progress,Ahmedabad,stockout occur fulfillment center report delhi facility shift
3017,Damaged Goods,Medium,Pallet collapse resulted in product damage. Reported at Delhi facility during shift 2.,In Progress,Chennai,pallet collapse result product damage report delhi facility shift
3018,Shipment Delay,High,Truck breakdown caused delivery delay. Reported at Delhi facility during shift 2.,Open,Mumbai,truck breakdown cause delivery delay report delhi facility shift
3019,Damaged Goods,High,Receiving inspection identified damaged goods. Reported at Hyderabad facility during shift 3.,Resolved,Kolkata,receive inspection identify damage goods report hyderabad facility shift
3020,Shipment Delay,Medium,Shipment delayed due to customs inspection. Reported at Chennai facility during shift 1.,Resolved,Kolkata,shipment delay due customs inspection report chennai facility shift
3021,Transportation Failure,Low,Equipment malfunction impacted transport operations. Reported at Ahmedabad facility during shift 3.,Open,Delhi,equipment malfunction impact transport operations report ahmedabad facility shift
3022,Documentation Error,Critical,Documentation approval pending correction. Reported at Pune facility during shift 2.,Open,Hyderabad,documentation approval pending correction report pune facility shift
3023,Transportation Failure,High,Carrier failed to pick up shipment. Reported at Kolkata facility during shift 2.,Resolved,Kolkata,carrier fail pick shipment report kolkata facility shift
3024,Shipment Delay,Low,Port congestion delayed shipment arrival. Reported at Mumbai facility during shift 1.,Resolved,Hyderabad,port congestion delay shipment arrival report mumbai facility shift
3025,Inventory Shortage,Low,Procurement delay affected inventory availability. Reported at Ahmedabad facility during shift 2.,In Progress,Kolkata,procurement delay affect inventory availability report ahmedabad facility shift
3026,Warehouse Issue,Medium,Space constraint affected storage operations. Reported at Chennai facility during shift 2.,Resolved,Delhi,space constraint affect storage operations report chennai facility shift
3027,Damaged Goods,Low,Shipment contents damaged in transit. Reported at Delhi facility during shift 2.,Resolved,Bengaluru,shipment content damage transit report delhi facility shift
3028,Documentation Error,High,Incorrect consignee information provided. Reported at Hyderabad facility during shift 2.,In Progress,Chennai,incorrect consignee information provide report hyderabad facility shift
3029,Shipment Delay,Medium,Shipment rerouted causing additional transit time. Reported at Kolkata facility during shift 2.,In Progress,Hyderabad,shipment rerouted cause additional transit time report kolkata facility shift
3030,Customs Issue,Low,Import permit approval pending. Reported at Pune facility during shift 3.,Open,Mumbai,import permit approval pending report pune facility shift
3031,Shipment Delay,Critical,Port congestion delayed shipment arrival. Reported at Bengaluru facility during shift 1.,In Progress,Hyderabad,port congestion delay shipment arrival report bengaluru facility shift
3032,Warehouse Issue,Critical,Inventory misplaced within storage area. Reported at Ahmedabad facility during shift 3.,Resolved,Mumbai,inventory misplace within storage area report ahmedabad facility shift
3033,Transportation Failure,Low,Fleet utilization exceeded available capacity. Reported at Kolkata facility during shift 1.,In Progress,Delhi,fleet utilization exceed available capacity report kolkata facility shift
3034,Transportation Failure,High,Carrier failed to pick up shipment. Reported at Chennai facility during shift 1.,Resolved,Kolkata,carrier fail pick shipment report chennai facility shift
3035,Customs Issue,Medium,Import documentation under review. Reported at Mumbai facility during shift 2.,Open,Chennai,import documentation review report mumbai facility shift
3036,Warehouse Issue,High,Warehouse staffing shortage reported. Reported at Mumbai facility during shift 3.,Open,Chennai,warehouse staff shortage report report mumbai facility shift
3037,Damaged Goods,Medium,Water exposure damaged packaged goods. Reported at Bengaluru facility during shift 1.,Open,Pune,water exposure damage package goods report bengaluru facility shift
3038,Customs Issue,Medium,Shipment flagged for compliance audit. Reported at Delhi facility during shift 2.,Open,Pune,shipment flag compliance audit report delhi facility shift
3039,Warehouse Issue,Low,Warehouse processing backlog reported. Reported at Hyderabad facility during shift 1.,Resolved,Mumbai,warehouse process backlog report report hyderabad facility shift
3040,Documentation Error,Medium,Missing invoice delayed processing. Reported at Kolkata facility during shift 2.,In Progress,Mumbai,miss invoice delay process report kolkata facility shift
3041,Warehouse Issue,Low,Order picking queue exceeded capacity. Reported at Pune facility during shift 1.,In Progress,Pune,order pick queue exceed capacity report pune facility shift
3042,Damaged Goods,High,Shipment contents damaged in transit. Reported at Kolkata facility during shift 1.,Open,Pune,shipment content damage transit report kolkata facility shift
3043,Customs Issue,Medium,Customs clearance process delayed. Reported at Ahmedabad facility during shift 3.,In Progress,Mumbai,customs clearance process delay report ahmedabad facility shift
3044,Shipment Delay,Medium,Shipment rerouted causing additional transit time. Reported at Pune facility during shift 1.,Open,Delhi,shipment rerouted cause additional transit time report pune facility shift
3045,Documentation Error,High,Export declaration contained errors. Reported at Hyderabad facility during shift 3.,Resolved,Kolkata,export declaration contain errors report hyderabad facility shift
3046,Documentation Error,Medium,Labeling information did not match shipment. Reported at Delhi facility during shift 3.,In Progress,Pune,label information match shipment report delhi facility shift
3047,Transportation Failure,Low,Route planning error delayed movement. Reported at Delhi facility during shift 2.,In Progress,Delhi,route plan error delay movement report delhi facility shift
3048,Damaged Goods,High,Pallet collapse resulted in product damage. Reported at Bengaluru facility during shift 1.,Resolved,Kolkata,pallet collapse result product damage report bengaluru facility shift
3049,Customs Issue,Low,Regulatory verification delayed release. Reported at Delhi facility during shift 2.,Open,Bengaluru,regulatory verification delay release report delhi facility shift
3050,Documentation Error,Low,Export declaration contained errors. Reported at Delhi facility during shift 3.,Resolved,Mumbai,export declaration contain errors report delhi facility shift
3051,Inventory Shortage,Medium,Product unavailable due to inventory mismatch. Reported at Ahmedabad facility during shift 1.,Open,Bengaluru,product unavailable due inventory mismatch report ahmedabad facility shift
3052,Inventory Shortage,Medium,Backordered items unavailable for dispatch. Reported at Chennai facility during shift 3.,Open,Delhi,backordered items unavailable dispatch report chennai facility shift
3053,Inventory Shortage,Low,Product unavailable due to inventory mismatch. Reported at Chennai facility during shift 1.,Open,Delhi,product unavailable due inventory mismatch report chennai facility shift
3054,Shipment Delay,Medium,Shipment delayed due to customs inspection. Reported at Mumbai facility during shift 3.,In Progress,Kolkata,shipment delay due customs inspection report mumbai facility shift
3055,Transportation Failure,Medium,Transport route disruption due to road closure. Reported at Chennai facility during shift 1.,Resolved,Ahmedabad,transport route disruption due road closure report chennai facility shift
3056,Customs Issue,Medium,Tariff classification review in progress. Reported at Mumbai facility during shift 1.,In Progress,Bengaluru,tariff classification review progress report mumbai facility shift
3057,Damaged Goods,Low,Pallet collapse resulted in product damage. Reported at Mumbai facility during shift 2.,Resolved,Bengaluru,pallet collapse result product damage report mumbai facility shift
3058,Documentation Error,Low,Required compliance document missing. Reported at Pune facility during shift 3.,Open,Chennai,require compliance document miss report pune facility shift
3059,Warehouse Issue,High,Warehouse management system outage reported. Reported at Hyderabad facility during shift 2.,Resolved,Delhi,warehouse management system outage report report hyderabad facility shift
3060,Inventory Shortage,High,Safety stock threshold breached. Reported at Hyderabad facility during shift 2.,Resolved,Pune,safety stock threshold breach report hyderabad facility shift
3061,Warehouse Issue,Low,Dock congestion slowed warehouse throughput. Reported at Mumbai facility during shift 1.,Resolved,Chennai,dock congestion slow warehouse throughput report mumbai facility shift
3062,Transportation Failure,Low,Transportation network disruption reported. Reported at Kolkata facility during shift 1.,In Progress,Pune,transportation network disruption report report kolkata facility shift
3063,Customs Issue,High,Border security inspection caused delay. Reported at Kolkata facility during shift 2.,In Progress,Chennai,border security inspection cause delay report kolkata facility shift
3064,Customs Issue,Critical,Shipment held by customs authorities. Reported at Kolkata facility during shift 2.,Resolved,Kolkata,shipment hold customs authorities report kolkata facility shift
3065,Transportation Failure,Low,Vehicle maintenance issue halted delivery. Reported at Mumbai facility during shift 1.,Resolved,Kolkata,vehicle maintenance issue halt delivery report mumbai facility shift
3066,Damaged Goods,Low,Shipment contents damaged in transit. Reported at Mumbai facility during shift 3.,Open,Hyderabad,shipment content damage transit report mumbai facility shift
3067,Shipment Delay,Medium,Driver shortage affected transportation schedule. Reported at Ahmedabad facility during shift 3.,In Progress,Hyderabad,driver shortage affect transportation schedule report ahmedabad facility shift
3068,Warehouse Issue,Medium,Cycle count discrepancy identified. Reported at Ahmedabad facility during shift 1.,Open,Pune,cycle count discrepancy identify report ahmedabad facility shift
3069,Warehouse Issue,Medium,Inventory misplaced within storage area. Reported at Bengaluru facility during shift 2.,Open,Hyderabad,inventory misplace within storage area report bengaluru facility shift
3070,Documentation Error,High,Customs paperwork contained errors. Reported at Kolkata facility during shift 3.,Resolved,Kolkata,customs paperwork contain errors report kolkata facility shift
3071,Inventory Shortage,Medium,Supplier delay created inventory gap. Reported at Ahmedabad facility during shift 1.,Resolved,Kolkata,supplier delay create inventory gap report ahmedabad facility shift
3072,Documentation Error,Medium,Labeling information did not match shipment. Reported at Mumbai facility during shift 2.,Resolved,Ahmedabad,label information match shipment report mumbai facility shift
3073,Warehouse Issue,Low,Cycle count discrepancy identified. Reported at Mumbai facility during shift 2.,Resolved,Kolkata,cycle count discrepancy identify report mumbai facility shift
3074,Inventory Shortage,Medium,Safety stock threshold breached. Reported at Ahmedabad facility during shift 1.,In Progress,Chennai,safety stock threshold breach report ahmedabad facility shift
3075,Customs Issue,Low,Border security inspection caused delay. Reported at Bengaluru facility during shift 1.,Open,Delhi,border security inspection cause delay report bengaluru facility shift
3076,Transportation Failure,High,Trailer availability issue delayed dispatch. Reported at Pune facility during shift 2.,Resolved,Delhi,trailer availability issue delay dispatch report pune facility shift
3077,Transportation Failure,Medium,Delivery vehicle breakdown reported. Reported at Hyderabad facility during shift 1.,Open,Pune,delivery vehicle breakdown report report hyderabad facility shift
3078,Inventory Shortage,Medium,Product unavailable due to inventory mismatch. Reported at Ahmedabad facility during shift 2.,In Progress,Mumbai,product unavailable due inventory mismatch report ahmedabad facility shift
3079,Transportation Failure,High,Fleet utilization exceeded available capacity. Reported at Ahmedabad facility during shift 2.,Resolved,Delhi,fleet utilization exceed available capacity report ahmedabad facility shift
3080,Transportation Failure,Low,Vehicle maintenance issue halted delivery. Reported at Kolkata facility during shift 3.,Open,Mumbai,vehicle maintenance issue halt delivery report kolkata facility shift
3081,Documentation Error,Low,Missing certificate delayed shipment release. Reported at Delhi facility during shift 2.,Resolved,Kolkata,miss certificate delay shipment release report delhi facility shift
3082,Inventory Shortage,Low,Supplier delay created inventory gap. Reported at Hyderabad facility during shift 1.,Resolved,Ahmedabad,supplier delay create inventory gap report hyderabad facility shift
3083,Damaged Goods,Low,Temperature excursion affected product quality. Reported at Mumbai facility during shift 2.,Resolved,Hyderabad,temperature excursion affect product quality report mumbai facility shift
3084,Customs Issue,Critical,Regulatory approval pending clearance. Reported at Pune facility during shift 2.,Open,Pune,regulatory approval pending clearance report pune facility shift
3085,Customs Issue,High,Regulatory verification delayed release. Reported at Pune facility during shift 2.,Open,Pune,regulatory verification delay release report pune facility shift
3086,Transportation Failure,High,Third-party carrier cancelled shipment booking. Reported at Delhi facility during shift 1.,Open,Delhi,thirdparty carrier cancel shipment book report delhi facility shift
3087,Warehouse Issue,High,Warehouse staffing shortage reported. Reported at Pune facility during shift 2.,Resolved,Chennai,warehouse staff shortage report report pune facility shift
3088,Customs Issue,Medium,Shipment held by customs authorities. Reported at Mumbai facility during shift 3.,Resolved,Pune,shipment hold customs authorities report mumbai facility shift
3089,Transportation Failure,Low,Vehicle maintenance issue halted delivery. Reported at Chennai facility during shift 2.,Open,Hyderabad,vehicle maintenance issue halt delivery report chennai facility shift
3090,Warehouse Issue,Medium,Warehouse staffing shortage reported. Reported at Ahmedabad facility during shift 1.,Resolved,Pune,warehouse staff shortage report report ahmedabad facility shift
3091,Customs Issue,Low,Country-specific restriction affected import. Reported at Hyderabad facility during shift 1.,In Progress,Delhi,countryspecific restriction affect import report hyderabad facility shift
3092,Inventory Shortage,Medium,Procurement delay affected inventory availability. Reported at Hyderabad facility during shift 3.,Open,Delhi,procurement delay affect inventory availability report hyderabad facility shift
3093,Transportation Failure,Critical,Transport route disruption due to road closure. Reported at Kolkata facility during shift 3.,In Progress,Chennai,transport route disruption due road closure report kolkata facility shift
3094,Transportation Failure,Critical,Transport route disruption due to road closure. Reported at Chennai facility during shift 2.,Resolved,Chennai,transport route disruption due road closure report chennai facility shift
3095,Shipment Delay,Medium,Truck breakdown caused delivery delay. Reported at Pune facility during shift 1.,In Progress,Mumbai,truck breakdown cause delivery delay report pune facility shift
3096,Warehouse Issue,Low,Dock congestion slowed warehouse throughput. Reported at Mumbai facility during shift 2.,Open,Chennai,dock congestion slow warehouse throughput report mumbai facility shift
3097,Customs Issue,Low,Customs requested additional documentation. Reported at Bengaluru facility during shift 2.,Resolved,Delhi,customs request additional documentation report bengaluru facility shift
3098,Inventory Shortage,Low,Warehouse stock shortage detected. Reported at Chennai facility during shift 2.,In Progress,Pune,warehouse stock shortage detect report chennai facility shift
3099,Customs Issue,Low,Shipment held by customs authorities. Reported at Chennai facility during shift 2.,Resolved,Mumbai,shipment hold customs authorities report chennai facility shift
3100,Documentation Error,High,Documentation approval pending correction. Reported at Hyderabad facility during shift 3.,Resolved,Hyderabad,documentation approval pending correction report hyderabad facility shift
3101,Inventory Shortage,Medium,Unexpected order spike exhausted stock. Reported at Delhi facility during shift 3.,In Progress,Bengaluru,unexpected order spike exhaust stock report delhi facility shift
3102,Warehouse Issue,Low,Warehouse staffing shortage reported. Reported at Kolkata facility during shift 2.,In Progress,Hyderabad,warehouse staff shortage report report kolkata facility shift
3103,Transportation Failure,High,Third-party carrier cancelled shipment booking. Reported at Mumbai facility during shift 2.,Open,Delhi,thirdparty carrier cancel shipment book report mumbai facility shift
3104,Transportation Failure,Low,Logistics partner experienced operational failure. Reported at Hyderabad facility during shift 3.,Resolved,Mumbai,logistics partner experience operational failure report hyderabad facility shift
3105,Shipment Delay,Low,Carrier scheduling issue caused shipment delay. Reported at Pune facility during shift 1.,Resolved,Kolkata,carrier schedule issue cause shipment delay report pune facility shift
3106,Inventory Shortage,Medium,Raw material shortage impacted production. Reported at Delhi facility during shift 1.,In Progress,Bengaluru,raw material shortage impact production report delhi facility shift
3107,Warehouse Issue,Low,Space constraint affected storage operations. Reported at Pune facility during shift 2.,Open,Pune,space constraint affect storage operations report pune facility shift
3108,Warehouse Issue,Medium,Order consolidation process delayed shipment. Reported at Delhi facility during shift 2.,In Progress,Hyderabad,order consolidation process delay shipment report delhi facility shift
3109,Documentation Error,Medium,Purchase order details inconsistent. Reported at Chennai facility during shift 3.,Open,Bengaluru,purchase order detail inconsistent report chennai facility shift
3110,Customs Issue,Medium,Regulatory verification delayed release. Reported at Hyderabad facility during shift 3.,Resolved,Hyderabad,regulatory verification delay release report hyderabad facility shift
3111,Inventory Shortage,Critical,Safety stock threshold breached. Reported at Bengaluru facility during shift 2.,Resolved,Hyderabad,safety stock threshold breach report bengaluru facility shift
3112,Transportation Failure,Low,Trailer availability issue delayed dispatch. Reported at Delhi facility during shift 3.,In Progress,Chennai,trailer availability issue delay dispatch report delhi facility shift
3113,Transportation Failure,High,Transportation network disruption reported. Reported at Ahmedabad facility during shift 2.,In Progress,Pune,transportation network disruption report report ahmedabad facility shift
3114,Transportation Failure,Low,Route planning error delayed movement. Reported at Pune facility during shift 2.,In Progress,Delhi,route plan error delay movement report pune facility shift
3115,Inventory Shortage,High,Cycle count revealed stock deficiency. Reported at Delhi facility during shift 3.,Resolved,Chennai,cycle count reveal stock deficiency report delhi facility shift
3116,Documentation Error,Low,Shipping label generated with incorrect address. Reported at Pune facility during shift 2.,In Progress,Hyderabad,ship label generate incorrect address report pune facility shift
3117,Customs Issue,Low,Shipment held by customs authorities. Reported at Mumbai facility during shift 1.,Open,Mumbai,shipment hold customs authorities report mumbai facility shift
3118,Transportation Failure,Medium,Third-party carrier cancelled shipment booking. Reported at Kolkata facility during shift 1.,Resolved,Chennai,thirdparty carrier cancel shipment book report kolkata facility shift
3119,Inventory Shortage,Critical,Safety stock threshold breached. Reported at Hyderabad facility during shift 3.,Resolved,Kolkata,safety stock threshold breach report hyderabad facility shift
3120,Shipment Delay,Medium,Shipment rerouted causing additional transit time. Reported at Delhi facility during shift 1.,In Progress,Pune,shipment rerouted cause additional transit time report delhi facility shift
3121,Inventory Shortage,Critical,Safety stock threshold breached. Reported at Hyderabad facility during shift 3.,Resolved,Delhi,safety stock threshold breach report hyderabad facility shift
3122,Shipment Delay,Low,Mechanical failure delayed freight movement. Reported at Mumbai facility during shift 3.,In Progress,Pune,mechanical failure delay freight movement report mumbai facility shift
3123,Warehouse Issue,Low,Space constraint affected storage operations. Reported at Pune facility during shift 1.,In Progress,Chennai,space constraint affect storage operations report pune facility shift
3124,Shipment Delay,Low,Container missed connecting vessel. Reported at Mumbai facility during shift 2.,Resolved,Delhi,container miss connect vessel report mumbai facility shift
3125,Damaged Goods,Medium,Warehouse accident damaged stored inventory. Reported at Hyderabad facility during shift 2.,Resolved,Pune,warehouse accident damage store inventory report hyderabad facility shift
3126,Shipment Delay,Critical,Last-mile delivery partner unavailable. Reported at Hyderabad facility during shift 1.,In Progress,Mumbai,lastmile delivery partner unavailable report hyderabad facility shift
3127,Warehouse Issue,Medium,Warehouse management system outage reported. Reported at Bengaluru facility during shift 1.,Resolved,Chennai,warehouse management system outage report report bengaluru facility shift
3128,Damaged Goods,Low,Packaging failure led to damaged products. Reported at Pune facility during shift 3.,Open,Mumbai,package failure lead damage products report pune facility shift
3129,Shipment Delay,Critical,Shipment delayed due to customs inspection. Reported at Kolkata facility during shift 2.,Resolved,Bengaluru,shipment delay due customs inspection report kolkata facility shift
3130,Damaged Goods,Medium,Warehouse accident damaged stored inventory. Reported at Chennai facility during shift 1.,Resolved,Mumbai,warehouse accident damage store inventory report chennai facility shift
3131,Shipment Delay,Critical,Carrier scheduling issue caused shipment delay. Reported at Pune facility during shift 1.,Open,Kolkata,carrier schedule issue cause shipment delay report pune facility shift
3132,Shipment Delay,Low,Cargo loading completed behind schedule. Reported at Hyderabad facility during shift 1.,In Progress,Mumbai,cargo load complete behind schedule report hyderabad facility shift
3133,Inventory Shortage,Medium,Raw material shortage impacted production. Reported at Pune facility during shift 3.,Open,Pune,raw material shortage impact production report pune facility shift
3134,Damaged Goods,Medium,Warehouse accident damaged stored inventory. Reported at Bengaluru facility during shift 2.,In Progress,Delhi,warehouse accident damage store inventory report bengaluru facility shift
3135,Shipment Delay,Low,Container missed connecting vessel. Reported at Kolkata facility during shift 1.,In Progress,Ahmedabad,container miss connect vessel report kolkata facility shift
3136,Documentation Error,Low,Documentation approval pending correction. Reported at Chennai facility during shift 3.,Resolved,Kolkata,documentation approval pending correction report chennai facility shift
3137,Warehouse Issue,Medium,Inventory misplaced within storage area. Reported at Chennai facility during shift 1.,Resolved,Ahmedabad,inventory misplace within storage area report chennai facility shift
3138,Transportation Failure,High,Vehicle maintenance issue halted delivery. Reported at Chennai facility during shift 3.,In Progress,Hyderabad,vehicle maintenance issue halt delivery report chennai facility shift
3139,Customs Issue,High,Customs valuation dispute identified. Reported at Delhi facility during shift 3.,Open,Bengaluru,customs valuation dispute identify report delhi facility shift
3140,Documentation Error,Medium,Manifest information incomplete. Reported at Hyderabad facility during shift 2.,In Progress,Bengaluru,manifest information incomplete report hyderabad facility shift
3141,Shipment Delay,Medium,Shipment delayed due to customs inspection. Reported at Kolkata facility during shift 2.,Open,Pune,shipment delay due customs inspection report kolkata facility shift
3142,Damaged Goods,Medium,Package damaged during transportation. Reported at Bengaluru facility during shift 1.,Open,Mumbai,package damage transportation report bengaluru facility shift
3143,Transportation Failure,Low,Logistics partner experienced operational failure. Reported at Kolkata facility during shift 2.,In Progress,Delhi,logistics partner experience operational failure report kolkata facility shift
3144,Damaged Goods,Low,Product packaging torn during loading. Reported at Ahmedabad facility during shift 3.,Resolved,Chennai,product package tear load report ahmedabad facility shift
3145,Customs Issue,High,Import documentation under review. Reported at Delhi facility during shift 1.,In Progress,Pune,import documentation review report delhi facility shift
3146,Warehouse Issue,High,Picking error occurred in warehouse. Reported at Mumbai facility during shift 1.,Open,Chennai,pick error occur warehouse report mumbai facility shift
3147,Customs Issue,Low,Country-specific restriction affected import. Reported at Kolkata facility during shift 3.,Open,Chennai,countryspecific restriction affect import report kolkata facility shift
3148,Customs Issue,Low,Shipment selected for random inspection. Reported at Kolkata facility during shift 3.,Open,Delhi,shipment select random inspection report kolkata facility shift
3149,Shipment Delay,Medium,Truck breakdown caused delivery delay. Reported at Kolkata facility during shift 2.,Open,Chennai,truck breakdown cause delivery delay report kolkata facility shift
3150,Damaged Goods,Medium,Receiving inspection identified damaged goods. Reported at Pune facility during shift 2.,Resolved,Ahmedabad,receive inspection identify damage goods report pune facility shift
3151,Damaged Goods,Low,Transit vibration caused product defects. Reported at Delhi facility during shift 1.,Resolved,Kolkata,transit vibration cause product defect report delhi facility shift
3152,Damaged Goods,Low,Goods arrived with visible damage. Reported at Kolkata facility during shift 1.,Open,Kolkata,goods arrive visible damage report kolkata facility shift
3153,Customs Issue,High,Shipment selected for random inspection. Reported at Delhi facility during shift 1.,Open,Ahmedabad,shipment select random inspection report delhi facility shift
3154,Damaged Goods,Low,Water exposure damaged packaged goods. Reported at Delhi facility during shift 1.,In Progress,Chennai,water exposure damage package goods report delhi facility shift
3155,Customs Issue,Critical,Border security inspection caused delay. Reported at Delhi facility during shift 1.,Open,Mumbai,border security inspection cause delay report delhi facility shift
3156,Warehouse Issue,High,Receiving delay impacted warehouse operations. Reported at Delhi facility during shift 1.,Resolved,Chennai,receive delay impact warehouse operations report delhi facility shift
3157,Inventory Shortage,Critical,Demand exceeded available stock levels. Reported at Kolkata facility during shift 3.,Open,Delhi,demand exceed available stock level report kolkata facility shift
3158,Shipment Delay,Medium,Container missed connecting vessel. Reported at Mumbai facility during shift 3.,In Progress,Chennai,container miss connect vessel report mumbai facility shift
3159,Customs Issue,Low,Customs requested additional documentation. Reported at Mumbai facility during shift 2.,Open,Kolkata,customs request additional documentation report mumbai facility shift
3160,Inventory Shortage,Medium,Backordered items unavailable for dispatch. Reported at Pune facility during shift 2.,Open,Pune,backordered items unavailable dispatch report pune facility shift
3161,Documentation Error,Critical,Data entry error impacted shipment records. Reported at Ahmedabad facility during shift 3.,Open,Mumbai,data entry error impact shipment record report ahmedabad facility shift
3162,Transportation Failure,Low,Transportation vendor system outage reported. Reported at Chennai facility during shift 3.,In Progress,Bengaluru,transportation vendor system outage report report chennai facility shift
3163,Transportation Failure,Medium,Transportation vendor system outage reported. Reported at Bengaluru facility during shift 1.,In Progress,Delhi,transportation vendor system outage report report bengaluru facility shift
3164,Documentation Error,High,Shipping label generated with incorrect address. Reported at Ahmedabad facility during shift 1.,In Progress,Pune,ship label generate incorrect address report ahmedabad facility shift
3165,Damaged Goods,Low,Transit vibration caused product defects. Reported at Chennai facility during shift 3.,Resolved,Delhi,transit vibration cause product defect report chennai facility shift
3166,Inventory Shortage,Low,Procurement delay affected inventory availability. Reported at Ahmedabad facility during shift 1.,Open,Bengaluru,procurement delay affect inventory availability report ahmedabad facility shift
3167,Documentation Error,Critical,Required compliance document missing. Reported at Delhi facility during shift 3.,Open,Delhi,require compliance document miss report delhi facility shift
3168,Customs Issue,Low,Import documentation under review. Reported at Chennai facility during shift 2.,In Progress,Ahmedabad,import documentation review report chennai facility shift
3169,Damaged Goods,Low,Fragile goods mishandled during unloading. Reported at Bengaluru facility during shift 3.,Resolved,Mumbai,fragile goods mishandle unload report bengaluru facility shift
3170,Shipment Delay,Medium,Delivery delayed due to traffic disruption. Reported at Pune facility during shift 3.,Open,Chennai,delivery delay due traffic disruption report pune facility shift
3171,Customs Issue,Low,Import documentation under review. Reported at Chennai facility during shift 1.,Open,Chennai,import documentation review report chennai facility shift
3172,Damaged Goods,High,Receiving inspection identified damaged goods. Reported at Delhi facility during shift 1.,Open,Ahmedabad,receive inspection identify damage goods report delhi facility shift
3173,Transportation Failure,High,Driver unavailable for scheduled route. Reported at Delhi facility during shift 3.,Open,Pune,driver unavailable schedule route report delhi facility shift
3174,Customs Issue,Medium,Border inspection extended shipment hold. Reported at Chennai facility during shift 1.,In Progress,Pune,border inspection extend shipment hold report chennai facility shift
3175,Shipment Delay,Low,Delivery delayed due to traffic disruption. Reported at Hyderabad facility during shift 2.,Resolved,Chennai,delivery delay due traffic disruption report hyderabad facility shift
3176,Damaged Goods,Medium,Packaging failure led to damaged products. Reported at Bengaluru facility during shift 2.,In Progress,Kolkata,package failure lead damage products report bengaluru facility shift
3177,Documentation Error,High,Missing invoice delayed processing. Reported at Bengaluru facility during shift 1.,Resolved,Chennai,miss invoice delay process report bengaluru facility shift
3178,Customs Issue,Medium,Import documentation under review. Reported at Mumbai facility during shift 2.,Resolved,Mumbai,import documentation review report mumbai facility shift
3179,Transportation Failure,Low,Vehicle maintenance issue halted delivery. Reported at Kolkata facility during shift 3.,Open,Bengaluru,vehicle maintenance issue halt delivery report kolkata facility shift
3180,Shipment Delay,Low,Driver shortage affected transportation schedule. Reported at Chennai facility during shift 2.,Resolved,Hyderabad,driver shortage affect transportation schedule report chennai facility shift
3181,Shipment Delay,Low,Rail transport delay impacted delivery timeline. Reported at Kolkata facility during shift 2.,Resolved,Mumbai,rail transport delay impact delivery timeline report kolkata facility shift
3182,Warehouse Issue,Medium,Warehouse staffing shortage reported. Reported at Bengaluru facility during shift 1.,Open,Chennai,warehouse staff shortage report report bengaluru facility shift
3183,Damaged Goods,High,Pallet collapse resulted in product damage. Reported at Pune facility during shift 2.,In Progress,Ahmedabad,pallet collapse result product damage report pune facility shift
3184,Warehouse Issue,Low,Order consolidation process delayed shipment. Reported at Chennai facility during shift 2.,In Progress,Delhi,order consolidation process delay shipment report chennai facility shift
3185,Shipment Delay,Medium,Rail transport delay impacted delivery timeline. Reported at Kolkata facility during shift 2.,In Progress,Hyderabad,rail transport delay impact delivery timeline report kolkata facility shift
3186,Warehouse Issue,Medium,Space constraint affected storage operations. Reported at Hyderabad facility during shift 2.,In Progress,Kolkata,space constraint affect storage operations report hyderabad facility shift
3187,Transportation Failure,High,Logistics partner experienced operational failure. Reported at Hyderabad facility during shift 3.,Resolved,Bengaluru,logistics partner experience operational failure report hyderabad facility shift
3188,Documentation Error,Medium,Purchase order details inconsistent. Reported at Pune facility during shift 1.,Resolved,Kolkata,purchase order detail inconsistent report pune facility shift
3189,Inventory Shortage,High,Inventory forecast underestimated demand. Reported at Bengaluru facility during shift 1.,In Progress,Delhi,inventory forecast underestimate demand report bengaluru facility shift
3190,Transportation Failure,Low,Trailer availability issue delayed dispatch. Reported at Mumbai facility during shift 1.,Open,Hyderabad,trailer availability issue delay dispatch report mumbai facility shift
3191,Inventory Shortage,Low,Unexpected order spike exhausted stock. Reported at Kolkata facility during shift 3.,Resolved,Pune,unexpected order spike exhaust stock report kolkata facility shift
3192,Customs Issue,Medium,Shipment flagged for compliance audit. Reported at Pune facility during shift 2.,Open,Chennai,shipment flag compliance audit report pune facility shift
3193,Documentation Error,Critical,Data entry error impacted shipment records. Reported at Ahmedabad facility during shift 3.,Resolved,Mumbai,data entry error impact shipment record report ahmedabad facility shift
3194,Customs Issue,Medium,Border security inspection caused delay. Reported at Kolkata facility during shift 1.,Resolved,Hyderabad,border security inspection cause delay report kolkata facility shift
3195,Warehouse Issue,Medium,Put-away process delayed inventory availability. Reported at Mumbai facility during shift 3.,Resolved,Kolkata,putaway process delay inventory availability report mumbai facility shift
3196,Damaged Goods,Medium,Forklift accident damaged inventory. Reported at Bengaluru facility during shift 3.,Open,Delhi,forklift accident damage inventory report bengaluru facility shift
3197,Customs Issue,High,Regulatory verification delayed release. Reported at Ahmedabad facility during shift 1.,Resolved,Chennai,regulatory verification delay release report ahmedabad facility shift
3198,Damaged Goods,Low,Temperature excursion affected product quality. Reported at Bengaluru facility during shift 1.,Open,Chennai,temperature excursion affect product quality report bengaluru facility shift
3199,Warehouse Issue,Low,Put-away process delayed inventory availability. Reported at Bengaluru facility during shift 1.,In Progress,Ahmedabad,putaway process delay inventory availability report bengaluru facility shift
3200,Transportation Failure,Low,Delivery vehicle breakdown reported. Reported at Pune facility during shift 3.,In Progress,Kolkata,delivery vehicle breakdown report report pune facility shift
3201,Customs Issue,Medium,Border security inspection caused delay. Reported at Hyderabad facility during shift 2.,In Progress,Kolkata,border security inspection cause delay report hyderabad facility shift
3202,Documentation Error,High,Data entry error impacted shipment records. Reported at Hyderabad facility during shift 3.,Resolved,Pune,data entry error impact shipment record report hyderabad facility shift
3203,Inventory Shortage,Medium,Safety stock threshold breached. Reported at Bengaluru facility during shift 2.,In Progress,Hyderabad,safety stock threshold breach report bengaluru facility shift
3204,Transportation Failure,Medium,Fuel supply issue interrupted transportation. Reported at Kolkata facility during shift 1.,In Progress,Delhi,fuel supply issue interrupt transportation report kolkata facility shift
3205,Shipment Delay,Medium,Port congestion delayed shipment arrival. Reported at Pune facility during shift 2.,Resolved,Chennai,port congestion delay shipment arrival report pune facility shift
3206,Documentation Error,Low,Incorrect consignee information provided. Reported at Hyderabad facility during shift 3.,In Progress,Delhi,incorrect consignee information provide report hyderabad facility shift
3207,Warehouse Issue,High,Order picking queue exceeded capacity. Reported at Delhi facility during shift 2.,In Progress,Kolkata,order pick queue exceed capacity report delhi facility shift
3208,Transportation Failure,Low,Vehicle maintenance issue halted delivery. Reported at Ahmedabad facility during shift 1.,Open,Chennai,vehicle maintenance issue halt delivery report ahmedabad facility shift
3209,Transportation Failure,Low,Transportation network disruption reported. Reported at Hyderabad facility during shift 1.,Resolved,Mumbai,transportation network disruption report report hyderabad facility shift
3210,Damaged Goods,Critical,Goods arrived with visible damage. Reported at Kolkata facility during shift 1.,In Progress,Chennai,goods arrive visible damage report kolkata facility shift
3211,Customs Issue,High,Regulatory verification delayed release. Reported at Bengaluru facility during shift 1.,Open,Kolkata,regulatory verification delay release report bengaluru facility shift
3212,Warehouse Issue,High,Picking error occurred in warehouse. Reported at Hyderabad facility during shift 2.,Open,Chennai,pick error occur warehouse report hyderabad facility shift
3213,Transportation Failure,Medium,Route planning error delayed movement. Reported at Kolkata facility during shift 1.,In Progress,Bengaluru,route plan error delay movement report kolkata facility shift
3214,Shipment Delay,Medium,Mechanical failure delayed freight movement. Reported at Chennai facility during shift 1.,Resolved,Mumbai,mechanical failure delay freight movement report chennai facility shift
3215,Transportation Failure,Low,Transportation vendor system outage reported. Reported at Pune facility during shift 1.,Open,Mumbai,transportation vendor system outage report report pune facility shift
3216,Damaged Goods,Critical,Packaging failure led to damaged products. Reported at Ahmedabad facility during shift 1.,Resolved,Hyderabad,package failure lead damage products report ahmedabad facility shift
3217,Damaged Goods,High,Goods arrived with visible damage. Reported at Bengaluru facility during shift 2.,Resolved,Hyderabad,goods arrive visible damage report bengaluru facility shift
3218,Customs Issue,High,Country-specific restriction affected import. Reported at Delhi facility during shift 2.,Resolved,Ahmedabad,countryspecific restriction affect import report delhi facility shift
3219,Damaged Goods,Low,Shipment contents damaged in transit. Reported at Ahmedabad facility during shift 1.,Open,Delhi,shipment content damage transit report ahmedabad facility shift
3220,Warehouse Issue,Medium,Dock congestion slowed warehouse throughput. Reported at Chennai facility during shift 3.,In Progress,Delhi,dock congestion slow warehouse throughput report chennai facility shift
3221,Inventory Shortage,Medium,Warehouse unable to fulfill requested quantity. Reported at Ahmedabad facility during shift 2.,Resolved,Kolkata,warehouse unable fulfill request quantity report ahmedabad facility shift
3222,Transportation Failure,Low,Accident blocked scheduled delivery route. Reported at Pune facility during shift 2.,In Progress,Chennai,accident block schedule delivery route report pune facility shift
3223,Shipment Delay,High,Carrier scheduling issue caused shipment delay. Reported at Chennai facility during shift 3.,Resolved,Pune,carrier schedule issue cause shipment delay report chennai facility shift
3224,Warehouse Issue,Low,Storage location information incorrect. Reported at Ahmedabad facility during shift 3.,In Progress,Pune,storage location information incorrect report ahmedabad facility shift
3225,Customs Issue,Low,Shipment flagged for compliance audit. Reported at Chennai facility during shift 1.,Open,Ahmedabad,shipment flag compliance audit report chennai facility shift
3226,Warehouse Issue,Low,Dock congestion slowed warehouse throughput. Reported at Delhi facility during shift 3.,In Progress,Delhi,dock congestion slow warehouse throughput report delhi facility shift
3227,Damaged Goods,Medium,Improper handling caused item breakage. Reported at Bengaluru facility during shift 1.,Resolved,Hyderabad,improper handle cause item breakage report bengaluru facility shift
3228,Inventory Shortage,High,Cycle count revealed stock deficiency. Reported at Mumbai facility during shift 1.,Resolved,Mumbai,cycle count reveal stock deficiency report mumbai facility shift
3229,Transportation Failure,Low,Carrier failed to pick up shipment. Reported at Chennai facility during shift 1.,In Progress,Pune,carrier fail pick shipment report chennai facility shift
3230,Damaged Goods,High,Packaging failure led to damaged products. Reported at Delhi facility during shift 3.,Open,Chennai,package failure lead damage products report delhi facility shift
3231,Documentation Error,High,Missing certificate delayed shipment release. Reported at Delhi facility during shift 3.,In Progress,Bengaluru,miss certificate delay shipment release report delhi facility shift
3232,Damaged Goods,Medium,Goods arrived with visible damage. Reported at Pune facility during shift 3.,Resolved,Bengaluru,goods arrive visible damage report pune facility shift
3233,Inventory Shortage,Medium,Inventory replenishment delayed. Reported at Delhi facility during shift 1.,In Progress,Bengaluru,inventory replenishment delay report delhi facility shift
3234,Customs Issue,Medium,Border security inspection caused delay. Reported at Bengaluru facility during shift 3.,Open,Chennai,border security inspection cause delay report bengaluru facility shift
3235,Damaged Goods,Medium,Water exposure damaged packaged goods. Reported at Ahmedabad facility during shift 3.,Open,Pune,water exposure damage package goods report ahmedabad facility shift
3236,Inventory Shortage,Medium,Inventory replenishment delayed. Reported at Bengaluru facility during shift 2.,Resolved,Pune,inventory replenishment delay report bengaluru facility shift
3237,Shipment Delay,Critical,Last-mile delivery partner unavailable. Reported at Kolkata facility during shift 1.,Resolved,Ahmedabad,lastmile delivery partner unavailable report kolkata facility shift
3238,Shipment Delay,Medium,Cargo loading completed behind schedule. Reported at Delhi facility during shift 2.,Open,Delhi,cargo load complete behind schedule report delhi facility shift
3239,Warehouse Issue,Low,Warehouse staffing shortage reported. Reported at Bengaluru facility during shift 2.,Open,Ahmedabad,warehouse staff shortage report report bengaluru facility shift
3240,Shipment Delay,Medium,Port congestion delayed shipment arrival. Reported at Kolkata facility during shift 1.,Resolved,Bengaluru,port congestion delay shipment arrival report kolkata facility shift
3241,Documentation Error,Low,Missing certificate delayed shipment release. Reported at Delhi facility during shift 3.,In Progress,Kolkata,miss certificate delay shipment release report delhi facility shift
3242,Customs Issue,High,Shipment selected for random inspection. Reported at Hyderabad facility during shift 3.,In Progress,Ahmedabad,shipment select random inspection report hyderabad facility shift
3243,Inventory Shortage,Low,Safety stock threshold breached. Reported at Ahmedabad facility during shift 2.,Open,Bengaluru,safety stock threshold breach report ahmedabad facility shift
3244,Customs Issue,Critical,Import documentation under review. Reported at Delhi facility during shift 1.,Resolved,Chennai,import documentation review report delhi facility shift
3245,Customs Issue,Critical,Customs clearance process delayed. Reported at Hyderabad facility during shift 2.,In Progress,Delhi,customs clearance process delay report hyderabad facility shift
3246,Customs Issue,High,Trade compliance review delayed processing. Reported at Delhi facility during shift 1.,In Progress,Kolkata,trade compliance review delay process report delhi facility shift
3247,Shipment Delay,Critical,Delivery delayed due to traffic disruption. Reported at Delhi facility during shift 3.,In Progress,Bengaluru,delivery delay due traffic disruption report delhi facility shift
3248,Damaged Goods,Low,Fragile goods mishandled during unloading. Reported at Chennai facility during shift 2.,Resolved,Ahmedabad,fragile goods mishandle unload report chennai facility shift
3249,Warehouse Issue,High,Space constraint affected storage operations. Reported at Bengaluru facility during shift 1.,Open,Chennai,space constraint affect storage operations report bengaluru facility shift
3250,Damaged Goods,Low,Pallet collapse resulted in product damage. Reported at Ahmedabad facility during shift 2.,Open,Chennai,pallet collapse result product damage report ahmedabad facility shift
3251,Transportation Failure,High,Accident blocked scheduled delivery route. Reported at Pune facility during shift 1.,In Progress,Mumbai,accident block schedule delivery route report pune facility shift
3252,Customs Issue,Low,Shipment flagged for compliance audit. Reported at Pune facility during shift 1.,Resolved,Mumbai,shipment flag compliance audit report pune facility shift
3253,Inventory Shortage,Medium,Unexpected order spike exhausted stock. Reported at Kolkata facility during shift 1.,Open,Hyderabad,unexpected order spike exhaust stock report kolkata facility shift
3254,Customs Issue,High,Tariff classification review in progress. Reported at Bengaluru facility during shift 3.,In Progress,Pune,tariff classification review progress report bengaluru facility shift
3255,Transportation Failure,Low,Transport route disruption due to road closure. Reported at Pune facility during shift 3.,In Progress,Chennai,transport route disruption due road closure report pune facility shift
3256,Damaged Goods,Low,Water exposure damaged packaged goods. Reported at Hyderabad facility during shift 3.,Open,Mumbai,water exposure damage package goods report hyderabad facility shift
3257,Damaged Goods,Low,Product packaging torn during loading. Reported at Kolkata facility during shift 3.,Open,Pune,product package tear load report kolkata facility shift
3258,Damaged Goods,Medium,Pallet collapse resulted in product damage. Reported at Hyderabad facility during shift 1.,Resolved,Mumbai,pallet collapse result product damage report hyderabad facility shift
3259,Documentation Error,Critical,Data entry error impacted shipment records. Reported at Kolkata facility during shift 3.,Resolved,Pune,data entry error impact shipment record report kolkata facility shift
3260,Transportation Failure,High,Transportation vendor system outage reported. Reported at Ahmedabad facility during shift 2.,Open,Ahmedabad,transportation vendor system outage report report ahmedabad facility shift
3261,Warehouse Issue,Low,Warehouse stock mismatch identified. Reported at Delhi facility during shift 1.,In Progress,Delhi,warehouse stock mismatch identify report delhi facility shift
3262,Customs Issue,High,Shipment held by customs authorities. Reported at Mumbai facility during shift 3.,In Progress,Mumbai,shipment hold customs authorities report mumbai facility shift
3263,Inventory Shortage,Medium,Procurement delay affected inventory availability. Reported at Mumbai facility during shift 1.,Open,Bengaluru,procurement delay affect inventory availability report mumbai facility shift
3264,Warehouse Issue,Medium,Put-away process delayed inventory availability. Reported at Kolkata facility during shift 3.,Resolved,Ahmedabad,putaway process delay inventory availability report kolkata facility shift
3265,Transportation Failure,Low,Delivery vehicle breakdown reported. Reported at Ahmedabad facility during shift 1.,In Progress,Ahmedabad,delivery vehicle breakdown report report ahmedabad facility shift
3266,Transportation Failure,Critical,Logistics partner experienced operational failure. Reported at Mumbai facility during shift 3.,Open,Delhi,logistics partner experience operational failure report mumbai facility shift
3267,Transportation Failure,High,Accident blocked scheduled delivery route. Reported at Kolkata facility during shift 3.,In Progress,Pune,accident block schedule delivery route report kolkata facility shift
3268,Customs Issue,Medium,Border security inspection caused delay. Reported at Ahmedabad facility during shift 3.,In Progress,Bengaluru,border security inspection cause delay report ahmedabad facility shift
3269,Warehouse Issue,Medium,Dock congestion slowed warehouse throughput. Reported at Bengaluru facility during shift 3.,Resolved,Hyderabad,dock congestion slow warehouse throughput report bengaluru facility shift
3270,Inventory Shortage,High,Product unavailable due to inventory mismatch. Reported at Mumbai facility during shift 3.,In Progress,Hyderabad,product unavailable due inventory mismatch report mumbai facility shift
3271,Inventory Shortage,Low,Warehouse stock shortage detected. Reported at Pune facility during shift 1.,Open,Chennai,warehouse stock shortage detect report pune facility shift
3272,Inventory Shortage,High,Product unavailable due to inventory mismatch. Reported at Mumbai facility during shift 2.,In Progress,Ahmedabad,product unavailable due inventory mismatch report mumbai facility shift
3273,Warehouse Issue,Medium,Order picking queue exceeded capacity. Reported at Hyderabad facility during shift 2.,In Progress,Hyderabad,order pick queue exceed capacity report hyderabad facility shift
3274,Transportation Failure,Low,Delivery vehicle breakdown reported. Reported at Chennai facility during shift 1.,Resolved,Ahmedabad,delivery vehicle breakdown report report chennai facility shift
3275,Transportation Failure,Medium,Vehicle maintenance issue halted delivery. Reported at Hyderabad facility during shift 3.,In Progress,Ahmedabad,vehicle maintenance issue halt delivery report hyderabad facility shift
3276,Transportation Failure,Medium,Vehicle maintenance issue halted delivery. Reported at Ahmedabad facility during shift 3.,In Progress,Mumbai,vehicle maintenance issue halt delivery report ahmedabad facility shift
3277,Transportation Failure,High,Transportation network disruption reported. Reported at Bengaluru facility during shift 2.,In Progress,Chennai,transportation network disruption report report bengaluru facility shift
3278,Damaged Goods,Low,Transit vibration caused product defects. Reported at Pune facility during shift 1.,Open,Pune,transit vibration cause product defect report pune facility shift
3279,Damaged Goods,Low,Packaging failure led to damaged products. Reported at Bengaluru facility during shift 2.,Resolved,Kolkata,package failure lead damage products report bengaluru facility shift
3280,Damaged Goods,Low,Container impact damaged shipment contents. Reported at Kolkata facility during shift 3.,In Progress,Ahmedabad,container impact damage shipment content report kolkata facility shift
3281,Shipment Delay,Medium,Truck breakdown caused delivery delay. Reported at Pune facility during shift 1.,In Progress,Bengaluru,truck breakdown cause delivery delay report pune facility shift
3282,Damaged Goods,Medium,Forklift accident damaged inventory. Reported at Chennai facility during shift 3.,In Progress,Chennai,forklift accident damage inventory report chennai facility shift
3283,Inventory Shortage,Low,Safety stock threshold breached. Reported at Pune facility during shift 1.,Open,Ahmedabad,safety stock threshold breach report pune facility shift
3284,Transportation Failure,Low,Accident blocked scheduled delivery route. Reported at Bengaluru facility during shift 2.,Open,Pune,accident block schedule delivery route report bengaluru facility shift
3285,Documentation Error,Medium,Required compliance document missing. Reported at Pune facility during shift 3.,In Progress,Kolkata,require compliance document miss report pune facility shift
3286,Customs Issue,Critical,Tariff classification review in progress. Reported at Bengaluru facility during shift 2.,In Progress,Hyderabad,tariff classification review progress report bengaluru facility shift
3287,Customs Issue,Low,Border inspection extended shipment hold. Reported at Hyderabad facility during shift 3.,Open,Hyderabad,border inspection extend shipment hold report hyderabad facility shift
3288,Documentation Error,Critical,Missing invoice delayed processing. Reported at Kolkata facility during shift 3.,Resolved,Bengaluru,miss invoice delay process report kolkata facility shift
3289,Warehouse Issue,Critical,Cycle count discrepancy identified. Reported at Bengaluru facility during shift 3.,In Progress,Hyderabad,cycle count discrepancy identify report bengaluru facility shift
3290,Documentation Error,Medium,Export declaration contained errors. Reported at Hyderabad facility during shift 1.,In Progress,Kolkata,export declaration contain errors report hyderabad facility shift
3291,Damaged Goods,Low,Package damaged during transportation. Reported at Delhi facility during shift 1.,Resolved,Pune,package damage transportation report delhi facility shift
3292,Documentation Error,High,Purchase order details inconsistent. Reported at Delhi facility during shift 3.,Resolved,Bengaluru,purchase order detail inconsistent report delhi facility shift
3293,Documentation Error,Low,Missing certificate delayed shipment release. Reported at Hyderabad facility during shift 1.,Open,Chennai,miss certificate delay shipment release report hyderabad facility shift
3294,Warehouse Issue,Low,Cycle count discrepancy identified. Reported at Ahmedabad facility during shift 1.,Open,Mumbai,cycle count discrepancy identify report ahmedabad facility shift
3295,Warehouse Issue,Medium,Warehouse management system outage reported. Reported at Chennai facility during shift 2.,Resolved,Pune,warehouse management system outage report report chennai facility shift
3296,Inventory Shortage,Medium,Stockout occurred at fulfillment center. Reported at Kolkata facility during shift 2.,Resolved,Delhi,stockout occur fulfillment center report kolkata facility shift
3297,Warehouse Issue,Low,Space constraint affected storage operations. Reported at Delhi facility during shift 1.,Open,Hyderabad,space constraint affect storage operations report delhi facility shift
3298,Damaged Goods,Medium,Container impact damaged shipment contents. Reported at Kolkata facility during shift 2.,Open,Delhi,container impact damage shipment content report kolkata facility shift
3299,Customs Issue,Low,Border security inspection caused delay. Reported at Bengaluru facility during shift 3.,Open,Delhi,border security inspection cause delay report bengaluru facility shift
3300,Customs Issue,Low,Trade compliance review delayed processing. Reported at Pune facility during shift 1.,Open,Bengaluru,trade compliance review delay process report pune facility shift
3301,Customs Issue,High,Trade compliance review delayed processing. Reported at Ahmedabad facility during shift 2.,In Progress,Kolkata,trade compliance review delay process report ahmedabad facility shift
3302,Inventory Shortage,Medium,Safety stock threshold breached. Reported at Pune facility during shift 3.,In Progress,Chennai,safety stock threshold breach report pune facility shift
3303,Documentation Error,Medium,Purchase order details inconsistent. Reported at Mumbai facility during shift 3.,Open,Hyderabad,purchase order detail inconsistent report mumbai facility shift
3304,Customs Issue,Low,Customs requested additional documentation. Reported at Hyderabad facility during shift 1.,In Progress,Kolkata,customs request additional documentation report hyderabad facility shift
3305,Transportation Failure,Low,Logistics partner experienced operational failure. Reported at Mumbai facility during shift 1.,Resolved,Pune,logistics partner experience operational failure report mumbai facility shift
3306,Shipment Delay,High,Mechanical failure delayed freight movement. Reported at Bengaluru facility during shift 2.,Open,Kolkata,mechanical failure delay freight movement report bengaluru facility shift
3307,Inventory Shortage,High,Warehouse unable to fulfill requested quantity. Reported at Delhi facility during shift 1.,Open,Hyderabad,warehouse unable fulfill request quantity report delhi facility shift
3308,Transportation Failure,Medium,Vehicle maintenance issue halted delivery. Reported at Delhi facility during shift 2.,Resolved,Mumbai,vehicle maintenance issue halt delivery report delhi facility shift
3309,Shipment Delay,Medium,Carrier scheduling issue caused shipment delay. Reported at Bengaluru facility during shift 3.,Resolved,Kolkata,carrier schedule issue cause shipment delay report bengaluru facility shift
3310,Documentation Error,High,Data entry error impacted shipment records. Reported at Kolkata facility during shift 3.,Open,Pune,data entry error impact shipment record report kolkata facility shift
3311,Customs Issue,High,Regulatory approval pending clearance. Reported at Delhi facility during shift 3.,In Progress,Chennai,regulatory approval pending clearance report delhi facility shift
3312,Inventory Shortage,Medium,Warehouse unable to fulfill requested quantity. Reported at Mumbai facility during shift 3.,In Progress,Ahmedabad,warehouse unable fulfill request quantity report mumbai facility shift
3313,Damaged Goods,Low,Product packaging torn during loading. Reported at Ahmedabad facility during shift 2.,Open,Hyderabad,product package tear load report ahmedabad facility shift
3314,Inventory Shortage,Low,Inventory reservation conflict identified. Reported at Pune facility during shift 1.,Resolved,Pune,inventory reservation conflict identify report pune facility shift
3315,Shipment Delay,Medium,Port congestion delayed shipment arrival. Reported at Delhi facility during shift 3.,In Progress,Kolkata,port congestion delay shipment arrival report delhi facility shift
3316,Transportation Failure,High,Driver unavailable for scheduled route. Reported at Delhi facility during shift 2.,Resolved,Delhi,driver unavailable schedule route report delhi facility shift
3317,Inventory Shortage,Critical,Demand exceeded available stock levels. Reported at Delhi facility during shift 3.,Resolved,Bengaluru,demand exceed available stock level report delhi facility shift
3318,Shipment Delay,Medium,Port congestion delayed shipment arrival. Reported at Chennai facility during shift 1.,Resolved,Mumbai,port congestion delay shipment arrival report chennai facility shift
3319,Inventory Shortage,Low,Demand exceeded available stock levels. Reported at Chennai facility during shift 1.,Open,Hyderabad,demand exceed available stock level report chennai facility shift
3320,Transportation Failure,High,Fleet utilization exceeded available capacity. Reported at Ahmedabad facility during shift 1.,Open,Kolkata,fleet utilization exceed available capacity report ahmedabad facility shift
3321,Warehouse Issue,Medium,Warehouse management system outage reported. Reported at Pune facility during shift 1.,In Progress,Delhi,warehouse management system outage report report pune facility shift
3322,Warehouse Issue,Low,Warehouse management system outage reported. Reported at Pune facility during shift 2.,Resolved,Chennai,warehouse management system outage report report pune facility shift
3323,Inventory Shortage,Low,Stockout occurred at fulfillment center. Reported at Pune facility during shift 1.,Open,Bengaluru,stockout occur fulfillment center report pune facility shift
3324,Customs Issue,Low,Border security inspection caused delay. Reported at Hyderabad facility during shift 2.,Open,Bengaluru,border security inspection cause delay report hyderabad facility shift
3325,Damaged Goods,Low,Packaging failure led to damaged products. Reported at Delhi facility during shift 1.,In Progress,Ahmedabad,package failure lead damage products report delhi facility shift
3326,Shipment Delay,Medium,Driver shortage affected transportation schedule. Reported at Chennai facility during shift 1.,Open,Delhi,driver shortage affect transportation schedule report chennai facility shift
3327,Customs Issue,Low,Shipment selected for random inspection. Reported at Delhi facility during shift 2.,In Progress,Chennai,shipment select random inspection report delhi facility shift
3328,Transportation Failure,Medium,Transportation network disruption reported. Reported at Kolkata facility during shift 2.,Resolved,Ahmedabad,transportation network disruption report report kolkata facility shift
3329,Customs Issue,Medium,Shipment selected for random inspection. Reported at Mumbai facility during shift 2.,Resolved,Ahmedabad,shipment select random inspection report mumbai facility shift
3330,Damaged Goods,Low,Transit vibration caused product defects. Reported at Hyderabad facility during shift 2.,Resolved,Delhi,transit vibration cause product defect report hyderabad facility shift
3331,Damaged Goods,Medium,Package damaged during transportation. Reported at Kolkata facility during shift 2.,Open,Ahmedabad,package damage transportation report kolkata facility shift
3332,Inventory Shortage,Low,Unexpected order spike exhausted stock. Reported at Ahmedabad facility during shift 3.,Resolved,Mumbai,unexpected order spike exhaust stock report ahmedabad facility shift
3333,Inventory Shortage,Low,Inventory replenishment delayed. Reported at Pune facility during shift 3.,Resolved,Pune,inventory replenishment delay report pune facility shift
3334,Transportation Failure,Low,Fuel supply issue interrupted transportation. Reported at Hyderabad facility during shift 3.,Resolved,Delhi,fuel supply issue interrupt transportation report hyderabad facility shift
3335,Inventory Shortage,Low,Inventory forecast underestimated demand. Reported at Bengaluru facility during shift 3.,Resolved,Mumbai,inventory forecast underestimate demand report bengaluru facility shift
3336,Warehouse Issue,Low,Storage location information incorrect. Reported at Mumbai facility during shift 1.,Open,Mumbai,storage location information incorrect report mumbai facility shift
3337,Documentation Error,Medium,Export declaration contained errors. Reported at Chennai facility during shift 1.,Resolved,Kolkata,export declaration contain errors report chennai facility shift
3338,Warehouse Issue,Critical,Order consolidation process delayed shipment. Reported at Chennai facility during shift 3.,Open,Ahmedabad,order consolidation process delay shipment report chennai facility shift
3339,Warehouse Issue,Medium,Warehouse stock mismatch identified. Reported at Ahmedabad facility during shift 2.,Resolved,Bengaluru,warehouse stock mismatch identify report ahmedabad facility shift
3340,Documentation Error,Medium,Customs paperwork contained errors. Reported at Pune facility during shift 1.,Resolved,Hyderabad,customs paperwork contain errors report pune facility shift
3341,Customs Issue,Medium,Customs requested additional documentation. Reported at Delhi facility during shift 3.,Open,Ahmedabad,customs request additional documentation report delhi facility shift
3342,Shipment Delay,Critical,Port congestion delayed shipment arrival. Reported at Delhi facility during shift 1.,In Progress,Hyderabad,port congestion delay shipment arrival report delhi facility shift
3343,Inventory Shortage,Low,Demand exceeded available stock levels. Reported at Ahmedabad facility during shift 1.,In Progress,Hyderabad,demand exceed available stock level report ahmedabad facility shift
3344,Inventory Shortage,Low,Inventory replenishment delayed. Reported at Mumbai facility during shift 2.,Resolved,Pune,inventory replenishment delay report mumbai facility shift
3345,Customs Issue,High,Shipment selected for random inspection. Reported at Hyderabad facility during shift 3.,In Progress,Bengaluru,shipment select random inspection report hyderabad facility shift
3346,Inventory Shortage,Medium,Procurement delay affected inventory availability. Reported at Chennai facility during shift 3.,Open,Bengaluru,procurement delay affect inventory availability report chennai facility shift
3347,Damaged Goods,High,Shipment contents damaged in transit. Reported at Hyderabad facility during shift 2.,Open,Hyderabad,shipment content damage transit report hyderabad facility shift
3348,Documentation Error,Medium,Manifest information incomplete. Reported at Ahmedabad facility during shift 3.,In Progress,Chennai,manifest information incomplete report ahmedabad facility shift
3349,Damaged Goods,Low,Improper handling caused item breakage. Reported at Chennai facility during shift 1.,In Progress,Kolkata,improper handle cause item breakage report chennai facility shift
3350,Warehouse Issue,Medium,Inventory misplaced within storage area. Reported at Pune facility during shift 1.,In Progress,Bengaluru,inventory misplace within storage area report pune facility shift
3351,Warehouse Issue,Low,Dock congestion slowed warehouse throughput. Reported at Ahmedabad facility during shift 2.,Resolved,Delhi,dock congestion slow warehouse throughput report ahmedabad facility shift
3352,Transportation Failure,Critical,Fuel supply issue interrupted transportation. Reported at Bengaluru facility during shift 1.,Resolved,Pune,fuel supply issue interrupt transportation report bengaluru facility shift
3353,Transportation Failure,Medium,Logistics partner experienced operational failure. Reported at Hyderabad facility during shift 1.,In Progress,Ahmedabad,logistics partner experience operational failure report hyderabad facility shift
3354,Damaged Goods,Critical,Warehouse accident damaged stored inventory. Reported at Delhi facility during shift 1.,Resolved,Delhi,warehouse accident damage store inventory report delhi facility shift
3355,Shipment Delay,Medium,Delivery delayed due to traffic disruption. Reported at Mumbai facility during shift 2.,Open,Delhi,delivery delay due traffic disruption report mumbai facility shift
3356,Warehouse Issue,Medium,Cycle count discrepancy identified. Reported at Delhi facility during shift 1.,Resolved,Delhi,cycle count discrepancy identify report delhi facility shift
3357,Inventory Shortage,Low,Cycle count revealed stock deficiency. Reported at Hyderabad facility during shift 1.,In Progress,Bengaluru,cycle count reveal stock deficiency report hyderabad facility shift
3358,Shipment Delay,High,Port congestion delayed shipment arrival. Reported at Pune facility during shift 2.,Resolved,Kolkata,port congestion delay shipment arrival report pune facility shift
3359,Inventory Shortage,Medium,Supplier delay created inventory gap. Reported at Bengaluru facility during shift 2.,Open,Kolkata,supplier delay create inventory gap report bengaluru facility shift
3360,Inventory Shortage,High,Inventory reservation conflict identified. Reported at Hyderabad facility during shift 3.,Open,Chennai,inventory reservation conflict identify report hyderabad facility shift
3361,Transportation Failure,Medium,Fuel supply issue interrupted transportation. Reported at Mumbai facility during shift 2.,Resolved,Chennai,fuel supply issue interrupt transportation report mumbai facility shift
3362,Customs Issue,Low,Customs valuation dispute identified. Reported at Pune facility during shift 1.,Resolved,Mumbai,customs valuation dispute identify report pune facility shift
3363,Inventory Shortage,Low,Raw material shortage impacted production. Reported at Chennai facility during shift 1.,Resolved,Bengaluru,raw material shortage impact production report chennai facility shift
3364,Customs Issue,High,Trade compliance review delayed processing. Reported at Delhi facility during shift 1.,Open,Delhi,trade compliance review delay process report delhi facility shift
3365,Warehouse Issue,High,Storage location information incorrect. Reported at Mumbai facility during shift 1.,In Progress,Hyderabad,storage location information incorrect report mumbai facility shift
3366,Documentation Error,Medium,Missing certificate delayed shipment release. Reported at Mumbai facility during shift 3.,Open,Kolkata,miss certificate delay shipment release report mumbai facility shift
3367,Documentation Error,Low,Purchase order details inconsistent. Reported at Ahmedabad facility during shift 2.,Open,Mumbai,purchase order detail inconsistent report ahmedabad facility shift
3368,Warehouse Issue,Medium,Cycle count discrepancy identified. Reported at Mumbai facility during shift 3.,Resolved,Chennai,cycle count discrepancy identify report mumbai facility shift
3369,Transportation Failure,High,Vehicle maintenance issue halted delivery. Reported at Hyderabad facility during shift 1.,Resolved,Chennai,vehicle maintenance issue halt delivery report hyderabad facility shift
3370,Shipment Delay,Medium,Driver shortage affected transportation schedule. Reported at Kolkata facility during shift 1.,Resolved,Ahmedabad,driver shortage affect transportation schedule report kolkata facility shift
3371,Transportation Failure,High,Accident blocked scheduled delivery route. Reported at Ahmedabad facility during shift 1.,Resolved,Pune,accident block schedule delivery route report ahmedabad facility shift
3372,Warehouse Issue,Medium,Put-away process delayed inventory availability. Reported at Kolkata facility during shift 3.,In Progress,Hyderabad,putaway process delay inventory availability report kolkata facility shift
3373,Warehouse Issue,Medium,Put-away process delayed inventory availability. Reported at Mumbai facility during shift 3.,Open,Bengaluru,putaway process delay inventory availability report mumbai facility shift
3374,Damaged Goods,Medium,Fragile goods mishandled during unloading. Reported at Delhi facility during shift 1.,Resolved,Kolkata,fragile goods mishandle unload report delhi facility shift
3375,Warehouse Issue,Low,Storage location information incorrect. Reported at Delhi facility during shift 1.,Open,Hyderabad,storage location information incorrect report delhi facility shift
3376,Customs Issue,Low,Customs clearance process delayed. Reported at Chennai facility during shift 2.,In Progress,Bengaluru,customs clearance process delay report chennai facility shift
3377,Warehouse Issue,Medium,Picking error occurred in warehouse. Reported at Hyderabad facility during shift 3.,Resolved,Mumbai,pick error occur warehouse report hyderabad facility shift
3378,Shipment Delay,High,Last-mile delivery partner unavailable. Reported at Ahmedabad facility during shift 1.,In Progress,Hyderabad,lastmile delivery partner unavailable report ahmedabad facility shift
3379,Documentation Error,Low,Data entry error impacted shipment records. Reported at Mumbai facility during shift 3.,Resolved,Bengaluru,data entry error impact shipment record report mumbai facility shift
3380,Shipment Delay,Low,Dispatch process delayed at origin facility. Reported at Chennai facility during shift 1.,In Progress,Kolkata,dispatch process delay origin facility report chennai facility shift
3381,Transportation Failure,Low,Delivery vehicle breakdown reported. Reported at Delhi facility during shift 3.,Open,Pune,delivery vehicle breakdown report report delhi facility shift
3382,Inventory Shortage,Medium,Procurement delay affected inventory availability. Reported at Delhi facility during shift 3.,Resolved,Kolkata,procurement delay affect inventory availability report delhi facility shift
3383,Inventory Shortage,Medium,Inventory reservation conflict identified. Reported at Mumbai facility during shift 1.,Open,Pune,inventory reservation conflict identify report mumbai facility shift
3384,Warehouse Issue,High,Storage location information incorrect. Reported at Hyderabad facility during shift 1.,Open,Chennai,storage location information incorrect report hyderabad facility shift
3385,Damaged Goods,High,Temperature excursion affected product quality. Reported at Delhi facility during shift 2.,Resolved,Delhi,temperature excursion affect product quality report delhi facility shift
3386,Customs Issue,Medium,Shipment selected for random inspection. Reported at Chennai facility during shift 1.,Resolved,Kolkata,shipment select random inspection report chennai facility shift
3387,Inventory Shortage,Critical,Inventory reservation conflict identified. Reported at Ahmedabad facility during shift 2.,Open,Delhi,inventory reservation conflict identify report ahmedabad facility shift
3388,Warehouse Issue,Medium,Inventory misplaced within storage area. Reported at Bengaluru facility during shift 3.,In Progress,Bengaluru,inventory misplace within storage area report bengaluru facility shift
3389,Inventory Shortage,Critical,Inventory reservation conflict identified. Reported at Ahmedabad facility during shift 2.,Open,Pune,inventory reservation conflict identify report ahmedabad facility shift
3390,Customs Issue,Medium,Customs clearance process delayed. Reported at Kolkata facility during shift 1.,Open,Bengaluru,customs clearance process delay report kolkata facility shift
3391,Transportation Failure,Low,Transportation vendor system outage reported. Reported at Hyderabad facility during shift 1.,Open,Bengaluru,transportation vendor system outage report report hyderabad facility shift
3392,Inventory Shortage,Critical,Raw material shortage impacted production. Reported at Delhi facility during shift 1.,Resolved,Delhi,raw material shortage impact production report delhi facility shift
3393,Shipment Delay,High,Shipment rerouted causing additional transit time. Reported at Bengaluru facility during shift 2.,In Progress,Mumbai,shipment rerouted cause additional transit time report bengaluru facility shift
3394,Documentation Error,Critical,Export declaration contained errors. Reported at Pune facility during shift 3.,Resolved,Chennai,export declaration contain errors report pune facility shift
3395,Transportation Failure,Medium,Trailer availability issue delayed dispatch. Reported at Ahmedabad facility during shift 2.,Resolved,Chennai,trailer availability issue delay dispatch report ahmedabad facility shift
3396,Transportation Failure,Low,Third-party carrier cancelled shipment booking. Reported at Pune facility during shift 3.,Resolved,Mumbai,thirdparty carrier cancel shipment book report pune facility shift
3397,Warehouse Issue,High,Dock congestion slowed warehouse throughput. Reported at Hyderabad facility during shift 1.,Resolved,Delhi,dock congestion slow warehouse throughput report hyderabad facility shift
3398,Transportation Failure,Low,Route planning error delayed movement. Reported at Ahmedabad facility during shift 2.,Resolved,Mumbai,route plan error delay movement report ahmedabad facility shift
3399,Damaged Goods,High,Container impact damaged shipment contents. Reported at Kolkata facility during shift 3.,Resolved,Bengaluru,container impact damage shipment content report kolkata facility shift
3400,Documentation Error,Medium,Data entry error impacted shipment records. Reported at Hyderabad facility during shift 2.,Open,Chennai,data entry error impact shipment record report hyderabad facility shift
3401,Customs Issue,Medium,Trade compliance review delayed processing. Reported at Delhi facility during shift 3.,In Progress,Kolkata,trade compliance review delay process report delhi facility shift
3402,Documentation Error,High,Purchase order details inconsistent. Reported at Delhi facility during shift 3.,Resolved,Mumbai,purchase order detail inconsistent report delhi facility shift
3403,Inventory Shortage,Medium,Safety stock threshold breached. Reported at Ahmedabad facility during shift 1.,Resolved,Delhi,safety stock threshold breach report ahmedabad facility shift
3404,Damaged Goods,Low,Water exposure damaged packaged goods. Reported at Bengaluru facility during shift 3.,In Progress,Chennai,water exposure damage package goods report bengaluru facility shift
3405,Warehouse Issue,Medium,Warehouse management system outage reported. Reported at Hyderabad facility during shift 1.,Resolved,Chennai,warehouse management system outage report report hyderabad facility shift
3406,Transportation Failure,High,Vehicle maintenance issue halted delivery. Reported at Ahmedabad facility during shift 1.,In Progress,Kolkata,vehicle maintenance issue halt delivery report ahmedabad facility shift
3407,Documentation Error,Medium,Required compliance document missing. Reported at Mumbai facility during shift 2.,In Progress,Ahmedabad,require compliance document miss report mumbai facility shift
3408,Shipment Delay,High,Cargo loading completed behind schedule. Reported at Chennai facility during shift 3.,In Progress,Hyderabad,cargo load complete behind schedule report chennai facility shift
3409,Customs Issue,Medium,Customs valuation dispute identified. Reported at Ahmedabad facility during shift 2.,Resolved,Hyderabad,customs valuation dispute identify report ahmedabad facility shift
3410,Transportation Failure,Low,Vehicle maintenance issue halted delivery. Reported at Mumbai facility during shift 3.,Resolved,Hyderabad,vehicle maintenance issue halt delivery report mumbai facility shift
3411,Shipment Delay,Low,Delivery delayed due to traffic disruption. Reported at Ahmedabad facility during shift 1.,In Progress,Pune,delivery delay due traffic disruption report ahmedabad facility shift
3412,Inventory Shortage,Low,Supplier delay created inventory gap. Reported at Mumbai facility during shift 2.,Resolved,Chennai,supplier delay create inventory gap report mumbai facility shift
3413,Damaged Goods,High,Shipment contents damaged in transit. Reported at Pune facility during shift 1.,Open,Kolkata,shipment content damage transit report pune facility shift
3414,Shipment Delay,High,Container missed connecting vessel. Reported at Delhi facility during shift 1.,Open,Delhi,container miss connect vessel report delhi facility shift
3415,Transportation Failure,Medium,Carrier failed to pick up shipment. Reported at Ahmedabad facility during shift 1.,In Progress,Chennai,carrier fail pick shipment report ahmedabad facility shift
3416,Shipment Delay,Medium,Holiday demand surge caused shipping delays. Reported at Delhi facility during shift 2.,In Progress,Pune,holiday demand surge cause ship delay report delhi facility shift
3417,Documentation Error,Medium,Missing invoice delayed processing. Reported at Bengaluru facility during shift 1.,Resolved,Bengaluru,miss invoice delay process report bengaluru facility shift
3418,Warehouse Issue,Medium,Dock congestion slowed warehouse throughput. Reported at Chennai facility during shift 2.,Resolved,Bengaluru,dock congestion slow warehouse throughput report chennai facility shift
3419,Documentation Error,High,Documentation approval pending correction. Reported at Ahmedabad facility during shift 2.,Resolved,Mumbai,documentation approval pending correction report ahmedabad facility shift
3420,Documentation Error,Low,Incorrect consignee information provided. Reported at Kolkata facility during shift 1.,In Progress,Pune,incorrect consignee information provide report kolkata facility shift
3421,Shipment Delay,Low,Shipment delayed due to customs inspection. Reported at Chennai facility during shift 1.,In Progress,Kolkata,shipment delay due customs inspection report chennai facility shift
3422,Warehouse Issue,Medium,Dock congestion slowed warehouse throughput. Reported at Kolkata facility during shift 1.,Resolved,Pune,dock congestion slow warehouse throughput report kolkata facility shift
3423,Customs Issue,Medium,Border inspection extended shipment hold. Reported at Chennai facility during shift 2.,Open,Hyderabad,border inspection extend shipment hold report chennai facility shift
3424,Warehouse Issue,Critical,Cycle count discrepancy identified. Reported at Bengaluru facility during shift 2.,Resolved,Hyderabad,cycle count discrepancy identify report bengaluru facility shift
3425,Transportation Failure,High,Fleet utilization exceeded available capacity. Reported at Chennai facility during shift 3.,Resolved,Chennai,fleet utilization exceed available capacity report chennai facility shift
3426,Customs Issue,Medium,Customs clearance process delayed. Reported at Ahmedabad facility during shift 1.,Resolved,Chennai,customs clearance process delay report ahmedabad facility shift
3427,Shipment Delay,Medium,Truck breakdown caused delivery delay. Reported at Bengaluru facility during shift 2.,Resolved,Mumbai,truck breakdown cause delivery delay report bengaluru facility shift
3428,Shipment Delay,Medium,Unexpected weather conditions slowed transportation. Reported at Hyderabad facility during shift 2.,In Progress,Delhi,unexpected weather condition slow transportation report hyderabad facility shift
3429,Documentation Error,Medium,Documentation approval pending correction. Reported at Chennai facility during shift 2.,Resolved,Pune,documentation approval pending correction report chennai facility shift
3430,Transportation Failure,Low,Transportation vendor system outage reported. Reported at Kolkata facility during shift 2.,Open,Kolkata,transportation vendor system outage report report kolkata facility shift
3431,Inventory Shortage,Medium,Unexpected order spike exhausted stock. Reported at Delhi facility during shift 1.,In Progress,Kolkata,unexpected order spike exhaust stock report delhi facility shift
3432,Warehouse Issue,Critical,Warehouse management system outage reported. Reported at Delhi facility during shift 2.,Open,Delhi,warehouse management system outage report report delhi facility shift
3433,Warehouse Issue,Low,Storage location information incorrect. Reported at Mumbai facility during shift 3.,Open,Bengaluru,storage location information incorrect report mumbai facility shift
3434,Customs Issue,High,Customs valuation dispute identified. Reported at Hyderabad facility during shift 2.,In Progress,Ahmedabad,customs valuation dispute identify report hyderabad facility shift
3435,Damaged Goods,Medium,Improper handling caused item breakage. Reported at Kolkata facility during shift 2.,Resolved,Pune,improper handle cause item breakage report kolkata facility shift
3436,Damaged Goods,Medium,Container impact damaged shipment contents. Reported at Bengaluru facility during shift 3.,Open,Mumbai,container impact damage shipment content report bengaluru facility shift
3437,Warehouse Issue,Low,Warehouse staffing shortage reported. Reported at Bengaluru facility during shift 3.,Open,Ahmedabad,warehouse staff shortage report report bengaluru facility shift
3438,Warehouse Issue,Medium,Picking error occurred in warehouse. Reported at Delhi facility during shift 2.,In Progress,Bengaluru,pick error occur warehouse report delhi facility shift
3439,Shipment Delay,High,Port congestion delayed shipment arrival. Reported at Chennai facility during shift 1.,In Progress,Delhi,port congestion delay shipment arrival report chennai facility shift
3440,Customs Issue,Critical,Import documentation under review. Reported at Mumbai facility during shift 1.,In Progress,Bengaluru,import documentation review report mumbai facility shift
3441,Warehouse Issue,Critical,Dock congestion slowed warehouse throughput. Reported at Delhi facility during shift 3.,In Progress,Delhi,dock congestion slow warehouse throughput report delhi facility shift
3442,Transportation Failure,Medium,Third-party carrier cancelled shipment booking. Reported at Hyderabad facility during shift 3.,Resolved,Bengaluru,thirdparty carrier cancel shipment book report hyderabad facility shift
3443,Documentation Error,Medium,Incorrect consignee information provided. Reported at Pune facility during shift 3.,Resolved,Pune,incorrect consignee information provide report pune facility shift
3444,Inventory Shortage,Medium,Inventory replenishment delayed. Reported at Hyderabad facility during shift 1.,In Progress,Delhi,inventory replenishment delay report hyderabad facility shift
3445,Customs Issue,Medium,Trade compliance review delayed processing. Reported at Pune facility during shift 1.,Resolved,Pune,trade compliance review delay process report pune facility shift
3446,Transportation Failure,Low,Driver unavailable for scheduled route. Reported at Mumbai facility during shift 2.,In Progress,Chennai,driver unavailable schedule route report mumbai facility shift
3447,Documentation Error,Medium,Manifest information incomplete. Reported at Chennai facility during shift 2.,Open,Hyderabad,manifest information incomplete report chennai facility shift
3448,Transportation Failure,Medium,Fleet utilization exceeded available capacity. Reported at Hyderabad facility during shift 2.,In Progress,Bengaluru,fleet utilization exceed available capacity report hyderabad facility shift
3449,Damaged Goods,Medium,Warehouse accident damaged stored inventory. Reported at Delhi facility during shift 2.,Resolved,Hyderabad,warehouse accident damage store inventory report delhi facility shift
3450,Shipment Delay,Medium,Holiday demand surge caused shipping delays. Reported at Ahmedabad facility during shift 1.,In Progress,Ahmedabad,holiday demand surge cause ship delay report ahmedabad facility shift
3451,Inventory Shortage,Low,Stockout occurred at fulfillment center. Reported at Hyderabad facility during shift 3.,In Progress,Bengaluru,stockout occur fulfillment center report hyderabad facility shift
3452,Transportation Failure,Low,Transportation vendor system outage reported. Reported at Chennai facility during shift 1.,Resolved,Bengaluru,transportation vendor system outage report report chennai facility shift
3453,Transportation Failure,Low,Transport route disruption due to road closure. Reported at Mumbai facility during shift 3.,Resolved,Delhi,transport route disruption due road closure report mumbai facility shift
3454,Transportation Failure,Medium,Trailer availability issue delayed dispatch. Reported at Chennai facility during shift 3.,Resolved,Delhi,trailer availability issue delay dispatch report chennai facility shift
3455,Warehouse Issue,High,Order consolidation process delayed shipment. Reported at Mumbai facility during shift 2.,In Progress,Ahmedabad,order consolidation process delay shipment report mumbai facility shift
3456,Inventory Shortage,Medium,Warehouse stock shortage detected. Reported at Hyderabad facility during shift 3.,In Progress,Mumbai,warehouse stock shortage detect report hyderabad facility shift
3457,Damaged Goods,Medium,Goods arrived with visible damage. Reported at Mumbai facility during shift 2.,In Progress,Pune,goods arrive visible damage report mumbai facility shift
3458,Warehouse Issue,High,Dock congestion slowed warehouse throughput. Reported at Bengaluru facility during shift 2.,In Progress,Chennai,dock congestion slow warehouse throughput report bengaluru facility shift
3459,Shipment Delay,Medium,Cargo loading completed behind schedule. Reported at Mumbai facility during shift 2.,In Progress,Bengaluru,cargo load complete behind schedule report mumbai facility shift
3460,Damaged Goods,Low,Shipment contents damaged in transit. Reported at Kolkata facility during shift 2.,In Progress,Ahmedabad,shipment content damage transit report kolkata facility shift
3461,Customs Issue,High,Tariff classification review in progress. Reported at Delhi facility during shift 3.,Resolved,Mumbai,tariff classification review progress report delhi facility shift
3462,Damaged Goods,Low,Forklift accident damaged inventory. Reported at Bengaluru facility during shift 2.,Resolved,Hyderabad,forklift accident damage inventory report bengaluru facility shift
3463,Transportation Failure,Critical,Accident blocked scheduled delivery route. Reported at Kolkata facility during shift 2.,In Progress,Chennai,accident block schedule delivery route report kolkata facility shift
3464,Documentation Error,Low,Documentation approval pending correction. Reported at Chennai facility during shift 3.,Open,Pune,documentation approval pending correction report chennai facility shift
3465,Transportation Failure,Critical,Logistics partner experienced operational failure. Reported at Chennai facility during shift 3.,Resolved,Pune,logistics partner experience operational failure report chennai facility shift
3466,Inventory Shortage,Medium,Product unavailable due to inventory mismatch. Reported at Mumbai facility during shift 3.,Resolved,Hyderabad,product unavailable due inventory mismatch report mumbai facility shift
3467,Damaged Goods,Low,Goods arrived with visible damage. Reported at Hyderabad facility during shift 2.,Resolved,Hyderabad,goods arrive visible damage report hyderabad facility shift
3468,Documentation Error,Medium,Invoice value discrepancy identified. Reported at Ahmedabad facility during shift 3.,Open,Pune,invoice value discrepancy identify report ahmedabad facility shift
3469,Warehouse Issue,Medium,Space constraint affected storage operations. Reported at Ahmedabad facility during shift 2.,Resolved,Pune,space constraint affect storage operations report ahmedabad facility shift
3470,Warehouse Issue,High,Inventory misplaced within storage area. Reported at Delhi facility during shift 3.,Resolved,Chennai,inventory misplace within storage area report delhi facility shift
3471,Inventory Shortage,High,Inventory replenishment delayed. Reported at Mumbai facility during shift 2.,In Progress,Mumbai,inventory replenishment delay report mumbai facility shift
3472,Warehouse Issue,Medium,Storage location information incorrect. Reported at Hyderabad facility during shift 3.,Resolved,Ahmedabad,storage location information incorrect report hyderabad facility shift
3473,Shipment Delay,High,Last-mile delivery partner unavailable. Reported at Chennai facility during shift 2.,Resolved,Hyderabad,lastmile delivery partner unavailable report chennai facility shift
3474,Damaged Goods,High,Receiving inspection identified damaged goods. Reported at Pune facility during shift 1.,Open,Kolkata,receive inspection identify damage goods report pune facility shift
3475,Transportation Failure,Critical,Third-party carrier cancelled shipment booking. Reported at Delhi facility during shift 3.,Resolved,Mumbai,thirdparty carrier cancel shipment book report delhi facility shift
3476,Shipment Delay,Low,Port congestion delayed shipment arrival. Reported at Bengaluru facility during shift 3.,Resolved,Pune,port congestion delay shipment arrival report bengaluru facility shift
3477,Warehouse Issue,Medium,Order picking queue exceeded capacity. Reported at Mumbai facility during shift 1.,Resolved,Ahmedabad,order pick queue exceed capacity report mumbai facility shift
3478,Warehouse Issue,Critical,Inventory misplaced within storage area. Reported at Mumbai facility during shift 2.,In Progress,Chennai,inventory misplace within storage area report mumbai facility shift
3479,Warehouse Issue,Medium,Warehouse stock mismatch identified. Reported at Delhi facility during shift 1.,Resolved,Chennai,warehouse stock mismatch identify report delhi facility shift
3480,Damaged Goods,High,Water exposure damaged packaged goods. Reported at Delhi facility during shift 3.,In Progress,Bengaluru,water exposure damage package goods report delhi facility shift
3481,Inventory Shortage,Medium,Inventory reservation conflict identified. Reported at Pune facility during shift 1.,Resolved,Pune,inventory reservation conflict identify report pune facility shift
3482,Customs Issue,Medium,Shipment flagged for compliance audit. Reported at Chennai facility during shift 3.,Resolved,Chennai,shipment flag compliance audit report chennai facility shift
3483,Warehouse Issue,Low,Warehouse staffing shortage reported. Reported at Pune facility during shift 1.,In Progress,Chennai,warehouse staff shortage report report pune facility shift
3484,Customs Issue,Medium,Regulatory approval pending clearance. Reported at Mumbai facility during shift 1.,Resolved,Mumbai,regulatory approval pending clearance report mumbai facility shift
3485,Shipment Delay,Critical,Unexpected weather conditions slowed transportation. Reported at Delhi facility during shift 3.,In Progress,Delhi,unexpected weather condition slow transportation report delhi facility shift
3486,Customs Issue,Low,Trade compliance review delayed processing. Reported at Pune facility during shift 2.,Resolved,Kolkata,trade compliance review delay process report pune facility shift
3487,Shipment Delay,Medium,Rail transport delay impacted delivery timeline. Reported at Chennai facility during shift 3.,Resolved,Mumbai,rail transport delay impact delivery timeline report chennai facility shift
3488,Warehouse Issue,Low,Inventory misplaced within storage area. Reported at Mumbai facility during shift 1.,Open,Delhi,inventory misplace within storage area report mumbai facility shift
3489,Damaged Goods,Medium,Forklift accident damaged inventory. Reported at Ahmedabad facility during shift 1.,In Progress,Ahmedabad,forklift accident damage inventory report ahmedabad facility shift
3490,Inventory Shortage,Critical,Supplier delay created inventory gap. Reported at Kolkata facility during shift 1.,Open,Bengaluru,supplier delay create inventory gap report kolkata facility shift
3491,Customs Issue,Low,Customs requested additional documentation. Reported at Kolkata facility during shift 3.,In Progress,Bengaluru,customs request additional documentation report kolkata facility shift
3492,Warehouse Issue,Low,Cycle count discrepancy identified. Reported at Chennai facility during shift 3.,In Progress,Pune,cycle count discrepancy identify report chennai facility shift
3493,Warehouse Issue,Medium,Space constraint affected storage operations. Reported at Kolkata facility during shift 1.,In Progress,Ahmedabad,space constraint affect storage operations report kolkata facility shift
3494,Customs Issue,Medium,Border inspection extended shipment hold. Reported at Mumbai facility during shift 3.,In Progress,Kolkata,border inspection extend shipment hold report mumbai facility shift
3495,Inventory Shortage,Low,Cycle count revealed stock deficiency. Reported at Ahmedabad facility during shift 3.,In Progress,Mumbai,cycle count reveal stock deficiency report ahmedabad facility shift
3496,Shipment Delay,Medium,Delivery delayed due to traffic disruption. Reported at Hyderabad facility during shift 1.,Resolved,Chennai,delivery delay due traffic disruption report hyderabad facility shift
3497,Customs Issue,Medium,Import documentation under review. Reported at Bengaluru facility during shift 2.,In Progress,Chennai,import documentation review report bengaluru facility shift
3498,Warehouse Issue,Medium,Storage location information incorrect. Reported at Kolkata facility during shift 3.,Open,Pune,storage location information incorrect report kolkata facility shift
3499,Inventory Shortage,Low,Stockout occurred at fulfillment center. Reported at Delhi facility during shift 3.,In Progress,Hyderabad,stockout occur fulfillment center report delhi facility shift
3500,Shipment Delay,Low,Holiday demand surge caused shipping delays. Reported at Kolkata facility during shift 1.,Open,Ahmedabad,holiday demand surge cause ship delay report kolkata facility shift
3501,Damaged Goods,Medium,Fragile goods mishandled during unloading. Reported at Bengaluru facility during shift 2.,Resolved,Hyderabad,fragile goods mishandle unload report bengaluru facility shift
3502,Transportation Failure,Critical,Transportation network disruption reported. Reported at Hyderabad facility during shift 1.,Open,Chennai,transportation network disruption report report hyderabad facility shift
3503,Inventory Shortage,Medium,Raw material shortage impacted production. Reported at Chennai facility during shift 1.,Open,Chennai,raw material shortage impact production report chennai facility shift
3504,Damaged Goods,Low,Goods arrived with visible damage. Reported at Ahmedabad facility during shift 2.,Open,Mumbai,goods arrive visible damage report ahmedabad facility shift
3505,Damaged Goods,Low,Fragile goods mishandled during unloading. Reported at Hyderabad facility during shift 3.,Open,Bengaluru,fragile goods mishandle unload report hyderabad facility shift
3506,Documentation Error,Medium,Incorrect consignee information provided. Reported at Bengaluru facility during shift 1.,Resolved,Chennai,incorrect consignee information provide report bengaluru facility shift
3507,Transportation Failure,Medium,Fleet utilization exceeded available capacity. Reported at Kolkata facility during shift 2.,Resolved,Chennai,fleet utilization exceed available capacity report kolkata facility shift
3508,Documentation Error,Medium,Customs paperwork contained errors. Reported at Delhi facility during shift 3.,In Progress,Ahmedabad,customs paperwork contain errors report delhi facility shift
3509,Warehouse Issue,Low,Inventory allocation issue detected. Reported at Pune facility during shift 2.,Resolved,Bengaluru,inventory allocation issue detect report pune facility shift
3510,Warehouse Issue,High,Warehouse staffing shortage reported. Reported at Pune facility during shift 3.,In Progress,Delhi,warehouse staff shortage report report pune facility shift
3511,Warehouse Issue,Low,Warehouse management system outage reported. Reported at Mumbai facility during shift 2.,Open,Chennai,warehouse management system outage report report mumbai facility shift
3512,Customs Issue,High,Tariff classification review in progress. Reported at Mumbai facility during shift 1.,In Progress,Chennai,tariff classification review progress report mumbai facility shift
3513,Inventory Shortage,Medium,Stockout occurred at fulfillment center. Reported at Bengaluru facility during shift 3.,Resolved,Mumbai,stockout occur fulfillment center report bengaluru facility shift
3514,Documentation Error,Medium,Export declaration contained errors. Reported at Bengaluru facility during shift 3.,Resolved,Pune,export declaration contain errors report bengaluru facility shift
3515,Documentation Error,Medium,Bill of lading information mismatch detected. Reported at Bengaluru facility during shift 1.,In Progress,Ahmedabad,bill lade information mismatch detect report bengaluru facility shift
3516,Shipment Delay,Low,Holiday demand surge caused shipping delays. Reported at Hyderabad facility during shift 1.,Open,Chennai,holiday demand surge cause ship delay report hyderabad facility shift
3517,Documentation Error,Low,Shipping label generated with incorrect address. Reported at Mumbai facility during shift 2.,Resolved,Kolkata,ship label generate incorrect address report mumbai facility shift
3518,Shipment Delay,Low,Port congestion delayed shipment arrival. Reported at Delhi facility during shift 2.,In Progress,Delhi,port congestion delay shipment arrival report delhi facility shift
3519,Shipment Delay,Medium,Mechanical failure delayed freight movement. Reported at Hyderabad facility during shift 1.,Open,Bengaluru,mechanical failure delay freight movement report hyderabad facility shift
3520,Shipment Delay,Medium,Rail transport delay impacted delivery timeline. Reported at Chennai facility during shift 3.,In Progress,Ahmedabad,rail transport delay impact delivery timeline report chennai facility shift
3521,Inventory Shortage,Low,Warehouse stock shortage detected. Reported at Hyderabad facility during shift 2.,Open,Ahmedabad,warehouse stock shortage detect report hyderabad facility shift
3522,Customs Issue,Medium,Border security inspection caused delay. Reported at Hyderabad facility during shift 1.,Open,Hyderabad,border security inspection cause delay report hyderabad facility shift
3523,Damaged Goods,Medium,Warehouse accident damaged stored inventory. Reported at Bengaluru facility during shift 3.,Open,Ahmedabad,warehouse accident damage store inventory report bengaluru facility shift
3524,Customs Issue,Critical,Border security inspection caused delay. Reported at Hyderabad facility during shift 1.,Open,Delhi,border security inspection cause delay report hyderabad facility shift
3525,Warehouse Issue,Medium,Inventory allocation issue detected. Reported at Ahmedabad facility during shift 1.,Resolved,Ahmedabad,inventory allocation issue detect report ahmedabad facility shift
3526,Inventory Shortage,High,Procurement delay affected inventory availability. Reported at Kolkata facility during shift 2.,Resolved,Kolkata,procurement delay affect inventory availability report kolkata facility shift
3527,Inventory Shortage,Low,Inventory replenishment delayed. Reported at Delhi facility during shift 2.,In Progress,Hyderabad,inventory replenishment delay report delhi facility shift
3528,Warehouse Issue,Low,Storage location information incorrect. Reported at Delhi facility during shift 2.,Resolved,Bengaluru,storage location information incorrect report delhi facility shift
3529,Inventory Shortage,Medium,Supplier delay created inventory gap. Reported at Mumbai facility during shift 1.,Resolved,Chennai,supplier delay create inventory gap report mumbai facility shift
3530,Shipment Delay,Medium,Unexpected weather conditions slowed transportation. Reported at Hyderabad facility during shift 2.,Open,Kolkata,unexpected weather condition slow transportation report hyderabad facility shift
3531,Inventory Shortage,Low,Warehouse stock shortage detected. Reported at Ahmedabad facility during shift 1.,In Progress,Ahmedabad,warehouse stock shortage detect report ahmedabad facility shift
3532,Customs Issue,Critical,Customs valuation dispute identified. Reported at Delhi facility during shift 1.,Open,Chennai,customs valuation dispute identify report delhi facility shift
3533,Shipment Delay,Medium,Rail transport delay impacted delivery timeline. Reported at Pune facility during shift 1.,In Progress,Delhi,rail transport delay impact delivery timeline report pune facility shift
3534,Shipment Delay,Medium,Rail transport delay impacted delivery timeline. Reported at Pune facility during shift 1.,Resolved,Chennai,rail transport delay impact delivery timeline report pune facility shift
3535,Shipment Delay,Medium,Container missed connecting vessel. Reported at Ahmedabad facility during shift 2.,Open,Chennai,container miss connect vessel report ahmedabad facility shift
3536,Shipment Delay,Medium,Last-mile delivery partner unavailable. Reported at Bengaluru facility during shift 1.,Resolved,Chennai,lastmile delivery partner unavailable report bengaluru facility shift
3537,Shipment Delay,Medium,Driver shortage affected transportation schedule. Reported at Ahmedabad facility during shift 1.,Open,Bengaluru,driver shortage affect transportation schedule report ahmedabad facility shift
3538,Warehouse Issue,Medium,Space constraint affected storage operations. Reported at Chennai facility during shift 3.,Open,Mumbai,space constraint affect storage operations report chennai facility shift
3539,Shipment Delay,Low,Unexpected weather conditions slowed transportation. Reported at Kolkata facility during shift 3.,Resolved,Ahmedabad,unexpected weather condition slow transportation report kolkata facility shift
3540,Shipment Delay,Low,Shipment rerouted causing additional transit time. Reported at Kolkata facility during shift 2.,Open,Chennai,shipment rerouted cause additional transit time report kolkata facility shift
3541,Warehouse Issue,High,Warehouse staffing shortage reported. Reported at Hyderabad facility during shift 2.,Resolved,Hyderabad,warehouse staff shortage report report hyderabad facility shift
3542,Customs Issue,Low,Tariff classification review in progress. Reported at Mumbai facility during shift 2.,Open,Mumbai,tariff classification review progress report mumbai facility shift
3543,Transportation Failure,Low,Transportation network disruption reported. Reported at Chennai facility during shift 2.,Open,Kolkata,transportation network disruption report report chennai facility shift
3544,Shipment Delay,Low,Port congestion delayed shipment arrival. Reported at Bengaluru facility during shift 2.,Open,Delhi,port congestion delay shipment arrival report bengaluru facility shift
3545,Damaged Goods,Medium,Goods arrived with visible damage. Reported at Mumbai facility during shift 3.,Open,Pune,goods arrive visible damage report mumbai facility shift
3546,Inventory Shortage,Low,Demand exceeded available stock levels. Reported at Hyderabad facility during shift 1.,Resolved,Chennai,demand exceed available stock level report hyderabad facility shift
3547,Documentation Error,High,Required compliance document missing. Reported at Hyderabad facility during shift 3.,In Progress,Delhi,require compliance document miss report hyderabad facility shift
3548,Transportation Failure,Medium,Route planning error delayed movement. Reported at Chennai facility during shift 1.,In Progress,Pune,route plan error delay movement report chennai facility shift
3549,Damaged Goods,Medium,Product packaging torn during loading. Reported at Bengaluru facility during shift 1.,Open,Ahmedabad,product package tear load report bengaluru facility shift
3550,Documentation Error,Medium,Manifest information incomplete. Reported at Hyderabad facility during shift 3.,Resolved,Delhi,manifest information incomplete report hyderabad facility shift
3551,Damaged Goods,Medium,Water exposure damaged packaged goods. Reported at Pune facility during shift 3.,Open,Kolkata,water exposure damage package goods report pune facility shift
3552,Shipment Delay,Medium,Port congestion delayed shipment arrival. Reported at Mumbai facility during shift 1.,Open,Pune,port congestion delay shipment arrival report mumbai facility shift
3553,Documentation Error,High,Documentation approval pending correction. Reported at Mumbai facility during shift 1.,Resolved,Kolkata,documentation approval pending correction report mumbai facility shift
3554,Warehouse Issue,Medium,Put-away process delayed inventory availability. Reported at Hyderabad facility during shift 3.,Resolved,Kolkata,putaway process delay inventory availability report hyderabad facility shift
3555,Damaged Goods,Medium,Improper handling caused item breakage. Reported at Kolkata facility during shift 3.,Open,Bengaluru,improper handle cause item breakage report kolkata facility shift
3556,Transportation Failure,Medium,Fuel supply issue interrupted transportation. Reported at Chennai facility during shift 1.,In Progress,Hyderabad,fuel supply issue interrupt transportation report chennai facility shift
3557,Transportation Failure,High,Vehicle maintenance issue halted delivery. Reported at Chennai facility during shift 3.,In Progress,Mumbai,vehicle maintenance issue halt delivery report chennai facility shift
3558,Documentation Error,Low,Missing invoice delayed processing. Reported at Chennai facility during shift 2.,Resolved,Delhi,miss invoice delay process report chennai facility shift
3559,Shipment Delay,Low,Delivery delayed due to traffic disruption. Reported at Hyderabad facility during shift 1.,Resolved,Bengaluru,delivery delay due traffic disruption report hyderabad facility shift
3560,Transportation Failure,High,Route planning error delayed movement. Reported at Delhi facility during shift 1.,Open,Hyderabad,route plan error delay movement report delhi facility shift
3561,Documentation Error,Medium,Required compliance document missing. Reported at Kolkata facility during shift 2.,Open,Delhi,require compliance document miss report kolkata facility shift
3562,Shipment Delay,Low,Unexpected weather conditions slowed transportation. Reported at Kolkata facility during shift 2.,Open,Delhi,unexpected weather condition slow transportation report kolkata facility shift
3563,Customs Issue,Low,Trade compliance review delayed processing. Reported at Chennai facility during shift 1.,Open,Bengaluru,trade compliance review delay process report chennai facility shift
3564,Customs Issue,Critical,Regulatory approval pending clearance. Reported at Ahmedabad facility during shift 3.,Open,Chennai,regulatory approval pending clearance report ahmedabad facility shift
3565,Damaged Goods,High,Receiving inspection identified damaged goods. Reported at Pune facility during shift 1.,Open,Chennai,receive inspection identify damage goods report pune facility shift
3566,Shipment Delay,Medium,Shipment delayed due to customs inspection. Reported at Chennai facility during shift 3.,Open,Hyderabad,shipment delay due customs inspection report chennai facility shift
3567,Customs Issue,Low,Regulatory approval pending clearance. Reported at Kolkata facility during shift 2.,Open,Chennai,regulatory approval pending clearance report kolkata facility shift
3568,Shipment Delay,Low,Cargo loading completed behind schedule. Reported at Mumbai facility during shift 1.,In Progress,Chennai,cargo load complete behind schedule report mumbai facility shift
3569,Shipment Delay,Medium,Rail transport delay impacted delivery timeline. Reported at Mumbai facility during shift 2.,Resolved,Delhi,rail transport delay impact delivery timeline report mumbai facility shift
3570,Warehouse Issue,Medium,Warehouse processing backlog reported. Reported at Delhi facility during shift 3.,In Progress,Ahmedabad,warehouse process backlog report report delhi facility shift
3571,Customs Issue,Low,Regulatory approval pending clearance. Reported at Chennai facility during shift 2.,Resolved,Pune,regulatory approval pending clearance report chennai facility shift
3572,Damaged Goods,Medium,Temperature excursion affected product quality. Reported at Mumbai facility during shift 3.,In Progress,Kolkata,temperature excursion affect product quality report mumbai facility shift
3573,Inventory Shortage,Critical,Warehouse stock shortage detected. Reported at Chennai facility during shift 1.,Resolved,Hyderabad,warehouse stock shortage detect report chennai facility shift
3574,Customs Issue,Low,Border inspection extended shipment hold. Reported at Bengaluru facility during shift 2.,Open,Bengaluru,border inspection extend shipment hold report bengaluru facility shift
3575,Transportation Failure,High,Transport route disruption due to road closure. Reported at Mumbai facility during shift 3.,In Progress,Mumbai,transport route disruption due road closure report mumbai facility shift
3576,Customs Issue,Low,Border security inspection caused delay. Reported at Pune facility during shift 3.,Resolved,Delhi,border security inspection cause delay report pune facility shift
3577,Warehouse Issue,Critical,Cycle count discrepancy identified. Reported at Hyderabad facility during shift 1.,Open,Hyderabad,cycle count discrepancy identify report hyderabad facility shift
3578,Warehouse Issue,Medium,Warehouse staffing shortage reported. Reported at Chennai facility during shift 1.,In Progress,Bengaluru,warehouse staff shortage report report chennai facility shift
3579,Damaged Goods,Medium,Pallet collapse resulted in product damage. Reported at Kolkata facility during shift 1.,In Progress,Hyderabad,pallet collapse result product damage report kolkata facility shift
3580,Damaged Goods,Medium,Container impact damaged shipment contents. Reported at Hyderabad facility during shift 2.,Open,Chennai,container impact damage shipment content report hyderabad facility shift
3581,Shipment Delay,High,Shipment delayed due to customs inspection. Reported at Delhi facility during shift 2.,Resolved,Chennai,shipment delay due customs inspection report delhi facility shift
3582,Warehouse Issue,Medium,Storage location information incorrect. Reported at Mumbai facility during shift 3.,Open,Bengaluru,storage location information incorrect report mumbai facility shift
3583,Documentation Error,Low,Export declaration contained errors. Reported at Hyderabad facility during shift 1.,In Progress,Delhi,export declaration contain errors report hyderabad facility shift
3584,Shipment Delay,High,Cargo loading completed behind schedule. Reported at Pune facility during shift 3.,In Progress,Hyderabad,cargo load complete behind schedule report pune facility shift
3585,Customs Issue,Low,Customs requested additional documentation. Reported at Delhi facility during shift 2.,In Progress,Bengaluru,customs request additional documentation report delhi facility shift
3586,Transportation Failure,Medium,Vehicle maintenance issue halted delivery. Reported at Delhi facility during shift 1.,In Progress,Chennai,vehicle maintenance issue halt delivery report delhi facility shift
3587,Shipment Delay,Medium,Carrier scheduling issue caused shipment delay. Reported at Mumbai facility during shift 1.,Resolved,Delhi,carrier schedule issue cause shipment delay report mumbai facility shift
3588,Documentation Error,Medium,Data entry error impacted shipment records. Reported at Pune facility during shift 1.,Resolved,Kolkata,data entry error impact shipment record report pune facility shift
3589,Shipment Delay,Critical,Shipment rerouted causing additional transit time. Reported at Delhi facility during shift 3.,In Progress,Chennai,shipment rerouted cause additional transit time report delhi facility shift
3590,Damaged Goods,High,Fragile goods mishandled during unloading. Reported at Kolkata facility during shift 1.,Open,Ahmedabad,fragile goods mishandle unload report kolkata facility shift
3591,Documentation Error,Low,Customs paperwork contained errors. Reported at Bengaluru facility during shift 1.,In Progress,Chennai,customs paperwork contain errors report bengaluru facility shift
3592,Shipment Delay,Low,Truck breakdown caused delivery delay. Reported at Delhi facility during shift 3.,Open,Ahmedabad,truck breakdown cause delivery delay report delhi facility shift
3593,Shipment Delay,High,Shipment delayed due to customs inspection. Reported at Mumbai facility during shift 3.,Open,Bengaluru,shipment delay due customs inspection report mumbai facility shift
3594,Inventory Shortage,Medium,Cycle count revealed stock deficiency. Reported at Kolkata facility during shift 1.,Open,Chennai,cycle count reveal stock deficiency report kolkata facility shift
3595,Customs Issue,High,Country-specific restriction affected import. Reported at Hyderabad facility during shift 3.,Open,Ahmedabad,countryspecific restriction affect import report hyderabad facility shift
3596,Customs Issue,Low,Tariff classification review in progress. Reported at Kolkata facility during shift 2.,Resolved,Hyderabad,tariff classification review progress report kolkata facility shift
3597,Damaged Goods,Medium,Pallet collapse resulted in product damage. Reported at Chennai facility during shift 2.,Open,Ahmedabad,pallet collapse result product damage report chennai facility shift
3598,Transportation Failure,High,Logistics partner experienced operational failure. Reported at Hyderabad facility during shift 2.,Open,Mumbai,logistics partner experience operational failure report hyderabad facility shift
3599,Documentation Error,Low,Missing invoice delayed processing. Reported at Pune facility during shift 1.,In Progress,Bengaluru,miss invoice delay process report pune facility shift
3600,Customs Issue,Low,Regulatory verification delayed release. Reported at Ahmedabad facility during shift 1.,In Progress,Kolkata,regulatory verification delay release report ahmedabad facility shift
3601,Shipment Delay,Low,Last-mile delivery partner unavailable. Reported at Kolkata facility during shift 3.,In Progress,Mumbai,lastmile delivery partner unavailable report kolkata facility shift
3602,Customs Issue,Medium,Customs valuation dispute identified. Reported at Delhi facility during shift 2.,Open,Kolkata,customs valuation dispute identify report delhi facility shift
3603,Transportation Failure,High,Delivery vehicle breakdown reported. Reported at Kolkata facility during shift 2.,In Progress,Pune,delivery vehicle breakdown report report kolkata facility shift
3604,Customs Issue,High,Shipment selected for random inspection. Reported at Kolkata facility during shift 1.,In Progress,Mumbai,shipment select random inspection report kolkata facility shift
3605,Documentation Error,High,Shipping label generated with incorrect address. Reported at Ahmedabad facility during shift 2.,In Progress,Hyderabad,ship label generate incorrect address report ahmedabad facility shift
3606,Warehouse Issue,Medium,Cycle count discrepancy identified. Reported at Hyderabad facility during shift 2.,Open,Delhi,cycle count discrepancy identify report hyderabad facility shift
3607,Documentation Error,Low,Incorrect shipping documentation submitted. Reported at Bengaluru facility during shift 2.,In Progress,Mumbai,incorrect ship documentation submit report bengaluru facility shift
3608,Warehouse Issue,Medium,Inventory misplaced within storage area. Reported at Hyderabad facility during shift 3.,In Progress,Delhi,inventory misplace within storage area report hyderabad facility shift
3609,Inventory Shortage,High,Demand exceeded available stock levels. Reported at Pune facility during shift 2.,In Progress,Chennai,demand exceed available stock level report pune facility shift
3610,Damaged Goods,High,Packaging failure led to damaged products. Reported at Kolkata facility during shift 3.,Resolved,Delhi,package failure lead damage products report kolkata facility shift
3611,Shipment Delay,High,Port congestion delayed shipment arrival. Reported at Mumbai facility during shift 2.,In Progress,Hyderabad,port congestion delay shipment arrival report mumbai facility shift
3612,Documentation Error,Medium,Data entry error impacted shipment records. Reported at Pune facility during shift 1.,Resolved,Delhi,data entry error impact shipment record report pune facility shift
3613,Shipment Delay,Medium,Delivery delayed due to traffic disruption. Reported at Hyderabad facility during shift 2.,Open,Mumbai,delivery delay due traffic disruption report hyderabad facility shift
3614,Shipment Delay,Medium,Shipment rerouted causing additional transit time. Reported at Ahmedabad facility during shift 1.,Open,Delhi,shipment rerouted cause additional transit time report ahmedabad facility shift
3615,Transportation Failure,Medium,Logistics partner experienced operational failure. Reported at Chennai facility during shift 3.,In Progress,Bengaluru,logistics partner experience operational failure report chennai facility shift
3616,Damaged Goods,High,Fragile goods mishandled during unloading. Reported at Hyderabad facility during shift 3.,Resolved,Delhi,fragile goods mishandle unload report hyderabad facility shift
3617,Customs Issue,High,Customs clearance process delayed. Reported at Hyderabad facility during shift 3.,Resolved,Chennai,customs clearance process delay report hyderabad facility shift
3618,Transportation Failure,Medium,Fuel supply issue interrupted transportation. Reported at Hyderabad facility during shift 1.,Open,Mumbai,fuel supply issue interrupt transportation report hyderabad facility shift
3619,Shipment Delay,High,Port congestion delayed shipment arrival. Reported at Mumbai facility during shift 1.,In Progress,Hyderabad,port congestion delay shipment arrival report mumbai facility shift
3620,Inventory Shortage,High,Raw material shortage impacted production. Reported at Hyderabad facility during shift 1.,Open,Bengaluru,raw material shortage impact production report hyderabad facility shift
3621,Warehouse Issue,Medium,Warehouse stock mismatch identified. Reported at Mumbai facility during shift 3.,In Progress,Kolkata,warehouse stock mismatch identify report mumbai facility shift
3622,Shipment Delay,Low,Holiday demand surge caused shipping delays. Reported at Bengaluru facility during shift 2.,Resolved,Kolkata,holiday demand surge cause ship delay report bengaluru facility shift
3623,Shipment Delay,Low,Shipment delayed due to customs inspection. Reported at Bengaluru facility during shift 1.,Resolved,Bengaluru,shipment delay due customs inspection report bengaluru facility shift
3624,Shipment Delay,High,Rail transport delay impacted delivery timeline. Reported at Ahmedabad facility during shift 3.,Resolved,Chennai,rail transport delay impact delivery timeline report ahmedabad facility shift
3625,Shipment Delay,Critical,Truck breakdown caused delivery delay. Reported at Hyderabad facility during shift 1.,Open,Hyderabad,truck breakdown cause delivery delay report hyderabad facility shift
3626,Transportation Failure,Low,Transportation network disruption reported. Reported at Mumbai facility during shift 1.,Resolved,Ahmedabad,transportation network disruption report report mumbai facility shift
3627,Customs Issue,Medium,Customs clearance process delayed. Reported at Ahmedabad facility during shift 3.,Open,Mumbai,customs clearance process delay report ahmedabad facility shift
3628,Customs Issue,High,Shipment selected for random inspection. Reported at Kolkata facility during shift 1.,In Progress,Chennai,shipment select random inspection report kolkata facility shift
3629,Customs Issue,Medium,Shipment flagged for compliance audit. Reported at Hyderabad facility during shift 1.,In Progress,Ahmedabad,shipment flag compliance audit report hyderabad facility shift
3630,Warehouse Issue,Critical,Inventory misplaced within storage area. Reported at Pune facility during shift 2.,Resolved,Mumbai,inventory misplace within storage area report pune facility shift
3631,Shipment Delay,Low,Unexpected weather conditions slowed transportation. Reported at Ahmedabad facility during shift 2.,Resolved,Delhi,unexpected weather condition slow transportation report ahmedabad facility shift
3632,Customs Issue,Critical,Customs clearance process delayed. Reported at Chennai facility during shift 2.,Resolved,Ahmedabad,customs clearance process delay report chennai facility shift
3633,Documentation Error,Low,Data entry error impacted shipment records. Reported at Chennai facility during shift 2.,In Progress,Chennai,data entry error impact shipment record report chennai facility shift
3634,Customs Issue,Critical,Border inspection extended shipment hold. Reported at Ahmedabad facility during shift 1.,Open,Kolkata,border inspection extend shipment hold report ahmedabad facility shift
3635,Shipment Delay,Medium,Cargo loading completed behind schedule. Reported at Mumbai facility during shift 3.,Open,Delhi,cargo load complete behind schedule report mumbai facility shift
3636,Inventory Shortage,Medium,Raw material shortage impacted production. Reported at Kolkata facility during shift 2.,Open,Bengaluru,raw material shortage impact production report kolkata facility shift
3637,Transportation Failure,Medium,Driver unavailable for scheduled route. Reported at Bengaluru facility during shift 1.,In Progress,Mumbai,driver unavailable schedule route report bengaluru facility shift
3638,Shipment Delay,Low,Port congestion delayed shipment arrival. Reported at Hyderabad facility during shift 3.,Resolved,Pune,port congestion delay shipment arrival report hyderabad facility shift
3639,Warehouse Issue,Low,Receiving delay impacted warehouse operations. Reported at Ahmedabad facility during shift 3.,Open,Hyderabad,receive delay impact warehouse operations report ahmedabad facility shift
3640,Customs Issue,High,Trade compliance review delayed processing. Reported at Hyderabad facility during shift 1.,Open,Bengaluru,trade compliance review delay process report hyderabad facility shift
3641,Transportation Failure,Medium,Carrier failed to pick up shipment. Reported at Delhi facility during shift 1.,Open,Kolkata,carrier fail pick shipment report delhi facility shift
3642,Documentation Error,Medium,Missing certificate delayed shipment release. Reported at Kolkata facility during shift 3.,In Progress,Hyderabad,miss certificate delay shipment release report kolkata facility shift
3643,Transportation Failure,Medium,Accident blocked scheduled delivery route. Reported at Ahmedabad facility during shift 1.,In Progress,Pune,accident block schedule delivery route report ahmedabad facility shift
3644,Shipment Delay,Medium,Delivery delayed due to traffic disruption. Reported at Mumbai facility during shift 1.,In Progress,Delhi,delivery delay due traffic disruption report mumbai facility shift
3645,Shipment Delay,Low,Container missed connecting vessel. Reported at Chennai facility during shift 3.,In Progress,Hyderabad,container miss connect vessel report chennai facility shift
3646,Warehouse Issue,Low,Storage location information incorrect. Reported at Kolkata facility during shift 1.,Open,Bengaluru,storage location information incorrect report kolkata facility shift
3647,Inventory Shortage,Medium,Safety stock threshold breached. Reported at Chennai facility during shift 3.,In Progress,Delhi,safety stock threshold breach report chennai facility shift
3648,Damaged Goods,High,Transit vibration caused product defects. Reported at Bengaluru facility during shift 3.,Open,Bengaluru,transit vibration cause product defect report bengaluru facility shift
3649,Documentation Error,High,Customs paperwork contained errors. Reported at Hyderabad facility during shift 3.,Resolved,Mumbai,customs paperwork contain errors report hyderabad facility shift
3650,Inventory Shortage,Critical,Warehouse stock shortage detected. Reported at Chennai facility during shift 2.,Resolved,Kolkata,warehouse stock shortage detect report chennai facility shift
3651,Documentation Error,Medium,Invoice value discrepancy identified. Reported at Mumbai facility during shift 1.,Open,Chennai,invoice value discrepancy identify report mumbai facility shift
3652,Inventory Shortage,Medium,Product unavailable due to inventory mismatch. Reported at Pune facility during shift 1.,Resolved,Pune,product unavailable due inventory mismatch report pune facility shift
3653,Warehouse Issue,Low,Space constraint affected storage operations. Reported at Kolkata facility during shift 3.,Resolved,Bengaluru,space constraint affect storage operations report kolkata facility shift
3654,Inventory Shortage,Medium,Raw material shortage impacted production. Reported at Pune facility during shift 1.,Open,Mumbai,raw material shortage impact production report pune facility shift
3655,Shipment Delay,High,Container missed connecting vessel. Reported at Chennai facility during shift 1.,In Progress,Ahmedabad,container miss connect vessel report chennai facility shift
3656,Transportation Failure,Medium,Vehicle maintenance issue halted delivery. Reported at Delhi facility during shift 2.,Resolved,Kolkata,vehicle maintenance issue halt delivery report delhi facility shift
3657,Warehouse Issue,Low,Picking error occurred in warehouse. Reported at Pune facility during shift 2.,In Progress,Pune,pick error occur warehouse report pune facility shift
3658,Customs Issue,Medium,Shipment selected for random inspection. Reported at Mumbai facility during shift 1.,Open,Ahmedabad,shipment select random inspection report mumbai facility shift
3659,Transportation Failure,Low,Driver unavailable for scheduled route. Reported at Mumbai facility during shift 1.,In Progress,Ahmedabad,driver unavailable schedule route report mumbai facility shift
3660,Documentation Error,Low,Missing invoice delayed processing. Reported at Pune facility during shift 2.,In Progress,Chennai,miss invoice delay process report pune facility shift
3661,Warehouse Issue,Low,Dock congestion slowed warehouse throughput. Reported at Ahmedabad facility during shift 1.,In Progress,Chennai,dock congestion slow warehouse throughput report ahmedabad facility shift
3662,Inventory Shortage,High,Stockout occurred at fulfillment center. Reported at Hyderabad facility during shift 2.,In Progress,Hyderabad,stockout occur fulfillment center report hyderabad facility shift
3663,Transportation Failure,Low,Third-party carrier cancelled shipment booking. Reported at Ahmedabad facility during shift 2.,In Progress,Mumbai,thirdparty carrier cancel shipment book report ahmedabad facility shift
3664,Transportation Failure,Low,Transport route disruption due to road closure. Reported at Chennai facility during shift 2.,Resolved,Ahmedabad,transport route disruption due road closure report chennai facility shift
3665,Shipment Delay,High,Container missed connecting vessel. Reported at Kolkata facility during shift 2.,In Progress,Bengaluru,container miss connect vessel report kolkata facility shift
3666,Transportation Failure,Low,Accident blocked scheduled delivery route. Reported at Chennai facility during shift 1.,In Progress,Hyderabad,accident block schedule delivery route report chennai facility shift
3667,Inventory Shortage,High,Backordered items unavailable for dispatch. Reported at Chennai facility during shift 1.,In Progress,Mumbai,backordered items unavailable dispatch report chennai facility shift
3668,Warehouse Issue,Medium,Inventory allocation issue detected. Reported at Pune facility during shift 3.,Open,Kolkata,inventory allocation issue detect report pune facility shift
3669,Shipment Delay,Low,Port congestion delayed shipment arrival. Reported at Delhi facility during shift 2.,In Progress,Kolkata,port congestion delay shipment arrival report delhi facility shift
3670,Inventory Shortage,Medium,Warehouse unable to fulfill requested quantity. Reported at Ahmedabad facility during shift 1.,In Progress,Chennai,warehouse unable fulfill request quantity report ahmedabad facility shift
3671,Transportation Failure,Low,Fuel supply issue interrupted transportation. Reported at Kolkata facility during shift 2.,In Progress,Kolkata,fuel supply issue interrupt transportation report kolkata facility shift
3672,Customs Issue,Critical,Border inspection extended shipment hold. Reported at Delhi facility during shift 2.,Resolved,Bengaluru,border inspection extend shipment hold report delhi facility shift
3673,Damaged Goods,Medium,Forklift accident damaged inventory. Reported at Kolkata facility during shift 2.,Open,Pune,forklift accident damage inventory report kolkata facility shift
3674,Documentation Error,Medium,Customs paperwork contained errors. Reported at Bengaluru facility during shift 3.,Resolved,Ahmedabad,customs paperwork contain errors report bengaluru facility shift
3675,Documentation Error,Medium,Incorrect shipping documentation submitted. Reported at Kolkata facility during shift 3.,In Progress,Kolkata,incorrect ship documentation submit report kolkata facility shift
3676,Documentation Error,Low,Missing certificate delayed shipment release. Reported at Bengaluru facility during shift 1.,In Progress,Pune,miss certificate delay shipment release report bengaluru facility shift
3677,Warehouse Issue,Medium,Warehouse processing backlog reported. Reported at Hyderabad facility during shift 1.,Open,Delhi,warehouse process backlog report report hyderabad facility shift
3678,Transportation Failure,Low,Logistics partner experienced operational failure. Reported at Kolkata facility during shift 3.,In Progress,Ahmedabad,logistics partner experience operational failure report kolkata facility shift
3679,Transportation Failure,Low,Vehicle maintenance issue halted delivery. Reported at Chennai facility during shift 2.,Resolved,Pune,vehicle maintenance issue halt delivery report chennai facility shift
3680,Transportation Failure,Medium,Fleet utilization exceeded available capacity. Reported at Chennai facility during shift 3.,Resolved,Ahmedabad,fleet utilization exceed available capacity report chennai facility shift
3681,Transportation Failure,Low,Equipment malfunction impacted transport operations. Reported at Pune facility during shift 2.,In Progress,Mumbai,equipment malfunction impact transport operations report pune facility shift
3682,Documentation Error,High,Data entry error impacted shipment records. Reported at Chennai facility during shift 1.,Resolved,Hyderabad,data entry error impact shipment record report chennai facility shift
3683,Inventory Shortage,Low,Inventory reservation conflict identified. Reported at Delhi facility during shift 2.,In Progress,Delhi,inventory reservation conflict identify report delhi facility shift
3684,Transportation Failure,Low,Equipment malfunction impacted transport operations. Reported at Bengaluru facility during shift 1.,Open,Delhi,equipment malfunction impact transport operations report bengaluru facility shift
3685,Customs Issue,Low,Import documentation under review. Reported at Ahmedabad facility during shift 1.,Open,Ahmedabad,import documentation review report ahmedabad facility shift
3686,Warehouse Issue,Medium,Receiving delay impacted warehouse operations. Reported at Ahmedabad facility during shift 2.,In Progress,Mumbai,receive delay impact warehouse operations report ahmedabad facility shift
3687,Transportation Failure,Low,Carrier failed to pick up shipment. Reported at Chennai facility during shift 2.,Resolved,Pune,carrier fail pick shipment report chennai facility shift
3688,Shipment Delay,Medium,Carrier scheduling issue caused shipment delay. Reported at Hyderabad facility during shift 3.,Resolved,Bengaluru,carrier schedule issue cause shipment delay report hyderabad facility shift
3689,Shipment Delay,High,Container missed connecting vessel. Reported at Delhi facility during shift 1.,Resolved,Chennai,container miss connect vessel report delhi facility shift
3690,Inventory Shortage,Low,Cycle count revealed stock deficiency. Reported at Delhi facility during shift 1.,Open,Kolkata,cycle count reveal stock deficiency report delhi facility shift
3691,Documentation Error,Critical,Invoice value discrepancy identified. Reported at Chennai facility during shift 1.,In Progress,Delhi,invoice value discrepancy identify report chennai facility shift
3692,Customs Issue,High,Tariff classification review in progress. Reported at Hyderabad facility during shift 2.,Open,Kolkata,tariff classification review progress report hyderabad facility shift
3693,Documentation Error,Medium,Incorrect shipping documentation submitted. Reported at Mumbai facility during shift 2.,Open,Bengaluru,incorrect ship documentation submit report mumbai facility shift
3694,Warehouse Issue,Medium,Picking error occurred in warehouse. Reported at Kolkata facility during shift 1.,Open,Pune,pick error occur warehouse report kolkata facility shift
3695,Customs Issue,Medium,Shipment held by customs authorities. Reported at Chennai facility during shift 2.,Open,Delhi,shipment hold customs authorities report chennai facility shift
3696,Transportation Failure,Low,Transportation network disruption reported. Reported at Ahmedabad facility during shift 1.,In Progress,Kolkata,transportation network disruption report report ahmedabad facility shift
3697,Documentation Error,Low,Bill of lading information mismatch detected. Reported at Mumbai facility during shift 2.,In Progress,Ahmedabad,bill lade information mismatch detect report mumbai facility shift
3698,Transportation Failure,Low,Logistics partner experienced operational failure. Reported at Chennai facility during shift 3.,Resolved,Chennai,logistics partner experience operational failure report chennai facility shift
3699,Customs Issue,Low,Tariff classification review in progress. Reported at Pune facility during shift 2.,In Progress,Pune,tariff classification review progress report pune facility shift
3700,Shipment Delay,Medium,Dispatch process delayed at origin facility. Reported at Bengaluru facility during shift 3.,Open,Ahmedabad,dispatch process delay origin facility report bengaluru facility shift
3701,Customs Issue,Medium,Import documentation under review. Reported at Ahmedabad facility during shift 1.,Open,Delhi,import documentation review report ahmedabad facility shift
3702,Documentation Error,Medium,Missing invoice delayed processing. Reported at Kolkata facility during shift 1.,Open,Hyderabad,miss invoice delay process report kolkata facility shift
3703,Warehouse Issue,Low,Cycle count discrepancy identified. Reported at Kolkata facility during shift 1.,In Progress,Kolkata,cycle count discrepancy identify report kolkata facility shift
3704,Transportation Failure,Medium,Fuel supply issue interrupted transportation. Reported at Pune facility during shift 1.,Open,Hyderabad,fuel supply issue interrupt transportation report pune facility shift
3705,Damaged Goods,Medium,Forklift accident damaged inventory. Reported at Ahmedabad facility during shift 2.,Resolved,Pune,forklift accident damage inventory report ahmedabad facility shift
3706,Shipment Delay,High,Last-mile delivery partner unavailable. Reported at Chennai facility during shift 3.,In Progress,Hyderabad,lastmile delivery partner unavailable report chennai facility shift
3707,Warehouse Issue,Medium,Warehouse stock mismatch identified. Reported at Kolkata facility during shift 3.,In Progress,Kolkata,warehouse stock mismatch identify report kolkata facility shift
3708,Warehouse Issue,Low,Warehouse staffing shortage reported. Reported at Chennai facility during shift 1.,Open,Mumbai,warehouse staff shortage report report chennai facility shift
3709,Documentation Error,Low,Manifest information incomplete. Reported at Delhi facility during shift 3.,Open,Mumbai,manifest information incomplete report delhi facility shift
3710,Damaged Goods,Medium,Warehouse accident damaged stored inventory. Reported at Hyderabad facility during shift 1.,In Progress,Hyderabad,warehouse accident damage store inventory report hyderabad facility shift
3711,Documentation Error,Low,Documentation approval pending correction. Reported at Chennai facility during shift 3.,Open,Pune,documentation approval pending correction report chennai facility shift
3712,Inventory Shortage,Low,Demand exceeded available stock levels. Reported at Bengaluru facility during shift 1.,Open,Bengaluru,demand exceed available stock level report bengaluru facility shift
3713,Damaged Goods,High,Product packaging torn during loading. Reported at Chennai facility during shift 1.,Resolved,Pune,product package tear load report chennai facility shift
3714,Damaged Goods,Medium,Transit vibration caused product defects. Reported at Chennai facility during shift 1.,Resolved,Bengaluru,transit vibration cause product defect report chennai facility shift
3715,Damaged Goods,Medium,Shipment contents damaged in transit. Reported at Pune facility during shift 3.,Open,Bengaluru,shipment content damage transit report pune facility shift
3716,Warehouse Issue,High,Order picking queue exceeded capacity. Reported at Hyderabad facility during shift 3.,Resolved,Bengaluru,order pick queue exceed capacity report hyderabad facility shift
3717,Warehouse Issue,High,Space constraint affected storage operations. Reported at Bengaluru facility during shift 1.,In Progress,Bengaluru,space constraint affect storage operations report bengaluru facility shift
3718,Transportation Failure,Medium,Trailer availability issue delayed dispatch. Reported at Delhi facility during shift 3.,Open,Chennai,trailer availability issue delay dispatch report delhi facility shift
3719,Damaged Goods,Low,Container impact damaged shipment contents. Reported at Bengaluru facility during shift 1.,In Progress,Hyderabad,container impact damage shipment content report bengaluru facility shift
3720,Shipment Delay,High,Port congestion delayed shipment arrival. Reported at Chennai facility during shift 2.,Resolved,Kolkata,port congestion delay shipment arrival report chennai facility shift
3721,Damaged Goods,Low,Receiving inspection identified damaged goods. Reported at Delhi facility during shift 1.,Open,Ahmedabad,receive inspection identify damage goods report delhi facility shift
3722,Transportation Failure,Medium,Logistics partner experienced operational failure. Reported at Mumbai facility during shift 2.,Resolved,Pune,logistics partner experience operational failure report mumbai facility shift
3723,Damaged Goods,Medium,Goods arrived with visible damage. Reported at Mumbai facility during shift 1.,Resolved,Hyderabad,goods arrive visible damage report mumbai facility shift
3724,Customs Issue,Medium,Customs clearance process delayed. Reported at Bengaluru facility during shift 2.,Open,Delhi,customs clearance process delay report bengaluru facility shift
3725,Inventory Shortage,High,Supplier delay created inventory gap. Reported at Ahmedabad facility during shift 1.,Open,Ahmedabad,supplier delay create inventory gap report ahmedabad facility shift
3726,Damaged Goods,Critical,Forklift accident damaged inventory. Reported at Kolkata facility during shift 1.,In Progress,Ahmedabad,forklift accident damage inventory report kolkata facility shift
3727,Damaged Goods,Medium,Goods arrived with visible damage. Reported at Kolkata facility during shift 2.,Open,Chennai,goods arrive visible damage report kolkata facility shift
3728,Documentation Error,High,Purchase order details inconsistent. Reported at Mumbai facility during shift 2.,Open,Chennai,purchase order detail inconsistent report mumbai facility shift
3729,Shipment Delay,High,Rail transport delay impacted delivery timeline. Reported at Delhi facility during shift 3.,Resolved,Hyderabad,rail transport delay impact delivery timeline report delhi facility shift
3730,Damaged Goods,Low,Transit vibration caused product defects. Reported at Delhi facility during shift 2.,Open,Mumbai,transit vibration cause product defect report delhi facility shift
3731,Shipment Delay,Medium,Container missed connecting vessel. Reported at Bengaluru facility during shift 2.,In Progress,Mumbai,container miss connect vessel report bengaluru facility shift
3732,Damaged Goods,Medium,Forklift accident damaged inventory. Reported at Delhi facility during shift 1.,Open,Hyderabad,forklift accident damage inventory report delhi facility shift
3733,Inventory Shortage,High,Raw material shortage impacted production. Reported at Chennai facility during shift 3.,In Progress,Ahmedabad,raw material shortage impact production report chennai facility shift
3734,Customs Issue,Medium,Import documentation under review. Reported at Hyderabad facility during shift 2.,Open,Pune,import documentation review report hyderabad facility shift
3735,Customs Issue,Low,Regulatory approval pending clearance. Reported at Hyderabad facility during shift 1.,Open,Bengaluru,regulatory approval pending clearance report hyderabad facility shift
3736,Customs Issue,High,Trade compliance review delayed processing. Reported at Hyderabad facility during shift 3.,In Progress,Mumbai,trade compliance review delay process report hyderabad facility shift
3737,Documentation Error,High,Customs paperwork contained errors. Reported at Chennai facility during shift 2.,In Progress,Ahmedabad,customs paperwork contain errors report chennai facility shift
3738,Shipment Delay,Medium,Delivery delayed due to traffic disruption. Reported at Ahmedabad facility during shift 3.,Resolved,Bengaluru,delivery delay due traffic disruption report ahmedabad facility shift
3739,Inventory Shortage,Medium,Warehouse unable to fulfill requested quantity. Reported at Bengaluru facility during shift 1.,Resolved,Kolkata,warehouse unable fulfill request quantity report bengaluru facility shift
3740,Damaged Goods,Critical,Product packaging torn during loading. Reported at Pune facility during shift 3.,Open,Pune,product package tear load report pune facility shift
3741,Transportation Failure,Low,Equipment malfunction impacted transport operations. Reported at Hyderabad facility during shift 2.,Resolved,Pune,equipment malfunction impact transport operations report hyderabad facility shift
3742,Customs Issue,Medium,Shipment flagged for compliance audit. Reported at Pune facility during shift 3.,Open,Delhi,shipment flag compliance audit report pune facility shift
3743,Warehouse Issue,High,Receiving delay impacted warehouse operations. Reported at Kolkata facility during shift 3.,Open,Kolkata,receive delay impact warehouse operations report kolkata facility shift
3744,Warehouse Issue,Medium,Storage location information incorrect. Reported at Chennai facility during shift 3.,In Progress,Ahmedabad,storage location information incorrect report chennai facility shift
3745,Inventory Shortage,Medium,Raw material shortage impacted production. Reported at Delhi facility during shift 2.,Open,Pune,raw material shortage impact production report delhi facility shift
3746,Customs Issue,Medium,Customs requested additional documentation. Reported at Mumbai facility during shift 3.,Resolved,Delhi,customs request additional documentation report mumbai facility shift
3747,Inventory Shortage,High,Inventory replenishment delayed. Reported at Pune facility during shift 1.,Resolved,Delhi,inventory replenishment delay report pune facility shift
3748,Damaged Goods,High,Packaging failure led to damaged products. Reported at Kolkata facility during shift 1.,In Progress,Ahmedabad,package failure lead damage products report kolkata facility shift
3749,Inventory Shortage,Medium,Backordered items unavailable for dispatch. Reported at Kolkata facility during shift 1.,In Progress,Delhi,backordered items unavailable dispatch report kolkata facility shift
3750,Customs Issue,High,Shipment held by customs authorities. Reported at Mumbai facility during shift 1.,Open,Hyderabad,shipment hold customs authorities report mumbai facility shift
3751,Shipment Delay,Low,Carrier scheduling issue caused shipment delay. Reported at Delhi facility during shift 3.,Open,Kolkata,carrier schedule issue cause shipment delay report delhi facility shift
3752,Transportation Failure,Low,Carrier failed to pick up shipment. Reported at Ahmedabad facility during shift 1.,In Progress,Chennai,carrier fail pick shipment report ahmedabad facility shift
3753,Damaged Goods,Critical,Receiving inspection identified damaged goods. Reported at Pune facility during shift 1.,In Progress,Kolkata,receive inspection identify damage goods report pune facility shift
3754,Inventory Shortage,High,Inventory replenishment delayed. Reported at Mumbai facility during shift 2.,Resolved,Chennai,inventory replenishment delay report mumbai facility shift
3755,Shipment Delay,Low,Dispatch process delayed at origin facility. Reported at Bengaluru facility during shift 3.,Resolved,Mumbai,dispatch process delay origin facility report bengaluru facility shift
3756,Documentation Error,High,Bill of lading information mismatch detected. Reported at Bengaluru facility during shift 2.,Resolved,Delhi,bill lade information mismatch detect report bengaluru facility shift
3757,Inventory Shortage,Low,Inventory replenishment delayed. Reported at Hyderabad facility during shift 2.,Resolved,Bengaluru,inventory replenishment delay report hyderabad facility shift
3758,Transportation Failure,Low,Transportation network disruption reported. Reported at Chennai facility during shift 3.,Open,Delhi,transportation network disruption report report chennai facility shift
3759,Transportation Failure,Medium,Fleet utilization exceeded available capacity. Reported at Chennai facility during shift 2.,In Progress,Mumbai,fleet utilization exceed available capacity report chennai facility shift
3760,Customs Issue,Medium,Regulatory approval pending clearance. Reported at Kolkata facility during shift 1.,In Progress,Delhi,regulatory approval pending clearance report kolkata facility shift
3761,Transportation Failure,Medium,Vehicle maintenance issue halted delivery. Reported at Bengaluru facility during shift 3.,In Progress,Chennai,vehicle maintenance issue halt delivery report bengaluru facility shift
3762,Shipment Delay,Medium,Rail transport delay impacted delivery timeline. Reported at Pune facility during shift 1.,Open,Hyderabad,rail transport delay impact delivery timeline report pune facility shift
3763,Transportation Failure,Medium,Transport route disruption due to road closure. Reported at Ahmedabad facility during shift 2.,Open,Mumbai,transport route disruption due road closure report ahmedabad facility shift
3764,Inventory Shortage,Low,Inventory reservation conflict identified. Reported at Bengaluru facility during shift 2.,Resolved,Hyderabad,inventory reservation conflict identify report bengaluru facility shift
3765,Damaged Goods,Low,Packaging failure led to damaged products. Reported at Mumbai facility during shift 2.,Open,Mumbai,package failure lead damage products report mumbai facility shift
3766,Transportation Failure,Low,Driver unavailable for scheduled route. Reported at Hyderabad facility during shift 2.,Resolved,Bengaluru,driver unavailable schedule route report hyderabad facility shift
3767,Transportation Failure,Medium,Carrier failed to pick up shipment. Reported at Ahmedabad facility during shift 2.,In Progress,Pune,carrier fail pick shipment report ahmedabad facility shift
3768,Transportation Failure,High,Fuel supply issue interrupted transportation. Reported at Chennai facility during shift 2.,Open,Hyderabad,fuel supply issue interrupt transportation report chennai facility shift
3769,Documentation Error,Critical,Required compliance document missing. Reported at Delhi facility during shift 3.,In Progress,Kolkata,require compliance document miss report delhi facility shift
3770,Warehouse Issue,High,Picking error occurred in warehouse. Reported at Ahmedabad facility during shift 2.,Open,Ahmedabad,pick error occur warehouse report ahmedabad facility shift
3771,Shipment Delay,Medium,Truck breakdown caused delivery delay. Reported at Ahmedabad facility during shift 3.,Open,Delhi,truck breakdown cause delivery delay report ahmedabad facility shift
3772,Damaged Goods,High,Packaging failure led to damaged products. Reported at Delhi facility during shift 1.,In Progress,Bengaluru,package failure lead damage products report delhi facility shift
3773,Transportation Failure,Low,Vehicle maintenance issue halted delivery. Reported at Hyderabad facility during shift 2.,In Progress,Delhi,vehicle maintenance issue halt delivery report hyderabad facility shift
3774,Inventory Shortage,High,Stockout occurred at fulfillment center. Reported at Pune facility during shift 2.,Open,Kolkata,stockout occur fulfillment center report pune facility shift
3775,Documentation Error,High,Required compliance document missing. Reported at Ahmedabad facility during shift 3.,Open,Delhi,require compliance document miss report ahmedabad facility shift
3776,Damaged Goods,Medium,Transit vibration caused product defects. Reported at Hyderabad facility during shift 3.,Open,Kolkata,transit vibration cause product defect report hyderabad facility shift
3777,Warehouse Issue,Medium,Space constraint affected storage operations. Reported at Delhi facility during shift 2.,Open,Hyderabad,space constraint affect storage operations report delhi facility shift
3778,Customs Issue,Medium,Import permit approval pending. Reported at Delhi facility during shift 1.,Resolved,Hyderabad,import permit approval pending report delhi facility shift
3779,Shipment Delay,Medium,Shipment rerouted causing additional transit time. Reported at Chennai facility during shift 1.,Open,Pune,shipment rerouted cause additional transit time report chennai facility shift
3780,Customs Issue,High,Country-specific restriction affected import. Reported at Pune facility during shift 2.,In Progress,Delhi,countryspecific restriction affect import report pune facility shift
3781,Shipment Delay,Medium,Delivery delayed due to traffic disruption. Reported at Hyderabad facility during shift 1.,Resolved,Chennai,delivery delay due traffic disruption report hyderabad facility shift
3782,Warehouse Issue,High,Space constraint affected storage operations. Reported at Chennai facility during shift 3.,In Progress,Mumbai,space constraint affect storage operations report chennai facility shift
3783,Damaged Goods,Medium,Fragile goods mishandled during unloading. Reported at Kolkata facility during shift 1.,Resolved,Kolkata,fragile goods mishandle unload report kolkata facility shift
3784,Customs Issue,Medium,Customs clearance process delayed. Reported at Hyderabad facility during shift 1.,Resolved,Hyderabad,customs clearance process delay report hyderabad facility shift
3785,Damaged Goods,Medium,Forklift accident damaged inventory. Reported at Ahmedabad facility during shift 1.,In Progress,Mumbai,forklift accident damage inventory report ahmedabad facility shift
3786,Documentation Error,Critical,Invoice value discrepancy identified. Reported at Ahmedabad facility during shift 3.,In Progress,Kolkata,invoice value discrepancy identify report ahmedabad facility shift
3787,Damaged Goods,Low,Receiving inspection identified damaged goods. Reported at Kolkata facility during shift 2.,In Progress,Bengaluru,receive inspection identify damage goods report kolkata facility shift
3788,Transportation Failure,Medium,Transportation vendor system outage reported. Reported at Mumbai facility during shift 2.,Resolved,Mumbai,transportation vendor system outage report report mumbai facility shift
3789,Documentation Error,Low,Incorrect consignee information provided. Reported at Chennai facility during shift 1.,In Progress,Delhi,incorrect consignee information provide report chennai facility shift
3790,Documentation Error,High,Manifest information incomplete. Reported at Mumbai facility during shift 1.,In Progress,Pune,manifest information incomplete report mumbai facility shift
3791,Shipment Delay,High,Dispatch process delayed at origin facility. Reported at Ahmedabad facility during shift 3.,Resolved,Kolkata,dispatch process delay origin facility report ahmedabad facility shift
3792,Shipment Delay,Medium,Carrier scheduling issue caused shipment delay. Reported at Bengaluru facility during shift 2.,In Progress,Chennai,carrier schedule issue cause shipment delay report bengaluru facility shift
3793,Damaged Goods,High,Receiving inspection identified damaged goods. Reported at Chennai facility during shift 1.,In Progress,Hyderabad,receive inspection identify damage goods report chennai facility shift
3794,Transportation Failure,Low,Route planning error delayed movement. Reported at Bengaluru facility during shift 1.,In Progress,Ahmedabad,route plan error delay movement report bengaluru facility shift
3795,Customs Issue,Medium,Border inspection extended shipment hold. Reported at Chennai facility during shift 2.,Open,Delhi,border inspection extend shipment hold report chennai facility shift
3796,Inventory Shortage,Medium,Procurement delay affected inventory availability. Reported at Delhi facility during shift 2.,In Progress,Hyderabad,procurement delay affect inventory availability report delhi facility shift
3797,Warehouse Issue,Medium,Picking error occurred in warehouse. Reported at Chennai facility during shift 3.,Resolved,Kolkata,pick error occur warehouse report chennai facility shift
3798,Damaged Goods,Medium,Forklift accident damaged inventory. Reported at Pune facility during shift 3.,Open,Kolkata,forklift accident damage inventory report pune facility shift
3799,Transportation Failure,Medium,Third-party carrier cancelled shipment booking. Reported at Bengaluru facility during shift 3.,In Progress,Delhi,thirdparty carrier cancel shipment book report bengaluru facility shift
3800,Customs Issue,Low,Shipment flagged for compliance audit. Reported at Ahmedabad facility during shift 2.,In Progress,Pune,shipment flag compliance audit report ahmedabad facility shift
3801,Warehouse Issue,Low,Warehouse stock mismatch identified. Reported at Hyderabad facility during shift 3.,Open,Ahmedabad,warehouse stock mismatch identify report hyderabad facility shift
3802,Shipment Delay,High,Carrier scheduling issue caused shipment delay. Reported at Kolkata facility during shift 3.,Resolved,Kolkata,carrier schedule issue cause shipment delay report kolkata facility shift
3803,Customs Issue,Medium,Regulatory approval pending clearance. Reported at Ahmedabad facility during shift 1.,Open,Delhi,regulatory approval pending clearance report ahmedabad facility shift
3804,Warehouse Issue,High,Warehouse stock mismatch identified. Reported at Mumbai facility during shift 2.,Resolved,Chennai,warehouse stock mismatch identify report mumbai facility shift
3805,Transportation Failure,High,Logistics partner experienced operational failure. Reported at Delhi facility during shift 3.,Open,Delhi,logistics partner experience operational failure report delhi facility shift
3806,Transportation Failure,High,Transport route disruption due to road closure. Reported at Delhi facility during shift 2.,Open,Bengaluru,transport route disruption due road closure report delhi facility shift
3807,Transportation Failure,Critical,Transport route disruption due to road closure. Reported at Ahmedabad facility during shift 3.,Open,Kolkata,transport route disruption due road closure report ahmedabad facility shift
3808,Warehouse Issue,Low,Warehouse staffing shortage reported. Reported at Hyderabad facility during shift 3.,In Progress,Hyderabad,warehouse staff shortage report report hyderabad facility shift
3809,Inventory Shortage,Medium,Warehouse stock shortage detected. Reported at Bengaluru facility during shift 3.,Resolved,Bengaluru,warehouse stock shortage detect report bengaluru facility shift
3810,Shipment Delay,Medium,Shipment rerouted causing additional transit time. Reported at Bengaluru facility during shift 2.,Resolved,Chennai,shipment rerouted cause additional transit time report bengaluru facility shift
3811,Shipment Delay,Medium,Carrier scheduling issue caused shipment delay. Reported at Pune facility during shift 3.,In Progress,Ahmedabad,carrier schedule issue cause shipment delay report pune facility shift
3812,Shipment Delay,Medium,Delivery delayed due to traffic disruption. Reported at Delhi facility during shift 1.,Resolved,Ahmedabad,delivery delay due traffic disruption report delhi facility shift
3813,Inventory Shortage,Critical,Warehouse stock shortage detected. Reported at Pune facility during shift 2.,Resolved,Delhi,warehouse stock shortage detect report pune facility shift
3814,Damaged Goods,High,Forklift accident damaged inventory. Reported at Hyderabad facility during shift 3.,Open,Delhi,forklift accident damage inventory report hyderabad facility shift
3815,Warehouse Issue,High,Warehouse staffing shortage reported. Reported at Mumbai facility during shift 2.,Open,Kolkata,warehouse staff shortage report report mumbai facility shift
3816,Transportation Failure,Medium,Transportation vendor system outage reported. Reported at Chennai facility during shift 2.,Resolved,Hyderabad,transportation vendor system outage report report chennai facility shift
3817,Customs Issue,High,Border inspection extended shipment hold. Reported at Mumbai facility during shift 2.,Resolved,Chennai,border inspection extend shipment hold report mumbai facility shift
3818,Shipment Delay,Critical,Delivery delayed due to traffic disruption. Reported at Hyderabad facility during shift 3.,Resolved,Delhi,delivery delay due traffic disruption report hyderabad facility shift
3819,Warehouse Issue,Low,Dock congestion slowed warehouse throughput. Reported at Mumbai facility during shift 2.,In Progress,Chennai,dock congestion slow warehouse throughput report mumbai facility shift
3820,Shipment Delay,Critical,Last-mile delivery partner unavailable. Reported at Chennai facility during shift 3.,In Progress,Hyderabad,lastmile delivery partner unavailable report chennai facility shift
3821,Shipment Delay,Low,Last-mile delivery partner unavailable. Reported at Chennai facility during shift 1.,Resolved,Chennai,lastmile delivery partner unavailable report chennai facility shift
3822,Documentation Error,Low,Missing certificate delayed shipment release. Reported at Mumbai facility during shift 2.,Open,Delhi,miss certificate delay shipment release report mumbai facility shift
3823,Documentation Error,High,Purchase order details inconsistent. Reported at Delhi facility during shift 3.,In Progress,Hyderabad,purchase order detail inconsistent report delhi facility shift
3824,Warehouse Issue,Medium,Inventory misplaced within storage area. Reported at Pune facility during shift 1.,Open,Ahmedabad,inventory misplace within storage area report pune facility shift
3825,Inventory Shortage,Low,Backordered items unavailable for dispatch. Reported at Pune facility during shift 3.,Resolved,Ahmedabad,backordered items unavailable dispatch report pune facility shift
3826,Customs Issue,Medium,Regulatory verification delayed release. Reported at Mumbai facility during shift 1.,Open,Kolkata,regulatory verification delay release report mumbai facility shift
3827,Documentation Error,Medium,Missing certificate delayed shipment release. Reported at Mumbai facility during shift 3.,In Progress,Mumbai,miss certificate delay shipment release report mumbai facility shift
3828,Inventory Shortage,Medium,Unexpected order spike exhausted stock. Reported at Ahmedabad facility during shift 2.,Open,Chennai,unexpected order spike exhaust stock report ahmedabad facility shift
3829,Documentation Error,Medium,Customs paperwork contained errors. Reported at Chennai facility during shift 1.,In Progress,Chennai,customs paperwork contain errors report chennai facility shift
3830,Customs Issue,Low,Shipment selected for random inspection. Reported at Delhi facility during shift 2.,In Progress,Hyderabad,shipment select random inspection report delhi facility shift
3831,Damaged Goods,Medium,Forklift accident damaged inventory. Reported at Pune facility during shift 3.,Resolved,Delhi,forklift accident damage inventory report pune facility shift
3832,Customs Issue,Medium,Regulatory verification delayed release. Reported at Pune facility during shift 3.,In Progress,Chennai,regulatory verification delay release report pune facility shift
3833,Shipment Delay,High,Port congestion delayed shipment arrival. Reported at Chennai facility during shift 3.,Resolved,Delhi,port congestion delay shipment arrival report chennai facility shift
3834,Damaged Goods,Medium,Goods arrived with visible damage. Reported at Pune facility during shift 1.,Open,Mumbai,goods arrive visible damage report pune facility shift
3835,Inventory Shortage,Low,Demand exceeded available stock levels. Reported at Ahmedabad facility during shift 2.,Open,Hyderabad,demand exceed available stock level report ahmedabad facility shift
3836,Documentation Error,Low,Export declaration contained errors. Reported at Kolkata facility during shift 3.,Resolved,Kolkata,export declaration contain errors report kolkata facility shift
3837,Customs Issue,Low,Shipment selected for random inspection. Reported at Ahmedabad facility during shift 1.,In Progress,Bengaluru,shipment select random inspection report ahmedabad facility shift
3838,Transportation Failure,Medium,Driver unavailable for scheduled route. Reported at Delhi facility during shift 3.,In Progress,Pune,driver unavailable schedule route report delhi facility shift
3839,Inventory Shortage,Medium,Procurement delay affected inventory availability. Reported at Kolkata facility during shift 2.,Open,Ahmedabad,procurement delay affect inventory availability report kolkata facility shift
3840,Warehouse Issue,Low,Receiving delay impacted warehouse operations. Reported at Hyderabad facility during shift 3.,Open,Kolkata,receive delay impact warehouse operations report hyderabad facility shift
3841,Warehouse Issue,Medium,Put-away process delayed inventory availability. Reported at Hyderabad facility during shift 3.,Open,Pune,putaway process delay inventory availability report hyderabad facility shift
3842,Warehouse Issue,Low,Put-away process delayed inventory availability. Reported at Ahmedabad facility during shift 2.,In Progress,Hyderabad,putaway process delay inventory availability report ahmedabad facility shift
3843,Customs Issue,Critical,Tariff classification review in progress. Reported at Kolkata facility during shift 1.,Open,Bengaluru,tariff classification review progress report kolkata facility shift
3844,Transportation Failure,High,Delivery vehicle breakdown reported. Reported at Kolkata facility during shift 2.,Resolved,Kolkata,delivery vehicle breakdown report report kolkata facility shift
3845,Damaged Goods,Medium,Container impact damaged shipment contents. Reported at Mumbai facility during shift 1.,In Progress,Ahmedabad,container impact damage shipment content report mumbai facility shift
3846,Warehouse Issue,High,Order consolidation process delayed shipment. Reported at Delhi facility during shift 1.,In Progress,Delhi,order consolidation process delay shipment report delhi facility shift
3847,Documentation Error,Low,Labeling information did not match shipment. Reported at Kolkata facility during shift 1.,In Progress,Delhi,label information match shipment report kolkata facility shift
3848,Shipment Delay,Low,Delivery delayed due to traffic disruption. Reported at Kolkata facility during shift 2.,In Progress,Kolkata,delivery delay due traffic disruption report kolkata facility shift
3849,Inventory Shortage,Medium,Demand exceeded available stock levels. Reported at Pune facility during shift 2.,Resolved,Delhi,demand exceed available stock level report pune facility shift
3850,Documentation Error,Medium,Shipping label generated with incorrect address. Reported at Bengaluru facility during shift 1.,Resolved,Ahmedabad,ship label generate incorrect address report bengaluru facility shift
3851,Warehouse Issue,Medium,Order picking queue exceeded capacity. Reported at Ahmedabad facility during shift 3.,Resolved,Delhi,order pick queue exceed capacity report ahmedabad facility shift
3852,Damaged Goods,Medium,Receiving inspection identified damaged goods. Reported at Kolkata facility during shift 1.,Open,Hyderabad,receive inspection identify damage goods report kolkata facility shift
3853,Documentation Error,Critical,Customs paperwork contained errors. Reported at Chennai facility during shift 3.,In Progress,Bengaluru,customs paperwork contain errors report chennai facility shift
3854,Shipment Delay,Medium,Container missed connecting vessel. Reported at Bengaluru facility during shift 3.,Open,Mumbai,container miss connect vessel report bengaluru facility shift
3855,Inventory Shortage,Low,Inventory replenishment delayed. Reported at Kolkata facility during shift 1.,Open,Hyderabad,inventory replenishment delay report kolkata facility shift
3856,Damaged Goods,Low,Package damaged during transportation. Reported at Ahmedabad facility during shift 2.,Resolved,Mumbai,package damage transportation report ahmedabad facility shift
3857,Warehouse Issue,High,Inventory allocation issue detected. Reported at Bengaluru facility during shift 1.,Resolved,Mumbai,inventory allocation issue detect report bengaluru facility shift
3858,Inventory Shortage,Low,Stockout occurred at fulfillment center. Reported at Mumbai facility during shift 1.,Resolved,Ahmedabad,stockout occur fulfillment center report mumbai facility shift
3859,Damaged Goods,Low,Goods arrived with visible damage. Reported at Ahmedabad facility during shift 1.,Resolved,Kolkata,goods arrive visible damage report ahmedabad facility shift
3860,Customs Issue,Low,Customs requested additional documentation. Reported at Kolkata facility during shift 2.,Resolved,Delhi,customs request additional documentation report kolkata facility shift
3861,Damaged Goods,Medium,Receiving inspection identified damaged goods. Reported at Chennai facility during shift 2.,Resolved,Delhi,receive inspection identify damage goods report chennai facility shift
3862,Shipment Delay,Medium,Cargo loading completed behind schedule. Reported at Delhi facility during shift 1.,Open,Chennai,cargo load complete behind schedule report delhi facility shift
3863,Documentation Error,Medium,Shipping label generated with incorrect address. Reported at Ahmedabad facility during shift 2.,Open,Hyderabad,ship label generate incorrect address report ahmedabad facility shift
3864,Documentation Error,Critical,Shipping label generated with incorrect address. Reported at Kolkata facility during shift 1.,Resolved,Chennai,ship label generate incorrect address report kolkata facility shift
3865,Customs Issue,Medium,Trade compliance review delayed processing. Reported at Pune facility during shift 2.,Open,Mumbai,trade compliance review delay process report pune facility shift
3866,Transportation Failure,Medium,Accident blocked scheduled delivery route. Reported at Pune facility during shift 1.,Open,Ahmedabad,accident block schedule delivery route report pune facility shift
3867,Documentation Error,Critical,Purchase order details inconsistent. Reported at Kolkata facility during shift 1.,In Progress,Pune,purchase order detail inconsistent report kolkata facility shift
3868,Transportation Failure,Medium,Carrier failed to pick up shipment. Reported at Hyderabad facility during shift 1.,In Progress,Ahmedabad,carrier fail pick shipment report hyderabad facility shift
3869,Damaged Goods,Low,Product packaging torn during loading. Reported at Delhi facility during shift 2.,Open,Bengaluru,product package tear load report delhi facility shift
3870,Transportation Failure,Low,Accident blocked scheduled delivery route. Reported at Pune facility during shift 2.,Open,Ahmedabad,accident block schedule delivery route report pune facility shift
3871,Transportation Failure,Low,Fleet utilization exceeded available capacity. Reported at Bengaluru facility during shift 3.,In Progress,Pune,fleet utilization exceed available capacity report bengaluru facility shift
3872,Shipment Delay,High,Unexpected weather conditions slowed transportation. Reported at Kolkata facility during shift 1.,Resolved,Delhi,unexpected weather condition slow transportation report kolkata facility shift
3873,Shipment Delay,High,Port congestion delayed shipment arrival. Reported at Pune facility during shift 3.,Resolved,Mumbai,port congestion delay shipment arrival report pune facility shift
3874,Documentation Error,Low,Bill of lading information mismatch detected. Reported at Ahmedabad facility during shift 1.,Open,Bengaluru,bill lade information mismatch detect report ahmedabad facility shift
3875,Damaged Goods,High,Packaging failure led to damaged products. Reported at Delhi facility during shift 2.,In Progress,Hyderabad,package failure lead damage products report delhi facility shift
3876,Warehouse Issue,Medium,Warehouse management system outage reported. Reported at Hyderabad facility during shift 3.,In Progress,Ahmedabad,warehouse management system outage report report hyderabad facility shift
3877,Transportation Failure,Critical,Delivery vehicle breakdown reported. Reported at Ahmedabad facility during shift 3.,In Progress,Delhi,delivery vehicle breakdown report report ahmedabad facility shift
3878,Warehouse Issue,Critical,Warehouse processing backlog reported. Reported at Pune facility during shift 1.,Open,Ahmedabad,warehouse process backlog report report pune facility shift
3879,Transportation Failure,Low,Driver unavailable for scheduled route. Reported at Mumbai facility during shift 3.,In Progress,Chennai,driver unavailable schedule route report mumbai facility shift
3880,Customs Issue,Medium,Shipment flagged for compliance audit. Reported at Pune facility during shift 1.,Open,Delhi,shipment flag compliance audit report pune facility shift
3881,Warehouse Issue,Low,Inventory misplaced within storage area. Reported at Pune facility during shift 1.,In Progress,Bengaluru,inventory misplace within storage area report pune facility shift
3882,Damaged Goods,High,Package damaged during transportation. Reported at Mumbai facility during shift 3.,Resolved,Chennai,package damage transportation report mumbai facility shift
3883,Damaged Goods,High,Water exposure damaged packaged goods. Reported at Mumbai facility during shift 3.,Open,Pune,water exposure damage package goods report mumbai facility shift
3884,Warehouse Issue,High,Warehouse management system outage reported. Reported at Hyderabad facility during shift 2.,Resolved,Kolkata,warehouse management system outage report report hyderabad facility shift
3885,Customs Issue,Medium,Customs requested additional documentation. Reported at Bengaluru facility during shift 3.,In Progress,Chennai,customs request additional documentation report bengaluru facility shift
3886,Customs Issue,Low,Import permit approval pending. Reported at Ahmedabad facility during shift 1.,Open,Bengaluru,import permit approval pending report ahmedabad facility shift
3887,Warehouse Issue,Medium,Space constraint affected storage operations. Reported at Chennai facility during shift 3.,In Progress,Mumbai,space constraint affect storage operations report chennai facility shift
3888,Documentation Error,Medium,Required compliance document missing. Reported at Chennai facility during shift 1.,Resolved,Delhi,require compliance document miss report chennai facility shift
3889,Inventory Shortage,Low,Product unavailable due to inventory mismatch. Reported at Chennai facility during shift 3.,In Progress,Kolkata,product unavailable due inventory mismatch report chennai facility shift
3890,Warehouse Issue,Medium,Storage location information incorrect. Reported at Chennai facility during shift 1.,Resolved,Kolkata,storage location information incorrect report chennai facility shift
3891,Customs Issue,Medium,Regulatory verification delayed release. Reported at Chennai facility during shift 3.,Resolved,Chennai,regulatory verification delay release report chennai facility shift
3892,Inventory Shortage,Medium,Supplier delay created inventory gap. Reported at Pune facility during shift 1.,In Progress,Mumbai,supplier delay create inventory gap report pune facility shift
3893,Transportation Failure,Medium,Vehicle maintenance issue halted delivery. Reported at Kolkata facility during shift 3.,Open,Bengaluru,vehicle maintenance issue halt delivery report kolkata facility shift
3894,Damaged Goods,Low,Packaging failure led to damaged products. Reported at Kolkata facility during shift 1.,Open,Ahmedabad,package failure lead damage products report kolkata facility shift
3895,Damaged Goods,Critical,Shipment contents damaged in transit. Reported at Chennai facility during shift 3.,Open,Kolkata,shipment content damage transit report chennai facility shift
3896,Transportation Failure,Medium,Delivery vehicle breakdown reported. Reported at Ahmedabad facility during shift 1.,Open,Mumbai,delivery vehicle breakdown report report ahmedabad facility shift
3897,Documentation Error,High,Data entry error impacted shipment records. Reported at Mumbai facility during shift 3.,Resolved,Hyderabad,data entry error impact shipment record report mumbai facility shift
3898,Warehouse Issue,Low,Warehouse processing backlog reported. Reported at Mumbai facility during shift 1.,Open,Kolkata,warehouse process backlog report report mumbai facility shift
3899,Transportation Failure,Medium,Transport route disruption due to road closure. Reported at Mumbai facility during shift 2.,Resolved,Pune,transport route disruption due road closure report mumbai facility shift
3900,Documentation Error,High,Incorrect shipping documentation submitted. Reported at Pune facility during shift 1.,Open,Delhi,incorrect ship documentation submit report pune facility shift
3901,Customs Issue,Medium,Customs clearance process delayed. Reported at Mumbai facility during shift 3.,Open,Hyderabad,customs clearance process delay report mumbai facility shift
3902,Transportation Failure,Low,Third-party carrier cancelled shipment booking. Reported at Delhi facility during shift 1.,Open,Ahmedabad,thirdparty carrier cancel shipment book report delhi facility shift
3903,Customs Issue,Critical,Shipment held by customs authorities. Reported at Ahmedabad facility during shift 2.,In Progress,Hyderabad,shipment hold customs authorities report ahmedabad facility shift
3904,Damaged Goods,Medium,Improper handling caused item breakage. Reported at Chennai facility during shift 3.,Resolved,Delhi,improper handle cause item breakage report chennai facility shift
3905,Customs Issue,Medium,Country-specific restriction affected import. Reported at Bengaluru facility during shift 1.,Open,Hyderabad,countryspecific restriction affect import report bengaluru facility shift
3906,Transportation Failure,Medium,Equipment malfunction impacted transport operations. Reported at Mumbai facility during shift 3.,Resolved,Bengaluru,equipment malfunction impact transport operations report mumbai facility shift
3907,Documentation Error,High,Required compliance document missing. Reported at Kolkata facility during shift 2.,In Progress,Delhi,require compliance document miss report kolkata facility shift
3908,Warehouse Issue,Medium,Order picking queue exceeded capacity. Reported at Delhi facility during shift 1.,Resolved,Kolkata,order pick queue exceed capacity report delhi facility shift
3909,Shipment Delay,Low,Container missed connecting vessel. Reported at Bengaluru facility during shift 1.,In Progress,Mumbai,container miss connect vessel report bengaluru facility shift
3910,Customs Issue,Low,Shipment flagged for compliance audit. Reported at Hyderabad facility during shift 1.,In Progress,Ahmedabad,shipment flag compliance audit report hyderabad facility shift
3911,Shipment Delay,Medium,Unexpected weather conditions slowed transportation. Reported at Kolkata facility during shift 3.,In Progress,Chennai,unexpected weather condition slow transportation report kolkata facility shift
3912,Transportation Failure,Medium,Logistics partner experienced operational failure. Reported at Chennai facility during shift 2.,In Progress,Chennai,logistics partner experience operational failure report chennai facility shift
3913,Damaged Goods,Medium,Package damaged during transportation. Reported at Delhi facility during shift 3.,Resolved,Mumbai,package damage transportation report delhi facility shift
3914,Customs Issue,High,Customs valuation dispute identified. Reported at Kolkata facility during shift 2.,Resolved,Mumbai,customs valuation dispute identify report kolkata facility shift
3915,Shipment Delay,Low,Holiday demand surge caused shipping delays. Reported at Bengaluru facility during shift 3.,Open,Delhi,holiday demand surge cause ship delay report bengaluru facility shift
3916,Shipment Delay,Low,Driver shortage affected transportation schedule. Reported at Bengaluru facility during shift 3.,In Progress,Delhi,driver shortage affect transportation schedule report bengaluru facility shift
3917,Shipment Delay,Low,Rail transport delay impacted delivery timeline. Reported at Hyderabad facility during shift 2.,Open,Ahmedabad,rail transport delay impact delivery timeline report hyderabad facility shift
3918,Warehouse Issue,Medium,Receiving delay impacted warehouse operations. Reported at Ahmedabad facility during shift 3.,Open,Mumbai,receive delay impact warehouse operations report ahmedabad facility shift
3919,Documentation Error,Low,Missing certificate delayed shipment release. Reported at Delhi facility during shift 2.,Resolved,Kolkata,miss certificate delay shipment release report delhi facility shift
3920,Shipment Delay,Critical,Port congestion delayed shipment arrival. Reported at Ahmedabad facility during shift 2.,In Progress,Hyderabad,port congestion delay shipment arrival report ahmedabad facility shift
3921,Customs Issue,Critical,Customs requested additional documentation. Reported at Hyderabad facility during shift 2.,Resolved,Delhi,customs request additional documentation report hyderabad facility shift
3922,Shipment Delay,Medium,Container missed connecting vessel. Reported at Hyderabad facility during shift 3.,Resolved,Hyderabad,container miss connect vessel report hyderabad facility shift
3923,Customs Issue,Medium,Regulatory verification delayed release. Reported at Pune facility during shift 1.,Open,Chennai,regulatory verification delay release report pune facility shift
3924,Customs Issue,Medium,Shipment flagged for compliance audit. Reported at Mumbai facility during shift 3.,In Progress,Pune,shipment flag compliance audit report mumbai facility shift
3925,Customs Issue,High,Customs requested additional documentation. Reported at Bengaluru facility during shift 2.,In Progress,Pune,customs request additional documentation report bengaluru facility shift
3926,Transportation Failure,Medium,Fuel supply issue interrupted transportation. Reported at Delhi facility during shift 1.,Resolved,Pune,fuel supply issue interrupt transportation report delhi facility shift
3927,Inventory Shortage,Medium,Product unavailable due to inventory mismatch. Reported at Ahmedabad facility during shift 3.,In Progress,Kolkata,product unavailable due inventory mismatch report ahmedabad facility shift
3928,Transportation Failure,Low,Delivery vehicle breakdown reported. Reported at Bengaluru facility during shift 2.,In Progress,Delhi,delivery vehicle breakdown report report bengaluru facility shift
3929,Damaged Goods,Medium,Temperature excursion affected product quality. Reported at Kolkata facility during shift 1.,In Progress,Ahmedabad,temperature excursion affect product quality report kolkata facility shift
3930,Warehouse Issue,Critical,Dock congestion slowed warehouse throughput. Reported at Delhi facility during shift 2.,In Progress,Chennai,dock congestion slow warehouse throughput report delhi facility shift
3931,Inventory Shortage,Medium,Demand exceeded available stock levels. Reported at Pune facility during shift 1.,In Progress,Chennai,demand exceed available stock level report pune facility shift
3932,Shipment Delay,Low,Container missed connecting vessel. Reported at Bengaluru facility during shift 3.,In Progress,Bengaluru,container miss connect vessel report bengaluru facility shift
3933,Customs Issue,Medium,Regulatory approval pending clearance. Reported at Mumbai facility during shift 2.,Open,Pune,regulatory approval pending clearance report mumbai facility shift
3934,Transportation Failure,Medium,Delivery vehicle breakdown reported. Reported at Pune facility during shift 3.,Open,Pune,delivery vehicle breakdown report report pune facility shift
3935,Inventory Shortage,Low,Inventory replenishment delayed. Reported at Hyderabad facility during shift 2.,Open,Pune,inventory replenishment delay report hyderabad facility shift
3936,Damaged Goods,High,Improper handling caused item breakage. Reported at Hyderabad facility during shift 1.,In Progress,Pune,improper handle cause item breakage report hyderabad facility shift
3937,Inventory Shortage,Critical,Product unavailable due to inventory mismatch. Reported at Pune facility during shift 3.,In Progress,Chennai,product unavailable due inventory mismatch report pune facility shift
3938,Damaged Goods,Medium,Packaging failure led to damaged products. Reported at Ahmedabad facility during shift 1.,Resolved,Mumbai,package failure lead damage products report ahmedabad facility shift
3939,Warehouse Issue,Critical,Dock congestion slowed warehouse throughput. Reported at Kolkata facility during shift 2.,In Progress,Kolkata,dock congestion slow warehouse throughput report kolkata facility shift
3940,Documentation Error,Medium,Bill of lading information mismatch detected. Reported at Kolkata facility during shift 2.,Open,Bengaluru,bill lade information mismatch detect report kolkata facility shift
3941,Inventory Shortage,Medium,Warehouse unable to fulfill requested quantity. Reported at Pune facility during shift 3.,In Progress,Ahmedabad,warehouse unable fulfill request quantity report pune facility shift
3942,Transportation Failure,Medium,Transportation vendor system outage reported. Reported at Chennai facility during shift 2.,Open,Delhi,transportation vendor system outage report report chennai facility shift
3943,Inventory Shortage,High,Procurement delay affected inventory availability. Reported at Ahmedabad facility during shift 2.,Open,Hyderabad,procurement delay affect inventory availability report ahmedabad facility shift
3944,Inventory Shortage,Low,Inventory reservation conflict identified. Reported at Chennai facility during shift 3.,Open,Delhi,inventory reservation conflict identify report chennai facility shift
3945,Shipment Delay,Medium,Rail transport delay impacted delivery timeline. Reported at Pune facility during shift 2.,Open,Bengaluru,rail transport delay impact delivery timeline report pune facility shift
3946,Warehouse Issue,High,Warehouse staffing shortage reported. Reported at Delhi facility during shift 3.,Resolved,Ahmedabad,warehouse staff shortage report report delhi facility shift
3947,Inventory Shortage,Medium,Unexpected order spike exhausted stock. Reported at Delhi facility during shift 1.,In Progress,Hyderabad,unexpected order spike exhaust stock report delhi facility shift
3948,Damaged Goods,Critical,Package damaged during transportation. Reported at Delhi facility during shift 3.,In Progress,Bengaluru,package damage transportation report delhi facility shift
3949,Warehouse Issue,Medium,Storage location information incorrect. Reported at Kolkata facility during shift 2.,Resolved,Delhi,storage location information incorrect report kolkata facility shift
3950,Damaged Goods,Critical,Goods arrived with visible damage. Reported at Ahmedabad facility during shift 2.,Resolved,Delhi,goods arrive visible damage report ahmedabad facility shift
3951,Inventory Shortage,Low,Procurement delay affected inventory availability. Reported at Pune facility during shift 3.,Open,Bengaluru,procurement delay affect inventory availability report pune facility shift
3952,Customs Issue,Low,Import documentation under review. Reported at Chennai facility during shift 3.,Resolved,Chennai,import documentation review report chennai facility shift
3953,Shipment Delay,High,Delivery delayed due to traffic disruption. Reported at Bengaluru facility during shift 1.,Open,Hyderabad,delivery delay due traffic disruption report bengaluru facility shift
3954,Damaged Goods,Medium,Goods arrived with visible damage. Reported at Bengaluru facility during shift 2.,Open,Delhi,goods arrive visible damage report bengaluru facility shift
3955,Documentation Error,High,Incorrect shipping documentation submitted. Reported at Ahmedabad facility during shift 2.,Open,Pune,incorrect ship documentation submit report ahmedabad facility shift
3956,Warehouse Issue,High,Inventory allocation issue detected. Reported at Pune facility during shift 1.,Open,Ahmedabad,inventory allocation issue detect report pune facility shift
3957,Damaged Goods,Medium,Pallet collapse resulted in product damage. Reported at Mumbai facility during shift 1.,Open,Mumbai,pallet collapse result product damage report mumbai facility shift
3958,Shipment Delay,Critical,Shipment delayed due to customs inspection. Reported at Kolkata facility during shift 2.,Open,Delhi,shipment delay due customs inspection report kolkata facility shift
3959,Inventory Shortage,High,Unexpected order spike exhausted stock. Reported at Kolkata facility during shift 3.,Open,Delhi,unexpected order spike exhaust stock report kolkata facility shift
3960,Transportation Failure,Low,Fleet utilization exceeded available capacity. Reported at Ahmedabad facility during shift 2.,Open,Kolkata,fleet utilization exceed available capacity report ahmedabad facility shift
3961,Customs Issue,Medium,Shipment flagged for compliance audit. Reported at Chennai facility during shift 2.,In Progress,Ahmedabad,shipment flag compliance audit report chennai facility shift
3962,Shipment Delay,Low,Mechanical failure delayed freight movement. Reported at Ahmedabad facility during shift 1.,In Progress,Chennai,mechanical failure delay freight movement report ahmedabad facility shift
3963,Inventory Shortage,Medium,Supplier delay created inventory gap. Reported at Chennai facility during shift 2.,Open,Hyderabad,supplier delay create inventory gap report chennai facility shift
3964,Inventory Shortage,High,Raw material shortage impacted production. Reported at Hyderabad facility during shift 1.,Open,Ahmedabad,raw material shortage impact production report hyderabad facility shift
3965,Warehouse Issue,Low,Put-away process delayed inventory availability. Reported at Hyderabad facility during shift 3.,In Progress,Hyderabad,putaway process delay inventory availability report hyderabad facility shift
3966,Shipment Delay,High,Shipment rerouted causing additional transit time. Reported at Kolkata facility during shift 2.,In Progress,Delhi,shipment rerouted cause additional transit time report kolkata facility shift
3967,Transportation Failure,Medium,Fleet utilization exceeded available capacity. Reported at Kolkata facility during shift 1.,Open,Kolkata,fleet utilization exceed available capacity report kolkata facility shift
3968,Warehouse Issue,Low,Storage location information incorrect. Reported at Chennai facility during shift 1.,In Progress,Bengaluru,storage location information incorrect report chennai facility shift
3969,Warehouse Issue,High,Inventory misplaced within storage area. Reported at Pune facility during shift 3.,In Progress,Hyderabad,inventory misplace within storage area report pune facility shift
3970,Transportation Failure,Medium,Equipment malfunction impacted transport operations. Reported at Mumbai facility during shift 2.,In Progress,Pune,equipment malfunction impact transport operations report mumbai facility shift
3971,Documentation Error,Medium,Export declaration contained errors. Reported at Bengaluru facility during shift 1.,Open,Ahmedabad,export declaration contain errors report bengaluru facility shift
3972,Customs Issue,High,Border security inspection caused delay. Reported at Hyderabad facility during shift 3.,In Progress,Kolkata,border security inspection cause delay report hyderabad facility shift
3973,Shipment Delay,Low,Rail transport delay impacted delivery timeline. Reported at Pune facility during shift 2.,In Progress,Bengaluru,rail transport delay impact delivery timeline report pune facility shift
3974,Inventory Shortage,Low,Inventory reservation conflict identified. Reported at Kolkata facility during shift 2.,Open,Delhi,inventory reservation conflict identify report kolkata facility shift
3975,Customs Issue,Low,Border inspection extended shipment hold. Reported at Hyderabad facility during shift 2.,Open,Delhi,border inspection extend shipment hold report hyderabad facility shift
3976,Customs Issue,High,Shipment flagged for compliance audit. Reported at Mumbai facility during shift 3.,Open,Pune,shipment flag compliance audit report mumbai facility shift
3977,Documentation Error,Low,Required compliance document missing. Reported at Pune facility during shift 1.,Open,Mumbai,require compliance document miss report pune facility shift
3978,Inventory Shortage,High,Raw material shortage impacted production. Reported at Ahmedabad facility during shift 2.,Open,Delhi,raw material shortage impact production report ahmedabad facility shift
3979,Inventory Shortage,Medium,Inventory reservation conflict identified. Reported at Hyderabad facility during shift 2.,Resolved,Delhi,inventory reservation conflict identify report hyderabad facility shift
3980,Damaged Goods,Medium,Pallet collapse resulted in product damage. Reported at Ahmedabad facility during shift 3.,In Progress,Mumbai,pallet collapse result product damage report ahmedabad facility shift
3981,Warehouse Issue,Low,Inventory misplaced within storage area. Reported at Delhi facility during shift 1.,Resolved,Ahmedabad,inventory misplace within storage area report delhi facility shift
3982,Shipment Delay,Medium,Container missed connecting vessel. Reported at Hyderabad facility during shift 1.,Open,Kolkata,container miss connect vessel report hyderabad facility shift
3983,Customs Issue,High,Customs clearance process delayed. Reported at Bengaluru facility during shift 3.,Resolved,Pune,customs clearance process delay report bengaluru facility shift
3984,Transportation Failure,Critical,Vehicle maintenance issue halted delivery. Reported at Ahmedabad facility during shift 3.,Resolved,Hyderabad,vehicle maintenance issue halt delivery report ahmedabad facility shift
3985,Transportation Failure,Medium,Delivery vehicle breakdown reported. Reported at Pune facility during shift 3.,In Progress,Hyderabad,delivery vehicle breakdown report report pune facility shift
3986,Documentation Error,High,Invoice value discrepancy identified. Reported at Kolkata facility during shift 1.,Resolved,Bengaluru,invoice value discrepancy identify report kolkata facility shift
3987,Shipment Delay,Low,Holiday demand surge caused shipping delays. Reported at Ahmedabad facility during shift 1.,Open,Chennai,holiday demand surge cause ship delay report ahmedabad facility shift
3988,Warehouse Issue,High,Inventory misplaced within storage area. Reported at Chennai facility during shift 3.,In Progress,Mumbai,inventory misplace within storage area report chennai facility shift
3989,Transportation Failure,Low,Fuel supply issue interrupted transportation. Reported at Delhi facility during shift 1.,In Progress,Pune,fuel supply issue interrupt transportation report delhi facility shift
3990,Damaged Goods,Medium,Packaging failure led to damaged products. Reported at Ahmedabad facility during shift 3.,In Progress,Pune,package failure lead damage products report ahmedabad facility shift
3991,Transportation Failure,Medium,Accident blocked scheduled delivery route. Reported at Kolkata facility during shift 2.,In Progress,Ahmedabad,accident block schedule delivery route report kolkata facility shift
3992,Damaged Goods,Medium,Product packaging torn during loading. Reported at Delhi facility during shift 2.,In Progress,Chennai,product package tear load report delhi facility shift
3993,Shipment Delay,Medium,Shipment delayed due to customs inspection. Reported at Kolkata facility during shift 3.,Resolved,Kolkata,shipment delay due customs inspection report kolkata facility shift
3994,Warehouse Issue,Medium,Inventory misplaced within storage area. Reported at Delhi facility during shift 2.,In Progress,Mumbai,inventory misplace within storage area report delhi facility shift
3995,Transportation Failure,Medium,Fuel supply issue interrupted transportation. Reported at Pune facility during shift 2.,Open,Delhi,fuel supply issue interrupt transportation report pune facility shift
3996,Damaged Goods,Low,Transit vibration caused product defects. Reported at Hyderabad facility during shift 2.,Resolved,Ahmedabad,transit vibration cause product defect report hyderabad facility shift
3997,Damaged Goods,Low,Package damaged during transportation. Reported at Delhi facility during shift 1.,In Progress,Kolkata,package damage transportation report delhi facility shift
3998,Shipment Delay,High,Cargo loading completed behind schedule. Reported at Bengaluru facility during shift 2.,Open,Mumbai,cargo load complete behind schedule report bengaluru facility shift
3999,Transportation Failure,Low,Delivery vehicle breakdown reported. Reported at Bengaluru facility during shift 2.,Resolved,Hyderabad,delivery vehicle breakdown report report bengaluru facility shift
4000,Warehouse Issue,Critical,Order consolidation process delayed shipment. Reported at Hyderabad facility during shift 1.,Resolved,Kolkata,order consolidation process delay shipment report hyderabad facility shift
4001,Shipment Delay,Medium,Port congestion delayed shipment arrival. Reported at Chennai facility during shift 3.,Open,Bengaluru,port congestion delay shipment arrival report chennai facility shift
4002,Shipment Delay,Low,Rail transport delay impacted delivery timeline. Reported at Hyderabad facility during shift 3.,In Progress,Chennai,rail transport delay impact delivery timeline report hyderabad facility shift
4003,Documentation Error,Low,Invoice value discrepancy identified. Reported at Kolkata facility during shift 3.,Resolved,Ahmedabad,invoice value discrepancy identify report kolkata facility shift
4004,Documentation Error,High,Export declaration contained errors. Reported at Ahmedabad facility during shift 1.,In Progress,Delhi,export declaration contain errors report ahmedabad facility shift
4005,Documentation Error,Medium,Required compliance document missing. Reported at Mumbai facility during shift 1.,Resolved,Hyderabad,require compliance document miss report mumbai facility shift
4006,Documentation Error,Critical,Incorrect shipping documentation submitted. Reported at Hyderabad facility during shift 2.,In Progress,Bengaluru,incorrect ship documentation submit report hyderabad facility shift
4007,Damaged Goods,Medium,Warehouse accident damaged stored inventory. Reported at Kolkata facility during shift 3.,Resolved,Chennai,warehouse accident damage store inventory report kolkata facility shift
4008,Documentation Error,Medium,Incorrect consignee information provided. Reported at Ahmedabad facility during shift 3.,Open,Hyderabad,incorrect consignee information provide report ahmedabad facility shift
4009,Customs Issue,High,Shipment held by customs authorities. Reported at Pune facility during shift 3.,Resolved,Chennai,shipment hold customs authorities report pune facility shift
4010,Inventory Shortage,Low,Raw material shortage impacted production. Reported at Kolkata facility during shift 1.,Resolved,Hyderabad,raw material shortage impact production report kolkata facility shift
4011,Damaged Goods,Critical,Goods arrived with visible damage. Reported at Chennai facility during shift 1.,In Progress,Delhi,goods arrive visible damage report chennai facility shift
4012,Damaged Goods,High,Temperature excursion affected product quality. Reported at Hyderabad facility during shift 3.,Open,Ahmedabad,temperature excursion affect product quality report hyderabad facility shift
4013,Inventory Shortage,Low,Inventory reservation conflict identified. Reported at Hyderabad facility during shift 1.,Open,Ahmedabad,inventory reservation conflict identify report hyderabad facility shift
4014,Customs Issue,Medium,Import permit approval pending. Reported at Ahmedabad facility during shift 2.,In Progress,Pune,import permit approval pending report ahmedabad facility shift
4015,Documentation Error,Medium,Incorrect consignee information provided. Reported at Mumbai facility during shift 3.,Resolved,Kolkata,incorrect consignee information provide report mumbai facility shift
4016,Customs Issue,Low,Regulatory verification delayed release. Reported at Delhi facility during shift 1.,Resolved,Delhi,regulatory verification delay release report delhi facility shift
4017,Warehouse Issue,Medium,Cycle count discrepancy identified. Reported at Pune facility during shift 3.,In Progress,Hyderabad,cycle count discrepancy identify report pune facility shift
4018,Shipment Delay,Low,Rail transport delay impacted delivery timeline. Reported at Kolkata facility during shift 1.,Open,Delhi,rail transport delay impact delivery timeline report kolkata facility shift
4019,Transportation Failure,Medium,Delivery vehicle breakdown reported. Reported at Pune facility during shift 3.,Resolved,Hyderabad,delivery vehicle breakdown report report pune facility shift
4020,Inventory Shortage,Low,Inventory forecast underestimated demand. Reported at Kolkata facility during shift 2.,Resolved,Bengaluru,inventory forecast underestimate demand report kolkata facility shift
4021,Shipment Delay,Medium,Holiday demand surge caused shipping delays. Reported at Ahmedabad facility during shift 1.,In Progress,Kolkata,holiday demand surge cause ship delay report ahmedabad facility shift
4022,Inventory Shortage,Critical,Inventory reservation conflict identified. Reported at Bengaluru facility during shift 3.,Resolved,Mumbai,inventory reservation conflict identify report bengaluru facility shift
4023,Damaged Goods,Medium,Product packaging torn during loading. Reported at Mumbai facility during shift 2.,Open,Hyderabad,product package tear load report mumbai facility shift
4024,Warehouse Issue,High,Storage location information incorrect. Reported at Kolkata facility during shift 2.,Resolved,Hyderabad,storage location information incorrect report kolkata facility shift
4025,Transportation Failure,Critical,Route planning error delayed movement. Reported at Chennai facility during shift 2.,Open,Delhi,route plan error delay movement report chennai facility shift
4026,Transportation Failure,Medium,Equipment malfunction impacted transport operations. Reported at Delhi facility during shift 1.,Open,Ahmedabad,equipment malfunction impact transport operations report delhi facility shift
4027,Documentation Error,High,Labeling information did not match shipment. Reported at Chennai facility during shift 1.,Open,Ahmedabad,label information match shipment report chennai facility shift
4028,Customs Issue,High,Trade compliance review delayed processing. Reported at Chennai facility during shift 1.,In Progress,Pune,trade compliance review delay process report chennai facility shift
4029,Warehouse Issue,Medium,Inventory allocation issue detected. Reported at Ahmedabad facility during shift 1.,Resolved,Hyderabad,inventory allocation issue detect report ahmedabad facility shift
4030,Warehouse Issue,Medium,Warehouse management system outage reported. Reported at Ahmedabad facility during shift 3.,In Progress,Mumbai,warehouse management system outage report report ahmedabad facility shift
4031,Customs Issue,Medium,Shipment selected for random inspection. Reported at Ahmedabad facility during shift 2.,In Progress,Bengaluru,shipment select random inspection report ahmedabad facility shift
4032,Documentation Error,Medium,Labeling information did not match shipment. Reported at Mumbai facility during shift 3.,Resolved,Chennai,label information match shipment report mumbai facility shift
4033,Warehouse Issue,Medium,Warehouse management system outage reported. Reported at Bengaluru facility during shift 2.,In Progress,Mumbai,warehouse management system outage report report bengaluru facility shift
4034,Damaged Goods,Medium,Improper handling caused item breakage. Reported at Chennai facility during shift 3.,In Progress,Kolkata,improper handle cause item breakage report chennai facility shift
4035,Inventory Shortage,Low,Supplier delay created inventory gap. Reported at Bengaluru facility during shift 3.,Resolved,Ahmedabad,supplier delay create inventory gap report bengaluru facility shift
4036,Transportation Failure,Critical,Logistics partner experienced operational failure. Reported at Chennai facility during shift 1.,Resolved,Ahmedabad,logistics partner experience operational failure report chennai facility shift
4037,Transportation Failure,Medium,Transport route disruption due to road closure. Reported at Delhi facility during shift 1.,Resolved,Mumbai,transport route disruption due road closure report delhi facility shift
4038,Inventory Shortage,High,Product unavailable due to inventory mismatch. Reported at Chennai facility during shift 3.,Resolved,Mumbai,product unavailable due inventory mismatch report chennai facility shift
4039,Documentation Error,Critical,Shipping label generated with incorrect address. Reported at Mumbai facility during shift 1.,Resolved,Kolkata,ship label generate incorrect address report mumbai facility shift
4040,Warehouse Issue,High,Dock congestion slowed warehouse throughput. Reported at Mumbai facility during shift 3.,Open,Ahmedabad,dock congestion slow warehouse throughput report mumbai facility shift
4041,Shipment Delay,High,Mechanical failure delayed freight movement. Reported at Kolkata facility during shift 2.,Resolved,Chennai,mechanical failure delay freight movement report kolkata facility shift
4042,Warehouse Issue,Medium,Picking error occurred in warehouse. Reported at Chennai facility during shift 2.,Open,Ahmedabad,pick error occur warehouse report chennai facility shift
4043,Warehouse Issue,Medium,Storage location information incorrect. Reported at Delhi facility during shift 2.,Open,Bengaluru,storage location information incorrect report delhi facility shift
4044,Damaged Goods,Medium,Receiving inspection identified damaged goods. Reported at Kolkata facility during shift 3.,In Progress,Chennai,receive inspection identify damage goods report kolkata facility shift
4045,Inventory Shortage,Medium,Procurement delay affected inventory availability. Reported at Pune facility during shift 1.,In Progress,Ahmedabad,procurement delay affect inventory availability report pune facility shift
4046,Documentation Error,High,Documentation approval pending correction. Reported at Kolkata facility during shift 3.,Open,Bengaluru,documentation approval pending correction report kolkata facility shift
4047,Damaged Goods,High,Water exposure damaged packaged goods. Reported at Ahmedabad facility during shift 1.,In Progress,Bengaluru,water exposure damage package goods report ahmedabad facility shift
4048,Customs Issue,High,Customs clearance process delayed. Reported at Delhi facility during shift 3.,Open,Mumbai,customs clearance process delay report delhi facility shift
4049,Damaged Goods,Low,Water exposure damaged packaged goods. Reported at Pune facility during shift 3.,In Progress,Ahmedabad,water exposure damage package goods report pune facility shift
4050,Customs Issue,Low,Country-specific restriction affected import. Reported at Chennai facility during shift 2.,Open,Ahmedabad,countryspecific restriction affect import report chennai facility shift
4051,Documentation Error,Low,Documentation approval pending correction. Reported at Bengaluru facility during shift 3.,In Progress,Hyderabad,documentation approval pending correction report bengaluru facility shift
4052,Shipment Delay,Medium,Carrier scheduling issue caused shipment delay. Reported at Pune facility during shift 3.,Open,Mumbai,carrier schedule issue cause shipment delay report pune facility shift
4053,Damaged Goods,Critical,Product packaging torn during loading. Reported at Hyderabad facility during shift 2.,Resolved,Mumbai,product package tear load report hyderabad facility shift
4054,Warehouse Issue,High,Storage location information incorrect. Reported at Bengaluru facility during shift 3.,Open,Bengaluru,storage location information incorrect report bengaluru facility shift
4055,Transportation Failure,Medium,Transportation vendor system outage reported. Reported at Ahmedabad facility during shift 1.,In Progress,Mumbai,transportation vendor system outage report report ahmedabad facility shift
4056,Customs Issue,Medium,Shipment held by customs authorities. Reported at Ahmedabad facility during shift 2.,Resolved,Chennai,shipment hold customs authorities report ahmedabad facility shift
4057,Warehouse Issue,Medium,Order consolidation process delayed shipment. Reported at Delhi facility during shift 1.,In Progress,Hyderabad,order consolidation process delay shipment report delhi facility shift
4058,Damaged Goods,Medium,Pallet collapse resulted in product damage. Reported at Hyderabad facility during shift 2.,In Progress,Hyderabad,pallet collapse result product damage report hyderabad facility shift
4059,Shipment Delay,High,Mechanical failure delayed freight movement. Reported at Bengaluru facility during shift 2.,In Progress,Hyderabad,mechanical failure delay freight movement report bengaluru facility shift
4060,Warehouse Issue,Low,Warehouse stock mismatch identified. Reported at Mumbai facility during shift 2.,Open,Pune,warehouse stock mismatch identify report mumbai facility shift
4061,Transportation Failure,Medium,Logistics partner experienced operational failure. Reported at Ahmedabad facility during shift 3.,Open,Pune,logistics partner experience operational failure report ahmedabad facility shift
4062,Documentation Error,High,Export declaration contained errors. Reported at Pune facility during shift 2.,Open,Delhi,export declaration contain errors report pune facility shift
4063,Customs Issue,Medium,Import permit approval pending. Reported at Bengaluru facility during shift 1.,Resolved,Bengaluru,import permit approval pending report bengaluru facility shift
4064,Customs Issue,High,Shipment held by customs authorities. Reported at Delhi facility during shift 3.,In Progress,Pune,shipment hold customs authorities report delhi facility shift
4065,Customs Issue,Low,Customs valuation dispute identified. Reported at Hyderabad facility during shift 3.,Open,Bengaluru,customs valuation dispute identify report hyderabad facility shift
4066,Inventory Shortage,High,Stockout occurred at fulfillment center. Reported at Mumbai facility during shift 2.,Resolved,Pune,stockout occur fulfillment center report mumbai facility shift
4067,Shipment Delay,High,Cargo loading completed behind schedule. Reported at Pune facility during shift 3.,Resolved,Bengaluru,cargo load complete behind schedule report pune facility shift
4068,Documentation Error,Critical,Purchase order details inconsistent. Reported at Kolkata facility during shift 1.,Open,Hyderabad,purchase order detail inconsistent report kolkata facility shift
4069,Damaged Goods,High,Warehouse accident damaged stored inventory. Reported at Kolkata facility during shift 2.,In Progress,Delhi,warehouse accident damage store inventory report kolkata facility shift
4070,Customs Issue,Medium,Customs clearance process delayed. Reported at Pune facility during shift 3.,In Progress,Hyderabad,customs clearance process delay report pune facility shift
4071,Customs Issue,High,Customs clearance process delayed. Reported at Ahmedabad facility during shift 2.,Resolved,Mumbai,customs clearance process delay report ahmedabad facility shift
4072,Transportation Failure,Medium,Transport route disruption due to road closure. Reported at Ahmedabad facility during shift 1.,Open,Delhi,transport route disruption due road closure report ahmedabad facility shift
4073,Shipment Delay,Medium,Cargo loading completed behind schedule. Reported at Mumbai facility during shift 2.,Open,Hyderabad,cargo load complete behind schedule report mumbai facility shift
4074,Shipment Delay,Medium,Unexpected weather conditions slowed transportation. Reported at Hyderabad facility during shift 2.,In Progress,Chennai,unexpected weather condition slow transportation report hyderabad facility shift
4075,Customs Issue,Low,Border security inspection caused delay. Reported at Hyderabad facility during shift 3.,In Progress,Ahmedabad,border security inspection cause delay report hyderabad facility shift
4076,Damaged Goods,High,Package damaged during transportation. Reported at Delhi facility during shift 3.,Open,Kolkata,package damage transportation report delhi facility shift
4077,Damaged Goods,High,Fragile goods mishandled during unloading. Reported at Bengaluru facility during shift 1.,Open,Delhi,fragile goods mishandle unload report bengaluru facility shift
4078,Transportation Failure,Low,Transportation network disruption reported. Reported at Pune facility during shift 3.,Resolved,Kolkata,transportation network disruption report report pune facility shift
4079,Customs Issue,Medium,Trade compliance review delayed processing. Reported at Delhi facility during shift 1.,Open,Kolkata,trade compliance review delay process report delhi facility shift
4080,Transportation Failure,Medium,Fleet utilization exceeded available capacity. Reported at Ahmedabad facility during shift 1.,In Progress,Kolkata,fleet utilization exceed available capacity report ahmedabad facility shift
4081,Transportation Failure,Low,Fuel supply issue interrupted transportation. Reported at Mumbai facility during shift 1.,In Progress,Kolkata,fuel supply issue interrupt transportation report mumbai facility shift
4082,Inventory Shortage,Low,Stockout occurred at fulfillment center. Reported at Delhi facility during shift 1.,Open,Delhi,stockout occur fulfillment center report delhi facility shift
4083,Customs Issue,Medium,Regulatory approval pending clearance. Reported at Bengaluru facility during shift 2.,Resolved,Chennai,regulatory approval pending clearance report bengaluru facility shift
4084,Shipment Delay,Medium,Mechanical failure delayed freight movement. Reported at Bengaluru facility during shift 3.,In Progress,Bengaluru,mechanical failure delay freight movement report bengaluru facility shift
4085,Transportation Failure,High,Fleet utilization exceeded available capacity. Reported at Pune facility during shift 3.,Open,Ahmedabad,fleet utilization exceed available capacity report pune facility shift
4086,Warehouse Issue,Low,Warehouse management system outage reported. Reported at Mumbai facility during shift 2.,In Progress,Hyderabad,warehouse management system outage report report mumbai facility shift
4087,Warehouse Issue,Low,Order picking queue exceeded capacity. Reported at Mumbai facility during shift 2.,Resolved,Delhi,order pick queue exceed capacity report mumbai facility shift
4088,Inventory Shortage,Medium,Demand exceeded available stock levels. Reported at Pune facility during shift 1.,In Progress,Pune,demand exceed available stock level report pune facility shift
4089,Transportation Failure,High,Trailer availability issue delayed dispatch. Reported at Hyderabad facility during shift 1.,In Progress,Chennai,trailer availability issue delay dispatch report hyderabad facility shift
4090,Shipment Delay,Medium,Cargo loading completed behind schedule. Reported at Kolkata facility during shift 1.,Open,Kolkata,cargo load complete behind schedule report kolkata facility shift
4091,Inventory Shortage,Critical,Product unavailable due to inventory mismatch. Reported at Pune facility during shift 3.,In Progress,Pune,product unavailable due inventory mismatch report pune facility shift
4092,Damaged Goods,Low,Container impact damaged shipment contents. Reported at Delhi facility during shift 3.,Resolved,Ahmedabad,container impact damage shipment content report delhi facility shift
4093,Transportation Failure,Low,Transportation network disruption reported. Reported at Hyderabad facility during shift 1.,Open,Chennai,transportation network disruption report report hyderabad facility shift
4094,Inventory Shortage,Critical,Warehouse unable to fulfill requested quantity. Reported at Pune facility during shift 1.,Resolved,Pune,warehouse unable fulfill request quantity report pune facility shift
4095,Damaged Goods,High,Product packaging torn during loading. Reported at Bengaluru facility during shift 2.,Resolved,Hyderabad,product package tear load report bengaluru facility shift
4096,Documentation Error,Low,Purchase order details inconsistent. Reported at Ahmedabad facility during shift 1.,Resolved,Bengaluru,purchase order detail inconsistent report ahmedabad facility shift
4097,Documentation Error,High,Incorrect shipping documentation submitted. Reported at Hyderabad facility during shift 2.,Open,Mumbai,incorrect ship documentation submit report hyderabad facility shift
4098,Damaged Goods,Medium,Receiving inspection identified damaged goods. Reported at Pune facility during shift 2.,Resolved,Mumbai,receive inspection identify damage goods report pune facility shift
4099,Damaged Goods,Medium,Fragile goods mishandled during unloading. Reported at Ahmedabad facility during shift 2.,Open,Delhi,fragile goods mishandle unload report ahmedabad facility shift
4100,Damaged Goods,Medium,Product packaging torn during loading. Reported at Mumbai facility during shift 2.,Resolved,Ahmedabad,product package tear load report mumbai facility shift
4101,Documentation Error,High,Labeling information did not match shipment. Reported at Ahmedabad facility during shift 3.,Open,Mumbai,label information match shipment report ahmedabad facility shift
4102,Inventory Shortage,Low,Inventory reservation conflict identified. Reported at Chennai facility during shift 2.,In Progress,Hyderabad,inventory reservation conflict identify report chennai facility shift
4103,Inventory Shortage,Medium,Inventory forecast underestimated demand. Reported at Ahmedabad facility during shift 3.,Open,Bengaluru,inventory forecast underestimate demand report ahmedabad facility shift
4104,Shipment Delay,Low,Dispatch process delayed at origin facility. Reported at Pune facility during shift 3.,Open,Ahmedabad,dispatch process delay origin facility report pune facility shift
4105,Inventory Shortage,Medium,Product unavailable due to inventory mismatch. Reported at Hyderabad facility during shift 1.,In Progress,Mumbai,product unavailable due inventory mismatch report hyderabad facility shift
4106,Shipment Delay,Medium,Carrier scheduling issue caused shipment delay. Reported at Bengaluru facility during shift 2.,In Progress,Delhi,carrier schedule issue cause shipment delay report bengaluru facility shift
4107,Customs Issue,High,Customs clearance process delayed. Reported at Chennai facility during shift 2.,Open,Ahmedabad,customs clearance process delay report chennai facility shift
4108,Shipment Delay,Medium,Shipment delayed due to customs inspection. Reported at Kolkata facility during shift 3.,In Progress,Hyderabad,shipment delay due customs inspection report kolkata facility shift
4109,Inventory Shortage,Medium,Safety stock threshold breached. Reported at Ahmedabad facility during shift 1.,Resolved,Chennai,safety stock threshold breach report ahmedabad facility shift
4110,Inventory Shortage,Medium,Inventory reservation conflict identified. Reported at Kolkata facility during shift 3.,Open,Mumbai,inventory reservation conflict identify report kolkata facility shift
4111,Damaged Goods,High,Shipment contents damaged in transit. Reported at Delhi facility during shift 3.,Open,Kolkata,shipment content damage transit report delhi facility shift
4112,Shipment Delay,Low,Shipment delayed due to customs inspection. Reported at Delhi facility during shift 1.,Resolved,Kolkata,shipment delay due customs inspection report delhi facility shift
4113,Warehouse Issue,Low,Receiving delay impacted warehouse operations. Reported at Pune facility during shift 3.,In Progress,Delhi,receive delay impact warehouse operations report pune facility shift
4114,Inventory Shortage,Low,Stockout occurred at fulfillment center. Reported at Mumbai facility during shift 1.,Open,Chennai,stockout occur fulfillment center report mumbai facility shift
4115,Transportation Failure,Low,Fuel supply issue interrupted transportation. Reported at Ahmedabad facility during shift 1.,Open,Hyderabad,fuel supply issue interrupt transportation report ahmedabad facility shift
4116,Damaged Goods,Low,Packaging failure led to damaged products. Reported at Delhi facility during shift 1.,In Progress,Kolkata,package failure lead damage products report delhi facility shift
4117,Inventory Shortage,Low,Demand exceeded available stock levels. Reported at Delhi facility during shift 1.,Open,Hyderabad,demand exceed available stock level report delhi facility shift
4118,Shipment Delay,High,Shipment delayed due to customs inspection. Reported at Pune facility during shift 1.,Resolved,Delhi,shipment delay due customs inspection report pune facility shift
4119,Inventory Shortage,Medium,Raw material shortage impacted production. Reported at Delhi facility during shift 1.,Open,Chennai,raw material shortage impact production report delhi facility shift
4120,Shipment Delay,Low,Shipment rerouted causing additional transit time. Reported at Chennai facility during shift 1.,Open,Hyderabad,shipment rerouted cause additional transit time report chennai facility shift
4121,Documentation Error,Medium,Required compliance document missing. Reported at Bengaluru facility during shift 1.,Open,Bengaluru,require compliance document miss report bengaluru facility shift
4122,Customs Issue,Medium,Import documentation under review. Reported at Pune facility during shift 1.,Open,Bengaluru,import documentation review report pune facility shift
4123,Inventory Shortage,High,Demand exceeded available stock levels. Reported at Hyderabad facility during shift 2.,In Progress,Hyderabad,demand exceed available stock level report hyderabad facility shift
4124,Damaged Goods,Low,Goods arrived with visible damage. Reported at Bengaluru facility during shift 2.,In Progress,Hyderabad,goods arrive visible damage report bengaluru facility shift
4125,Warehouse Issue,Medium,Space constraint affected storage operations. Reported at Hyderabad facility during shift 3.,Open,Delhi,space constraint affect storage operations report hyderabad facility shift
4126,Damaged Goods,Low,Container impact damaged shipment contents. Reported at Kolkata facility during shift 2.,Open,Chennai,container impact damage shipment content report kolkata facility shift
4127,Customs Issue,Medium,Shipment selected for random inspection. Reported at Pune facility during shift 1.,In Progress,Ahmedabad,shipment select random inspection report pune facility shift
4128,Customs Issue,Medium,Country-specific restriction affected import. Reported at Bengaluru facility during shift 2.,Resolved,Pune,countryspecific restriction affect import report bengaluru facility shift
4129,Inventory Shortage,Medium,Cycle count revealed stock deficiency. Reported at Ahmedabad facility during shift 1.,Open,Pune,cycle count reveal stock deficiency report ahmedabad facility shift
4130,Customs Issue,Medium,Import documentation under review. Reported at Kolkata facility during shift 2.,In Progress,Mumbai,import documentation review report kolkata facility shift
4131,Damaged Goods,Medium,Improper handling caused item breakage. Reported at Kolkata facility during shift 1.,Open,Chennai,improper handle cause item breakage report kolkata facility shift
4132,Documentation Error,Medium,Shipping label generated with incorrect address. Reported at Kolkata facility during shift 2.,In Progress,Ahmedabad,ship label generate incorrect address report kolkata facility shift
4133,Warehouse Issue,Medium,Receiving delay impacted warehouse operations. Reported at Bengaluru facility during shift 1.,Resolved,Pune,receive delay impact warehouse operations report bengaluru facility shift
4134,Inventory Shortage,Critical,Stockout occurred at fulfillment center. Reported at Ahmedabad facility during shift 2.,In Progress,Kolkata,stockout occur fulfillment center report ahmedabad facility shift
4135,Customs Issue,Low,Customs requested additional documentation. Reported at Bengaluru facility during shift 2.,Resolved,Kolkata,customs request additional documentation report bengaluru facility shift
4136,Inventory Shortage,Low,Unexpected order spike exhausted stock. Reported at Pune facility during shift 3.,In Progress,Bengaluru,unexpected order spike exhaust stock report pune facility shift
4137,Customs Issue,Critical,Shipment selected for random inspection. Reported at Kolkata facility during shift 2.,Open,Hyderabad,shipment select random inspection report kolkata facility shift
4138,Shipment Delay,Low,Container missed connecting vessel. Reported at Ahmedabad facility during shift 1.,In Progress,Kolkata,container miss connect vessel report ahmedabad facility shift
4139,Inventory Shortage,Low,Procurement delay affected inventory availability. Reported at Bengaluru facility during shift 2.,Resolved,Hyderabad,procurement delay affect inventory availability report bengaluru facility shift
4140,Transportation Failure,High,Transportation vendor system outage reported. Reported at Pune facility during shift 3.,Open,Chennai,transportation vendor system outage report report pune facility shift
4141,Transportation Failure,High,Third-party carrier cancelled shipment booking. Reported at Mumbai facility during shift 2.,Open,Hyderabad,thirdparty carrier cancel shipment book report mumbai facility shift
4142,Documentation Error,Medium,Export declaration contained errors. Reported at Bengaluru facility during shift 3.,Resolved,Mumbai,export declaration contain errors report bengaluru facility shift
4143,Transportation Failure,Medium,Transport route disruption due to road closure. Reported at Pune facility during shift 1.,Resolved,Mumbai,transport route disruption due road closure report pune facility shift
4144,Shipment Delay,Medium,Delivery delayed due to traffic disruption. Reported at Bengaluru facility during shift 3.,Open,Bengaluru,delivery delay due traffic disruption report bengaluru facility shift
4145,Shipment Delay,Low,Last-mile delivery partner unavailable. Reported at Bengaluru facility during shift 2.,Open,Ahmedabad,lastmile delivery partner unavailable report bengaluru facility shift
4146,Customs Issue,Low,Import documentation under review. Reported at Chennai facility during shift 1.,Resolved,Kolkata,import documentation review report chennai facility shift
4147,Warehouse Issue,High,Warehouse management system outage reported. Reported at Chennai facility during shift 3.,In Progress,Hyderabad,warehouse management system outage report report chennai facility shift
4148,Documentation Error,Critical,Bill of lading information mismatch detected. Reported at Mumbai facility during shift 1.,In Progress,Kolkata,bill lade information mismatch detect report mumbai facility shift
4149,Warehouse Issue,Medium,Warehouse processing backlog reported. Reported at Hyderabad facility during shift 2.,In Progress,Hyderabad,warehouse process backlog report report hyderabad facility shift
4150,Warehouse Issue,High,Storage location information incorrect. Reported at Delhi facility during shift 2.,In Progress,Pune,storage location information incorrect report delhi facility shift
4151,Warehouse Issue,Medium,Order picking queue exceeded capacity. Reported at Bengaluru facility during shift 1.,In Progress,Delhi,order pick queue exceed capacity report bengaluru facility shift
4152,Customs Issue,Low,Country-specific restriction affected import. Reported at Hyderabad facility during shift 1.,Resolved,Hyderabad,countryspecific restriction affect import report hyderabad facility shift
4153,Documentation Error,Low,Manifest information incomplete. Reported at Mumbai facility during shift 3.,Resolved,Kolkata,manifest information incomplete report mumbai facility shift
4154,Customs Issue,Low,Country-specific restriction affected import. Reported at Kolkata facility during shift 3.,In Progress,Mumbai,countryspecific restriction affect import report kolkata facility shift
4155,Documentation Error,Low,Purchase order details inconsistent. Reported at Ahmedabad facility during shift 3.,Resolved,Bengaluru,purchase order detail inconsistent report ahmedabad facility shift
4156,Inventory Shortage,Low,Safety stock threshold breached. Reported at Bengaluru facility during shift 3.,Open,Kolkata,safety stock threshold breach report bengaluru facility shift
4157,Shipment Delay,Low,Port congestion delayed shipment arrival. Reported at Pune facility during shift 3.,In Progress,Bengaluru,port congestion delay shipment arrival report pune facility shift
4158,Documentation Error,Medium,Documentation approval pending correction. Reported at Hyderabad facility during shift 3.,Open,Bengaluru,documentation approval pending correction report hyderabad facility shift
4159,Inventory Shortage,Low,Demand exceeded available stock levels. Reported at Hyderabad facility during shift 2.,Resolved,Kolkata,demand exceed available stock level report hyderabad facility shift
4160,Warehouse Issue,Low,Warehouse management system outage reported. Reported at Bengaluru facility during shift 3.,Open,Hyderabad,warehouse management system outage report report bengaluru facility shift
4161,Shipment Delay,High,Holiday demand surge caused shipping delays. Reported at Hyderabad facility during shift 1.,Open,Kolkata,holiday demand surge cause ship delay report hyderabad facility shift
4162,Transportation Failure,Low,Route planning error delayed movement. Reported at Bengaluru facility during shift 1.,In Progress,Mumbai,route plan error delay movement report bengaluru facility shift
4163,Shipment Delay,Medium,Delivery delayed due to traffic disruption. Reported at Chennai facility during shift 2.,Resolved,Mumbai,delivery delay due traffic disruption report chennai facility shift
4164,Warehouse Issue,Medium,Warehouse stock mismatch identified. Reported at Chennai facility during shift 2.,Open,Chennai,warehouse stock mismatch identify report chennai facility shift
4165,Inventory Shortage,Critical,Backordered items unavailable for dispatch. Reported at Kolkata facility during shift 2.,In Progress,Chennai,backordered items unavailable dispatch report kolkata facility shift
4166,Customs Issue,Low,Customs clearance process delayed. Reported at Chennai facility during shift 1.,Open,Bengaluru,customs clearance process delay report chennai facility shift
4167,Damaged Goods,Medium,Temperature excursion affected product quality. Reported at Pune facility during shift 2.,Open,Chennai,temperature excursion affect product quality report pune facility shift
4168,Inventory Shortage,Medium,Safety stock threshold breached. Reported at Bengaluru facility during shift 1.,Resolved,Ahmedabad,safety stock threshold breach report bengaluru facility shift
4169,Documentation Error,High,Missing certificate delayed shipment release. Reported at Mumbai facility during shift 2.,Resolved,Mumbai,miss certificate delay shipment release report mumbai facility shift
4170,Inventory Shortage,Low,Warehouse unable to fulfill requested quantity. Reported at Kolkata facility during shift 1.,In Progress,Mumbai,warehouse unable fulfill request quantity report kolkata facility shift
4171,Warehouse Issue,Low,Put-away process delayed inventory availability. Reported at Mumbai facility during shift 2.,Open,Mumbai,putaway process delay inventory availability report mumbai facility shift
4172,Documentation Error,Critical,Missing certificate delayed shipment release. Reported at Hyderabad facility during shift 1.,In Progress,Ahmedabad,miss certificate delay shipment release report hyderabad facility shift
4173,Customs Issue,Critical,Trade compliance review delayed processing. Reported at Chennai facility during shift 1.,Resolved,Mumbai,trade compliance review delay process report chennai facility shift
4174,Damaged Goods,High,Product packaging torn during loading. Reported at Mumbai facility during shift 1.,In Progress,Hyderabad,product package tear load report mumbai facility shift
4175,Damaged Goods,Low,Goods arrived with visible damage. Reported at Ahmedabad facility during shift 3.,Resolved,Bengaluru,goods arrive visible damage report ahmedabad facility shift
4176,Transportation Failure,Medium,Fleet utilization exceeded available capacity. Reported at Pune facility during shift 2.,In Progress,Bengaluru,fleet utilization exceed available capacity report pune facility shift
4177,Documentation Error,High,Missing invoice delayed processing. Reported at Bengaluru facility during shift 3.,Open,Chennai,miss invoice delay process report bengaluru facility shift
4178,Customs Issue,Critical,Import permit approval pending. Reported at Hyderabad facility during shift 3.,Resolved,Kolkata,import permit approval pending report hyderabad facility shift
4179,Shipment Delay,Low,Driver shortage affected transportation schedule. Reported at Hyderabad facility during shift 1.,Open,Mumbai,driver shortage affect transportation schedule report hyderabad facility shift
4180,Damaged Goods,High,Shipment contents damaged in transit. Reported at Chennai facility during shift 1.,Open,Pune,shipment content damage transit report chennai facility shift
4181,Inventory Shortage,Medium,Safety stock threshold breached. Reported at Chennai facility during shift 2.,In Progress,Delhi,safety stock threshold breach report chennai facility shift
4182,Transportation Failure,Low,Transport route disruption due to road closure. Reported at Kolkata facility during shift 3.,In Progress,Pune,transport route disruption due road closure report kolkata facility shift
4183,Inventory Shortage,Medium,Safety stock threshold breached. Reported at Delhi facility during shift 3.,In Progress,Mumbai,safety stock threshold breach report delhi facility shift
4184,Shipment Delay,Medium,Port congestion delayed shipment arrival. Reported at Pune facility during shift 2.,Open,Ahmedabad,port congestion delay shipment arrival report pune facility shift
4185,Documentation Error,Medium,Labeling information did not match shipment. Reported at Hyderabad facility during shift 3.,In Progress,Kolkata,label information match shipment report hyderabad facility shift
4186,Transportation Failure,Medium,Route planning error delayed movement. Reported at Hyderabad facility during shift 3.,Resolved,Bengaluru,route plan error delay movement report hyderabad facility shift
4187,Shipment Delay,Medium,Shipment delayed due to customs inspection. Reported at Pune facility during shift 1.,Resolved,Pune,shipment delay due customs inspection report pune facility shift
4188,Transportation Failure,Critical,Fleet utilization exceeded available capacity. Reported at Pune facility during shift 3.,Open,Pune,fleet utilization exceed available capacity report pune facility shift
4189,Damaged Goods,High,Warehouse accident damaged stored inventory. Reported at Hyderabad facility during shift 1.,Open,Ahmedabad,warehouse accident damage store inventory report hyderabad facility shift
4190,Customs Issue,Low,Regulatory approval pending clearance. Reported at Mumbai facility during shift 2.,In Progress,Delhi,regulatory approval pending clearance report mumbai facility shift
4191,Warehouse Issue,Medium,Dock congestion slowed warehouse throughput. Reported at Pune facility during shift 2.,In Progress,Kolkata,dock congestion slow warehouse throughput report pune facility shift
4192,Warehouse Issue,Medium,Warehouse stock mismatch identified. Reported at Ahmedabad facility during shift 1.,Open,Hyderabad,warehouse stock mismatch identify report ahmedabad facility shift
4193,Warehouse Issue,High,Dock congestion slowed warehouse throughput. Reported at Hyderabad facility during shift 1.,Open,Kolkata,dock congestion slow warehouse throughput report hyderabad facility shift
4194,Documentation Error,Low,Missing certificate delayed shipment release. Reported at Kolkata facility during shift 1.,Resolved,Ahmedabad,miss certificate delay shipment release report kolkata facility shift
4195,Warehouse Issue,Low,Space constraint affected storage operations. Reported at Mumbai facility during shift 1.,Resolved,Kolkata,space constraint affect storage operations report mumbai facility shift
4196,Transportation Failure,Low,Transportation vendor system outage reported. Reported at Chennai facility during shift 3.,Open,Ahmedabad,transportation vendor system outage report report chennai facility shift
4197,Inventory Shortage,Medium,Backordered items unavailable for dispatch. Reported at Delhi facility during shift 1.,Open,Bengaluru,backordered items unavailable dispatch report delhi facility shift
4198,Documentation Error,Medium,Data entry error impacted shipment records. Reported at Mumbai facility during shift 1.,Resolved,Delhi,data entry error impact shipment record report mumbai facility shift
4199,Inventory Shortage,Low,Demand exceeded available stock levels. Reported at Delhi facility during shift 3.,Open,Delhi,demand exceed available stock level report delhi facility shift
4200,Damaged Goods,Medium,Package damaged during transportation. Reported at Hyderabad facility during shift 2.,Open,Bengaluru,package damage transportation report hyderabad facility shift
4201,Damaged Goods,Low,Container impact damaged shipment contents. Reported at Hyderabad facility during shift 1.,Open,Chennai,container impact damage shipment content report hyderabad facility shift
4202,Customs Issue,Medium,Shipment selected for random inspection. Reported at Hyderabad facility during shift 2.,Open,Bengaluru,shipment select random inspection report hyderabad facility shift
4203,Damaged Goods,Low,Receiving inspection identified damaged goods. Reported at Mumbai facility during shift 3.,Open,Pune,receive inspection identify damage goods report mumbai facility shift
4204,Customs Issue,Medium,Shipment held by customs authorities. Reported at Pune facility during shift 1.,In Progress,Delhi,shipment hold customs authorities report pune facility shift
4205,Inventory Shortage,High,Unexpected order spike exhausted stock. Reported at Delhi facility during shift 1.,In Progress,Hyderabad,unexpected order spike exhaust stock report delhi facility shift
4206,Shipment Delay,Medium,Shipment rerouted causing additional transit time. Reported at Pune facility during shift 2.,Open,Ahmedabad,shipment rerouted cause additional transit time report pune facility shift
4207,Documentation Error,Critical,Bill of lading information mismatch detected. Reported at Chennai facility during shift 1.,Open,Mumbai,bill lade information mismatch detect report chennai facility shift
4208,Shipment Delay,Medium,Mechanical failure delayed freight movement. Reported at Hyderabad facility during shift 1.,Resolved,Pune,mechanical failure delay freight movement report hyderabad facility shift
4209,Inventory Shortage,Medium,Stockout occurred at fulfillment center. Reported at Mumbai facility during shift 3.,Open,Mumbai,stockout occur fulfillment center report mumbai facility shift
4210,Customs Issue,Medium,Regulatory verification delayed release. Reported at Hyderabad facility during shift 2.,In Progress,Hyderabad,regulatory verification delay release report hyderabad facility shift
4211,Customs Issue,Low,Country-specific restriction affected import. Reported at Delhi facility during shift 3.,Open,Bengaluru,countryspecific restriction affect import report delhi facility shift
4212,Shipment Delay,Medium,Delivery delayed due to traffic disruption. Reported at Bengaluru facility during shift 2.,Resolved,Chennai,delivery delay due traffic disruption report bengaluru facility shift
4213,Customs Issue,Medium,Border inspection extended shipment hold. Reported at Ahmedabad facility during shift 3.,Open,Delhi,border inspection extend shipment hold report ahmedabad facility shift
4214,Shipment Delay,Critical,Unexpected weather conditions slowed transportation. Reported at Ahmedabad facility during shift 2.,Open,Kolkata,unexpected weather condition slow transportation report ahmedabad facility shift
4215,Documentation Error,High,Documentation approval pending correction. Reported at Chennai facility during shift 2.,Resolved,Pune,documentation approval pending correction report chennai facility shift
4216,Damaged Goods,Medium,Receiving inspection identified damaged goods. Reported at Ahmedabad facility during shift 2.,In Progress,Chennai,receive inspection identify damage goods report ahmedabad facility shift
4217,Documentation Error,Medium,Invoice value discrepancy identified. Reported at Hyderabad facility during shift 1.,Resolved,Chennai,invoice value discrepancy identify report hyderabad facility shift
4218,Warehouse Issue,Medium,Order picking queue exceeded capacity. Reported at Kolkata facility during shift 3.,Resolved,Hyderabad,order pick queue exceed capacity report kolkata facility shift
4219,Damaged Goods,Medium,Receiving inspection identified damaged goods. Reported at Delhi facility during shift 3.,Resolved,Kolkata,receive inspection identify damage goods report delhi facility shift
4220,Shipment Delay,Low,Delivery delayed due to traffic disruption. Reported at Mumbai facility during shift 3.,In Progress,Kolkata,delivery delay due traffic disruption report mumbai facility shift
4221,Transportation Failure,High,Logistics partner experienced operational failure. Reported at Bengaluru facility during shift 2.,In Progress,Ahmedabad,logistics partner experience operational failure report bengaluru facility shift
4222,Shipment Delay,Low,Truck breakdown caused delivery delay. Reported at Kolkata facility during shift 2.,In Progress,Mumbai,truck breakdown cause delivery delay report kolkata facility shift
4223,Inventory Shortage,Medium,Supplier delay created inventory gap. Reported at Mumbai facility during shift 2.,Resolved,Chennai,supplier delay create inventory gap report mumbai facility shift
4224,Inventory Shortage,Low,Safety stock threshold breached. Reported at Bengaluru facility during shift 3.,In Progress,Bengaluru,safety stock threshold breach report bengaluru facility shift
4225,Transportation Failure,Medium,Equipment malfunction impacted transport operations. Reported at Kolkata facility during shift 3.,Resolved,Kolkata,equipment malfunction impact transport operations report kolkata facility shift
4226,Damaged Goods,High,Shipment contents damaged in transit. Reported at Hyderabad facility during shift 2.,In Progress,Delhi,shipment content damage transit report hyderabad facility shift
4227,Damaged Goods,Low,Warehouse accident damaged stored inventory. Reported at Chennai facility during shift 3.,Open,Bengaluru,warehouse accident damage store inventory report chennai facility shift
4228,Customs Issue,Low,Import documentation under review. Reported at Hyderabad facility during shift 1.,Resolved,Chennai,import documentation review report hyderabad facility shift
4229,Warehouse Issue,Medium,Warehouse stock mismatch identified. Reported at Hyderabad facility during shift 1.,Open,Hyderabad,warehouse stock mismatch identify report hyderabad facility shift
4230,Shipment Delay,Low,Dispatch process delayed at origin facility. Reported at Pune facility during shift 2.,In Progress,Mumbai,dispatch process delay origin facility report pune facility shift
4231,Damaged Goods,Medium,Temperature excursion affected product quality. Reported at Pune facility during shift 2.,Resolved,Chennai,temperature excursion affect product quality report pune facility shift
4232,Transportation Failure,High,Carrier failed to pick up shipment. Reported at Ahmedabad facility during shift 3.,Open,Delhi,carrier fail pick shipment report ahmedabad facility shift
4233,Damaged Goods,Low,Goods arrived with visible damage. Reported at Pune facility during shift 2.,Open,Bengaluru,goods arrive visible damage report pune facility shift
4234,Customs Issue,Medium,Import documentation under review. Reported at Pune facility during shift 3.,In Progress,Delhi,import documentation review report pune facility shift
4235,Inventory Shortage,Medium,Inventory reservation conflict identified. Reported at Mumbai facility during shift 2.,Open,Kolkata,inventory reservation conflict identify report mumbai facility shift
4236,Inventory Shortage,Critical,Warehouse stock shortage detected. Reported at Hyderabad facility during shift 1.,Open,Kolkata,warehouse stock shortage detect report hyderabad facility shift
4237,Transportation Failure,Low,Carrier failed to pick up shipment. Reported at Mumbai facility during shift 2.,In Progress,Hyderabad,carrier fail pick shipment report mumbai facility shift
4238,Inventory Shortage,Low,Cycle count revealed stock deficiency. Reported at Delhi facility during shift 1.,Open,Kolkata,cycle count reveal stock deficiency report delhi facility shift
4239,Transportation Failure,Medium,Transportation vendor system outage reported. Reported at Delhi facility during shift 1.,Open,Delhi,transportation vendor system outage report report delhi facility shift
4240,Transportation Failure,High,Fuel supply issue interrupted transportation. Reported at Bengaluru facility during shift 2.,Open,Kolkata,fuel supply issue interrupt transportation report bengaluru facility shift
4241,Inventory Shortage,Critical,Inventory replenishment delayed. Reported at Pune facility during shift 1.,Open,Bengaluru,inventory replenishment delay report pune facility shift
4242,Documentation Error,Medium,Customs paperwork contained errors. Reported at Chennai facility during shift 2.,In Progress,Chennai,customs paperwork contain errors report chennai facility shift
4243,Inventory Shortage,Low,Inventory replenishment delayed. Reported at Chennai facility during shift 2.,Resolved,Chennai,inventory replenishment delay report chennai facility shift
4244,Shipment Delay,Low,Rail transport delay impacted delivery timeline. Reported at Bengaluru facility during shift 3.,In Progress,Bengaluru,rail transport delay impact delivery timeline report bengaluru facility shift
4245,Transportation Failure,Medium,Route planning error delayed movement. Reported at Ahmedabad facility during shift 1.,Open,Chennai,route plan error delay movement report ahmedabad facility shift
4246,Customs Issue,Medium,Shipment held by customs authorities. Reported at Delhi facility during shift 3.,In Progress,Kolkata,shipment hold customs authorities report delhi facility shift
4247,Shipment Delay,High,Delivery delayed due to traffic disruption. Reported at Delhi facility during shift 1.,In Progress,Hyderabad,delivery delay due traffic disruption report delhi facility shift
4248,Customs Issue,High,Import permit approval pending. Reported at Mumbai facility during shift 3.,In Progress,Hyderabad,import permit approval pending report mumbai facility shift
4249,Shipment Delay,Critical,Dispatch process delayed at origin facility. Reported at Ahmedabad facility during shift 3.,Open,Bengaluru,dispatch process delay origin facility report ahmedabad facility shift
4250,Shipment Delay,High,Carrier scheduling issue caused shipment delay. Reported at Pune facility during shift 3.,Open,Delhi,carrier schedule issue cause shipment delay report pune facility shift
4251,Customs Issue,Medium,Border inspection extended shipment hold. Reported at Mumbai facility during shift 2.,In Progress,Ahmedabad,border inspection extend shipment hold report mumbai facility shift
4252,Warehouse Issue,Medium,Inventory misplaced within storage area. Reported at Mumbai facility during shift 2.,In Progress,Ahmedabad,inventory misplace within storage area report mumbai facility shift
4253,Customs Issue,Low,Regulatory verification delayed release. Reported at Bengaluru facility during shift 2.,Resolved,Mumbai,regulatory verification delay release report bengaluru facility shift
4254,Documentation Error,Medium,Required compliance document missing. Reported at Pune facility during shift 1.,Resolved,Mumbai,require compliance document miss report pune facility shift
4255,Shipment Delay,Medium,Shipment rerouted causing additional transit time. Reported at Ahmedabad facility during shift 2.,In Progress,Kolkata,shipment rerouted cause additional transit time report ahmedabad facility shift
4256,Damaged Goods,Medium,Package damaged during transportation. Reported at Pune facility during shift 1.,Resolved,Kolkata,package damage transportation report pune facility shift
4257,Shipment Delay,Low,Port congestion delayed shipment arrival. Reported at Chennai facility during shift 3.,Open,Pune,port congestion delay shipment arrival report chennai facility shift
4258,Transportation Failure,Medium,Transportation vendor system outage reported. Reported at Chennai facility during shift 2.,Resolved,Chennai,transportation vendor system outage report report chennai facility shift
4259,Inventory Shortage,Medium,Inventory replenishment delayed. Reported at Bengaluru facility during shift 1.,In Progress,Ahmedabad,inventory replenishment delay report bengaluru facility shift
4260,Customs Issue,Medium,Shipment flagged for compliance audit. Reported at Ahmedabad facility during shift 1.,In Progress,Kolkata,shipment flag compliance audit report ahmedabad facility shift
4261,Inventory Shortage,Low,Safety stock threshold breached. Reported at Bengaluru facility during shift 1.,Resolved,Ahmedabad,safety stock threshold breach report bengaluru facility shift
4262,Shipment Delay,Low,Cargo loading completed behind schedule. Reported at Pune facility during shift 3.,Open,Kolkata,cargo load complete behind schedule report pune facility shift
4263,Warehouse Issue,Medium,Dock congestion slowed warehouse throughput. Reported at Hyderabad facility during shift 3.,In Progress,Bengaluru,dock congestion slow warehouse throughput report hyderabad facility shift
4264,Transportation Failure,High,Transport route disruption due to road closure. Reported at Mumbai facility during shift 2.,Resolved,Hyderabad,transport route disruption due road closure report mumbai facility shift
4265,Inventory Shortage,Critical,Warehouse stock shortage detected. Reported at Chennai facility during shift 1.,Open,Ahmedabad,warehouse stock shortage detect report chennai facility shift
4266,Warehouse Issue,High,Receiving delay impacted warehouse operations. Reported at Bengaluru facility during shift 3.,Resolved,Delhi,receive delay impact warehouse operations report bengaluru facility shift
4267,Warehouse Issue,Low,Warehouse processing backlog reported. Reported at Mumbai facility during shift 1.,In Progress,Pune,warehouse process backlog report report mumbai facility shift
4268,Documentation Error,Medium,Missing certificate delayed shipment release. Reported at Kolkata facility during shift 2.,Open,Ahmedabad,miss certificate delay shipment release report kolkata facility shift
4269,Warehouse Issue,Medium,Inventory misplaced within storage area. Reported at Hyderabad facility during shift 1.,Resolved,Bengaluru,inventory misplace within storage area report hyderabad facility shift
4270,Warehouse Issue,Medium,Dock congestion slowed warehouse throughput. Reported at Ahmedabad facility during shift 2.,Open,Pune,dock congestion slow warehouse throughput report ahmedabad facility shift
4271,Inventory Shortage,Low,Warehouse unable to fulfill requested quantity. Reported at Delhi facility during shift 1.,In Progress,Chennai,warehouse unable fulfill request quantity report delhi facility shift
4272,Warehouse Issue,High,Order picking queue exceeded capacity. Reported at Pune facility during shift 1.,In Progress,Hyderabad,order pick queue exceed capacity report pune facility shift
4273,Inventory Shortage,High,Supplier delay created inventory gap. Reported at Ahmedabad facility during shift 1.,In Progress,Mumbai,supplier delay create inventory gap report ahmedabad facility shift
4274,Warehouse Issue,Critical,Storage location information incorrect. Reported at Ahmedabad facility during shift 1.,In Progress,Pune,storage location information incorrect report ahmedabad facility shift
4275,Inventory Shortage,Critical,Unexpected order spike exhausted stock. Reported at Bengaluru facility during shift 2.,In Progress,Kolkata,unexpected order spike exhaust stock report bengaluru facility shift
4276,Damaged Goods,Medium,Receiving inspection identified damaged goods. Reported at Kolkata facility during shift 3.,In Progress,Hyderabad,receive inspection identify damage goods report kolkata facility shift
4277,Documentation Error,Medium,Export declaration contained errors. Reported at Hyderabad facility during shift 3.,Open,Hyderabad,export declaration contain errors report hyderabad facility shift
4278,Warehouse Issue,Medium,Space constraint affected storage operations. Reported at Hyderabad facility during shift 3.,Open,Chennai,space constraint affect storage operations report hyderabad facility shift
4279,Damaged Goods,Low,Pallet collapse resulted in product damage. Reported at Delhi facility during shift 2.,In Progress,Delhi,pallet collapse result product damage report delhi facility shift
4280,Documentation Error,Medium,Purchase order details inconsistent. Reported at Pune facility during shift 2.,In Progress,Mumbai,purchase order detail inconsistent report pune facility shift
4281,Inventory Shortage,High,Inventory reservation conflict identified. Reported at Chennai facility during shift 2.,In Progress,Kolkata,inventory reservation conflict identify report chennai facility shift
4282,Customs Issue,Critical,Import permit approval pending. Reported at Delhi facility during shift 3.,Resolved,Pune,import permit approval pending report delhi facility shift
4283,Customs Issue,High,Shipment held by customs authorities. Reported at Ahmedabad facility during shift 3.,In Progress,Hyderabad,shipment hold customs authorities report ahmedabad facility shift
4284,Warehouse Issue,Medium,Storage location information incorrect. Reported at Mumbai facility during shift 1.,In Progress,Kolkata,storage location information incorrect report mumbai facility shift
4285,Warehouse Issue,Low,Space constraint affected storage operations. Reported at Pune facility during shift 1.,Open,Hyderabad,space constraint affect storage operations report pune facility shift
4286,Transportation Failure,Critical,Fleet utilization exceeded available capacity. Reported at Chennai facility during shift 2.,In Progress,Ahmedabad,fleet utilization exceed available capacity report chennai facility shift
4287,Warehouse Issue,Low,Order consolidation process delayed shipment. Reported at Delhi facility during shift 2.,Resolved,Hyderabad,order consolidation process delay shipment report delhi facility shift
4288,Customs Issue,Low,Customs valuation dispute identified. Reported at Chennai facility during shift 2.,Open,Delhi,customs valuation dispute identify report chennai facility shift
4289,Shipment Delay,Medium,Carrier scheduling issue caused shipment delay. Reported at Ahmedabad facility during shift 3.,Open,Bengaluru,carrier schedule issue cause shipment delay report ahmedabad facility shift
4290,Inventory Shortage,Low,Inventory forecast underestimated demand. Reported at Delhi facility during shift 3.,Resolved,Hyderabad,inventory forecast underestimate demand report delhi facility shift
4291,Damaged Goods,Medium,Product packaging torn during loading. Reported at Kolkata facility during shift 2.,Resolved,Ahmedabad,product package tear load report kolkata facility shift
4292,Shipment Delay,Medium,Delivery delayed due to traffic disruption. Reported at Bengaluru facility during shift 2.,Resolved,Delhi,delivery delay due traffic disruption report bengaluru facility shift
4293,Warehouse Issue,Low,Warehouse staffing shortage reported. Reported at Kolkata facility during shift 1.,Open,Delhi,warehouse staff shortage report report kolkata facility shift
4294,Warehouse Issue,High,Warehouse staffing shortage reported. Reported at Delhi facility during shift 1.,Open,Hyderabad,warehouse staff shortage report report delhi facility shift
4295,Documentation Error,Medium,Shipping label generated with incorrect address. Reported at Hyderabad facility during shift 1.,In Progress,Bengaluru,ship label generate incorrect address report hyderabad facility shift
4296,Inventory Shortage,High,Unexpected order spike exhausted stock. Reported at Bengaluru facility during shift 2.,Resolved,Kolkata,unexpected order spike exhaust stock report bengaluru facility shift
4297,Shipment Delay,Medium,Driver shortage affected transportation schedule. Reported at Delhi facility during shift 3.,In Progress,Ahmedabad,driver shortage affect transportation schedule report delhi facility shift
4298,Customs Issue,Low,Regulatory approval pending clearance. Reported at Mumbai facility during shift 3.,Open,Pune,regulatory approval pending clearance report mumbai facility shift
4299,Customs Issue,Critical,Customs valuation dispute identified. Reported at Hyderabad facility during shift 3.,In Progress,Delhi,customs valuation dispute identify report hyderabad facility shift
4300,Shipment Delay,Low,Cargo loading completed behind schedule. Reported at Pune facility during shift 2.,Resolved,Chennai,cargo load complete behind schedule report pune facility shift
4301,Shipment Delay,Low,Holiday demand surge caused shipping delays. Reported at Bengaluru facility during shift 1.,In Progress,Mumbai,holiday demand surge cause ship delay report bengaluru facility shift
4302,Documentation Error,Low,Shipping label generated with incorrect address. Reported at Bengaluru facility during shift 2.,Resolved,Chennai,ship label generate incorrect address report bengaluru facility shift
4303,Shipment Delay,Medium,Truck breakdown caused delivery delay. Reported at Pune facility during shift 2.,In Progress,Pune,truck breakdown cause delivery delay report pune facility shift
4304,Warehouse Issue,High,Order consolidation process delayed shipment. Reported at Chennai facility during shift 3.,Open,Chennai,order consolidation process delay shipment report chennai facility shift
4305,Damaged Goods,Low,Shipment contents damaged in transit. Reported at Mumbai facility during shift 1.,In Progress,Bengaluru,shipment content damage transit report mumbai facility shift
4306,Shipment Delay,High,Container missed connecting vessel. Reported at Kolkata facility during shift 2.,In Progress,Mumbai,container miss connect vessel report kolkata facility shift
4307,Customs Issue,Medium,Border inspection extended shipment hold. Reported at Pune facility during shift 1.,Resolved,Mumbai,border inspection extend shipment hold report pune facility shift
4308,Damaged Goods,Medium,Temperature excursion affected product quality. Reported at Bengaluru facility during shift 2.,In Progress,Pune,temperature excursion affect product quality report bengaluru facility shift
4309,Documentation Error,Medium,Incorrect shipping documentation submitted. Reported at Bengaluru facility during shift 1.,Open,Mumbai,incorrect ship documentation submit report bengaluru facility shift
4310,Transportation Failure,Low,Transportation vendor system outage reported. Reported at Pune facility during shift 2.,Open,Ahmedabad,transportation vendor system outage report report pune facility shift
4311,Warehouse Issue,Low,Warehouse staffing shortage reported. Reported at Ahmedabad facility during shift 3.,Open,Chennai,warehouse staff shortage report report ahmedabad facility shift
4312,Inventory Shortage,Low,Warehouse unable to fulfill requested quantity. Reported at Ahmedabad facility during shift 3.,Resolved,Bengaluru,warehouse unable fulfill request quantity report ahmedabad facility shift
4313,Transportation Failure,Low,Equipment malfunction impacted transport operations. Reported at Mumbai facility during shift 2.,In Progress,Kolkata,equipment malfunction impact transport operations report mumbai facility shift
4314,Transportation Failure,Low,Third-party carrier cancelled shipment booking. Reported at Kolkata facility during shift 1.,Resolved,Ahmedabad,thirdparty carrier cancel shipment book report kolkata facility shift
4315,Warehouse Issue,Medium,Warehouse staffing shortage reported. Reported at Kolkata facility during shift 2.,Resolved,Bengaluru,warehouse staff shortage report report kolkata facility shift
4316,Customs Issue,Low,Border inspection extended shipment hold. Reported at Delhi facility during shift 2.,Open,Pune,border inspection extend shipment hold report delhi facility shift
4317,Warehouse Issue,Low,Warehouse stock mismatch identified. Reported at Pune facility during shift 3.,Open,Hyderabad,warehouse stock mismatch identify report pune facility shift
4318,Damaged Goods,Medium,Fragile goods mishandled during unloading. Reported at Mumbai facility during shift 3.,In Progress,Ahmedabad,fragile goods mishandle unload report mumbai facility shift
4319,Customs Issue,Medium,Import documentation under review. Reported at Pune facility during shift 1.,Open,Bengaluru,import documentation review report pune facility shift
4320,Documentation Error,Low,Missing certificate delayed shipment release. Reported at Delhi facility during shift 2.,In Progress,Delhi,miss certificate delay shipment release report delhi facility shift
4321,Shipment Delay,Medium,Last-mile delivery partner unavailable. Reported at Ahmedabad facility during shift 2.,Open,Pune,lastmile delivery partner unavailable report ahmedabad facility shift
4322,Documentation Error,Medium,Manifest information incomplete. Reported at Hyderabad facility during shift 2.,In Progress,Bengaluru,manifest information incomplete report hyderabad facility shift
4323,Shipment Delay,Low,Holiday demand surge caused shipping delays. Reported at Bengaluru facility during shift 1.,Resolved,Pune,holiday demand surge cause ship delay report bengaluru facility shift
4324,Inventory Shortage,Medium,Inventory replenishment delayed. Reported at Ahmedabad facility during shift 1.,In Progress,Kolkata,inventory replenishment delay report ahmedabad facility shift
4325,Documentation Error,Medium,Labeling information did not match shipment. Reported at Bengaluru facility during shift 2.,Resolved,Pune,label information match shipment report bengaluru facility shift
4326,Warehouse Issue,Medium,Put-away process delayed inventory availability. Reported at Chennai facility during shift 1.,Resolved,Pune,putaway process delay inventory availability report chennai facility shift
4327,Damaged Goods,Low,Pallet collapse resulted in product damage. Reported at Mumbai facility during shift 1.,Resolved,Ahmedabad,pallet collapse result product damage report mumbai facility shift
4328,Warehouse Issue,Critical,Warehouse processing backlog reported. Reported at Chennai facility during shift 3.,In Progress,Delhi,warehouse process backlog report report chennai facility shift
4329,Customs Issue,Medium,Trade compliance review delayed processing. Reported at Chennai facility during shift 3.,Open,Delhi,trade compliance review delay process report chennai facility shift
4330,Transportation Failure,Medium,Third-party carrier cancelled shipment booking. Reported at Ahmedabad facility during shift 2.,Resolved,Mumbai,thirdparty carrier cancel shipment book report ahmedabad facility shift
4331,Shipment Delay,Medium,Mechanical failure delayed freight movement. Reported at Hyderabad facility during shift 1.,Resolved,Ahmedabad,mechanical failure delay freight movement report hyderabad facility shift
4332,Customs Issue,Low,Shipment flagged for compliance audit. Reported at Kolkata facility during shift 1.,Resolved,Chennai,shipment flag compliance audit report kolkata facility shift
4333,Shipment Delay,Low,Last-mile delivery partner unavailable. Reported at Mumbai facility during shift 1.,Open,Hyderabad,lastmile delivery partner unavailable report mumbai facility shift
4334,Inventory Shortage,Low,Demand exceeded available stock levels. Reported at Hyderabad facility during shift 3.,Open,Chennai,demand exceed available stock level report hyderabad facility shift
4335,Damaged Goods,Medium,Packaging failure led to damaged products. Reported at Ahmedabad facility during shift 3.,In Progress,Mumbai,package failure lead damage products report ahmedabad facility shift
4336,Warehouse Issue,Medium,Cycle count discrepancy identified. Reported at Kolkata facility during shift 1.,Resolved,Ahmedabad,cycle count discrepancy identify report kolkata facility shift
4337,Shipment Delay,Medium,Delivery delayed due to traffic disruption. Reported at Pune facility during shift 3.,In Progress,Kolkata,delivery delay due traffic disruption report pune facility shift
4338,Transportation Failure,Low,Third-party carrier cancelled shipment booking. Reported at Ahmedabad facility during shift 2.,Resolved,Kolkata,thirdparty carrier cancel shipment book report ahmedabad facility shift
4339,Documentation Error,Low,Manifest information incomplete. Reported at Bengaluru facility during shift 1.,In Progress,Chennai,manifest information incomplete report bengaluru facility shift
4340,Shipment Delay,Low,Rail transport delay impacted delivery timeline. Reported at Pune facility during shift 1.,In Progress,Delhi,rail transport delay impact delivery timeline report pune facility shift
4341,Customs Issue,High,Tariff classification review in progress. Reported at Pune facility during shift 1.,Resolved,Bengaluru,tariff classification review progress report pune facility shift
4342,Customs Issue,Medium,Import documentation under review. Reported at Delhi facility during shift 1.,In Progress,Bengaluru,import documentation review report delhi facility shift
4343,Documentation Error,Low,Data entry error impacted shipment records. Reported at Chennai facility during shift 2.,Resolved,Hyderabad,data entry error impact shipment record report chennai facility shift
4344,Transportation Failure,Low,Accident blocked scheduled delivery route. Reported at Bengaluru facility during shift 2.,Open,Pune,accident block schedule delivery route report bengaluru facility shift
4345,Transportation Failure,Critical,Third-party carrier cancelled shipment booking. Reported at Mumbai facility during shift 1.,In Progress,Chennai,thirdparty carrier cancel shipment book report mumbai facility shift
4346,Customs Issue,Low,Regulatory approval pending clearance. Reported at Mumbai facility during shift 1.,Resolved,Delhi,regulatory approval pending clearance report mumbai facility shift
4347,Transportation Failure,Low,Delivery vehicle breakdown reported. Reported at Chennai facility during shift 3.,In Progress,Pune,delivery vehicle breakdown report report chennai facility shift
4348,Documentation Error,Low,Documentation approval pending correction. Reported at Bengaluru facility during shift 3.,In Progress,Pune,documentation approval pending correction report bengaluru facility shift
4349,Documentation Error,Medium,Export declaration contained errors. Reported at Bengaluru facility during shift 1.,Resolved,Bengaluru,export declaration contain errors report bengaluru facility shift
4350,Damaged Goods,Low,Improper handling caused item breakage. Reported at Mumbai facility during shift 3.,In Progress,Kolkata,improper handle cause item breakage report mumbai facility shift
4351,Transportation Failure,Medium,Route planning error delayed movement. Reported at Mumbai facility during shift 2.,Resolved,Kolkata,route plan error delay movement report mumbai facility shift
4352,Customs Issue,High,Tariff classification review in progress. Reported at Hyderabad facility during shift 3.,Open,Chennai,tariff classification review progress report hyderabad facility shift
4353,Inventory Shortage,Low,Product unavailable due to inventory mismatch. Reported at Ahmedabad facility during shift 3.,Resolved,Kolkata,product unavailable due inventory mismatch report ahmedabad facility shift
4354,Transportation Failure,Low,Driver unavailable for scheduled route. Reported at Delhi facility during shift 3.,In Progress,Pune,driver unavailable schedule route report delhi facility shift
4355,Damaged Goods,Medium,Transit vibration caused product defects. Reported at Delhi facility during shift 3.,Open,Hyderabad,transit vibration cause product defect report delhi facility shift
4356,Shipment Delay,High,Shipment delayed due to customs inspection. Reported at Chennai facility during shift 3.,Resolved,Delhi,shipment delay due customs inspection report chennai facility shift
4357,Shipment Delay,Low,Cargo loading completed behind schedule. Reported at Kolkata facility during shift 3.,In Progress,Kolkata,cargo load complete behind schedule report kolkata facility shift
4358,Warehouse Issue,Medium,Warehouse stock mismatch identified. Reported at Pune facility during shift 1.,Resolved,Pune,warehouse stock mismatch identify report pune facility shift
4359,Damaged Goods,High,Forklift accident damaged inventory. Reported at Delhi facility during shift 2.,In Progress,Bengaluru,forklift accident damage inventory report delhi facility shift
4360,Customs Issue,Medium,Shipment held by customs authorities. Reported at Bengaluru facility during shift 1.,In Progress,Bengaluru,shipment hold customs authorities report bengaluru facility shift
4361,Transportation Failure,Low,Route planning error delayed movement. Reported at Bengaluru facility during shift 1.,Open,Chennai,route plan error delay movement report bengaluru facility shift
4362,Customs Issue,High,Shipment held by customs authorities. Reported at Chennai facility during shift 3.,Resolved,Bengaluru,shipment hold customs authorities report chennai facility shift
4363,Shipment Delay,Low,Cargo loading completed behind schedule. Reported at Ahmedabad facility during shift 3.,Open,Hyderabad,cargo load complete behind schedule report ahmedabad facility shift
4364,Warehouse Issue,Medium,Warehouse staffing shortage reported. Reported at Chennai facility during shift 1.,Open,Pune,warehouse staff shortage report report chennai facility shift
4365,Customs Issue,Medium,Regulatory verification delayed release. Reported at Mumbai facility during shift 2.,Resolved,Delhi,regulatory verification delay release report mumbai facility shift
4366,Documentation Error,High,Missing certificate delayed shipment release. Reported at Chennai facility during shift 3.,Open,Hyderabad,miss certificate delay shipment release report chennai facility shift
4367,Customs Issue,Medium,Border inspection extended shipment hold. Reported at Ahmedabad facility during shift 2.,Open,Kolkata,border inspection extend shipment hold report ahmedabad facility shift
4368,Transportation Failure,High,Carrier failed to pick up shipment. Reported at Chennai facility during shift 3.,Open,Delhi,carrier fail pick shipment report chennai facility shift
4369,Inventory Shortage,Low,Raw material shortage impacted production. Reported at Kolkata facility during shift 3.,Resolved,Hyderabad,raw material shortage impact production report kolkata facility shift
4370,Warehouse Issue,High,Warehouse management system outage reported. Reported at Hyderabad facility during shift 2.,In Progress,Bengaluru,warehouse management system outage report report hyderabad facility shift
4371,Shipment Delay,Critical,Holiday demand surge caused shipping delays. Reported at Mumbai facility during shift 1.,Resolved,Bengaluru,holiday demand surge cause ship delay report mumbai facility shift
4372,Customs Issue,High,Shipment selected for random inspection. Reported at Bengaluru facility during shift 1.,In Progress,Ahmedabad,shipment select random inspection report bengaluru facility shift
4373,Inventory Shortage,Medium,Cycle count revealed stock deficiency. Reported at Ahmedabad facility during shift 3.,Open,Mumbai,cycle count reveal stock deficiency report ahmedabad facility shift
4374,Documentation Error,Medium,Documentation approval pending correction. Reported at Mumbai facility during shift 3.,Resolved,Kolkata,documentation approval pending correction report mumbai facility shift
4375,Documentation Error,High,Bill of lading information mismatch detected. Reported at Ahmedabad facility during shift 2.,In Progress,Chennai,bill lade information mismatch detect report ahmedabad facility shift
4376,Warehouse Issue,High,Put-away process delayed inventory availability. Reported at Mumbai facility during shift 2.,In Progress,Ahmedabad,putaway process delay inventory availability report mumbai facility shift
4377,Customs Issue,Medium,Trade compliance review delayed processing. Reported at Mumbai facility during shift 3.,In Progress,Delhi,trade compliance review delay process report mumbai facility shift
4378,Customs Issue,Critical,Shipment flagged for compliance audit. Reported at Bengaluru facility during shift 2.,In Progress,Pune,shipment flag compliance audit report bengaluru facility shift
4379,Shipment Delay,Low,Truck breakdown caused delivery delay. Reported at Kolkata facility during shift 3.,In Progress,Delhi,truck breakdown cause delivery delay report kolkata facility shift
4380,Documentation Error,Medium,Customs paperwork contained errors. Reported at Delhi facility during shift 2.,In Progress,Chennai,customs paperwork contain errors report delhi facility shift
4381,Documentation Error,Medium,Data entry error impacted shipment records. Reported at Bengaluru facility during shift 2.,Open,Kolkata,data entry error impact shipment record report bengaluru facility shift
4382,Warehouse Issue,Medium,Receiving delay impacted warehouse operations. Reported at Delhi facility during shift 1.,Resolved,Chennai,receive delay impact warehouse operations report delhi facility shift
4383,Transportation Failure,Medium,Vehicle maintenance issue halted delivery. Reported at Bengaluru facility during shift 2.,Open,Delhi,vehicle maintenance issue halt delivery report bengaluru facility shift
4384,Damaged Goods,Medium,Water exposure damaged packaged goods. Reported at Ahmedabad facility during shift 2.,In Progress,Pune,water exposure damage package goods report ahmedabad facility shift
4385,Documentation Error,Low,Manifest information incomplete. Reported at Ahmedabad facility during shift 2.,Resolved,Bengaluru,manifest information incomplete report ahmedabad facility shift
4386,Documentation Error,Low,Incorrect consignee information provided. Reported at Chennai facility during shift 2.,Open,Hyderabad,incorrect consignee information provide report chennai facility shift
4387,Shipment Delay,High,Driver shortage affected transportation schedule. Reported at Ahmedabad facility during shift 1.,In Progress,Pune,driver shortage affect transportation schedule report ahmedabad facility shift
4388,Transportation Failure,Low,Transportation vendor system outage reported. Reported at Bengaluru facility during shift 3.,Open,Pune,transportation vendor system outage report report bengaluru facility shift
4389,Warehouse Issue,Medium,Order picking queue exceeded capacity. Reported at Pune facility during shift 1.,In Progress,Mumbai,order pick queue exceed capacity report pune facility shift
4390,Customs Issue,Medium,Customs clearance process delayed. Reported at Hyderabad facility during shift 3.,Open,Pune,customs clearance process delay report hyderabad facility shift
4391,Warehouse Issue,Medium,Warehouse stock mismatch identified. Reported at Chennai facility during shift 3.,In Progress,Hyderabad,warehouse stock mismatch identify report chennai facility shift
4392,Documentation Error,Critical,Data entry error impacted shipment records. Reported at Delhi facility during shift 3.,Resolved,Ahmedabad,data entry error impact shipment record report delhi facility shift
4393,Damaged Goods,Medium,Fragile goods mishandled during unloading. Reported at Ahmedabad facility during shift 1.,Resolved,Chennai,fragile goods mishandle unload report ahmedabad facility shift
4394,Warehouse Issue,Low,Storage location information incorrect. Reported at Bengaluru facility during shift 1.,Resolved,Delhi,storage location information incorrect report bengaluru facility shift
4395,Damaged Goods,Medium,Fragile goods mishandled during unloading. Reported at Chennai facility during shift 1.,In Progress,Chennai,fragile goods mishandle unload report chennai facility shift
4396,Transportation Failure,High,Vehicle maintenance issue halted delivery. Reported at Delhi facility during shift 3.,Open,Kolkata,vehicle maintenance issue halt delivery report delhi facility shift
4397,Customs Issue,Critical,Customs valuation dispute identified. Reported at Pune facility during shift 1.,Open,Bengaluru,customs valuation dispute identify report pune facility shift
4398,Warehouse Issue,Low,Warehouse processing backlog reported. Reported at Kolkata facility during shift 3.,Open,Chennai,warehouse process backlog report report kolkata facility shift
4399,Transportation Failure,High,Carrier failed to pick up shipment. Reported at Chennai facility during shift 1.,In Progress,Bengaluru,carrier fail pick shipment report chennai facility shift
4400,Shipment Delay,Critical,Port congestion delayed shipment arrival. Reported at Hyderabad facility during shift 1.,Resolved,Kolkata,port congestion delay shipment arrival report hyderabad facility shift
4401,Inventory Shortage,Low,Stockout occurred at fulfillment center. Reported at Ahmedabad facility during shift 2.,Resolved,Hyderabad,stockout occur fulfillment center report ahmedabad facility shift
4402,Shipment Delay,High,Dispatch process delayed at origin facility. Reported at Pune facility during shift 2.,Resolved,Mumbai,dispatch process delay origin facility report pune facility shift
4403,Warehouse Issue,Medium,Dock congestion slowed warehouse throughput. Reported at Hyderabad facility during shift 2.,Resolved,Pune,dock congestion slow warehouse throughput report hyderabad facility shift
4404,Transportation Failure,Low,Accident blocked scheduled delivery route. Reported at Ahmedabad facility during shift 2.,In Progress,Ahmedabad,accident block schedule delivery route report ahmedabad facility shift
4405,Warehouse Issue,Medium,Warehouse processing backlog reported. Reported at Pune facility during shift 3.,In Progress,Bengaluru,warehouse process backlog report report pune facility shift
4406,Damaged Goods,Medium,Water exposure damaged packaged goods. Reported at Mumbai facility during shift 2.,In Progress,Kolkata,water exposure damage package goods report mumbai facility shift
4407,Damaged Goods,High,Receiving inspection identified damaged goods. Reported at Bengaluru facility during shift 3.,In Progress,Bengaluru,receive inspection identify damage goods report bengaluru facility shift
4408,Warehouse Issue,Critical,Inventory allocation issue detected. Reported at Bengaluru facility during shift 3.,In Progress,Kolkata,inventory allocation issue detect report bengaluru facility shift
4409,Customs Issue,Low,Import documentation under review. Reported at Kolkata facility during shift 2.,In Progress,Hyderabad,import documentation review report kolkata facility shift
4410,Documentation Error,Low,Incorrect consignee information provided. Reported at Bengaluru facility during shift 1.,Resolved,Ahmedabad,incorrect consignee information provide report bengaluru facility shift
4411,Transportation Failure,Critical,Driver unavailable for scheduled route. Reported at Ahmedabad facility during shift 1.,Resolved,Hyderabad,driver unavailable schedule route report ahmedabad facility shift
4412,Inventory Shortage,Medium,Inventory replenishment delayed. Reported at Kolkata facility during shift 3.,Resolved,Hyderabad,inventory replenishment delay report kolkata facility shift
4413,Damaged Goods,Medium,Forklift accident damaged inventory. Reported at Kolkata facility during shift 3.,Resolved,Chennai,forklift accident damage inventory report kolkata facility shift
4414,Damaged Goods,High,Package damaged during transportation. Reported at Hyderabad facility during shift 2.,In Progress,Chennai,package damage transportation report hyderabad facility shift
4415,Documentation Error,Medium,Customs paperwork contained errors. Reported at Hyderabad facility during shift 2.,Resolved,Chennai,customs paperwork contain errors report hyderabad facility shift
4416,Shipment Delay,Low,Last-mile delivery partner unavailable. Reported at Bengaluru facility during shift 2.,Resolved,Bengaluru,lastmile delivery partner unavailable report bengaluru facility shift
4417,Documentation Error,Low,Incorrect shipping documentation submitted. Reported at Ahmedabad facility during shift 2.,Resolved,Ahmedabad,incorrect ship documentation submit report ahmedabad facility shift
4418,Inventory Shortage,Medium,Inventory reservation conflict identified. Reported at Pune facility during shift 2.,In Progress,Chennai,inventory reservation conflict identify report pune facility shift
4419,Inventory Shortage,Medium,Backordered items unavailable for dispatch. Reported at Chennai facility during shift 1.,In Progress,Pune,backordered items unavailable dispatch report chennai facility shift
4420,Shipment Delay,Low,Container missed connecting vessel. Reported at Chennai facility during shift 3.,Resolved,Chennai,container miss connect vessel report chennai facility shift
4421,Damaged Goods,Low,Water exposure damaged packaged goods. Reported at Chennai facility during shift 3.,Resolved,Mumbai,water exposure damage package goods report chennai facility shift
4422,Damaged Goods,High,Forklift accident damaged inventory. Reported at Pune facility during shift 1.,Open,Ahmedabad,forklift accident damage inventory report pune facility shift
4423,Documentation Error,High,Required compliance document missing. Reported at Bengaluru facility during shift 1.,Resolved,Pune,require compliance document miss report bengaluru facility shift
4424,Inventory Shortage,Low,Product unavailable due to inventory mismatch. Reported at Mumbai facility during shift 1.,Resolved,Pune,product unavailable due inventory mismatch report mumbai facility shift
4425,Documentation Error,Medium,Incorrect shipping documentation submitted. Reported at Hyderabad facility during shift 1.,Open,Ahmedabad,incorrect ship documentation submit report hyderabad facility shift
4426,Warehouse Issue,Medium,Inventory allocation issue detected. Reported at Delhi facility during shift 3.,Resolved,Kolkata,inventory allocation issue detect report delhi facility shift
4427,Inventory Shortage,Medium,Unexpected order spike exhausted stock. Reported at Pune facility during shift 1.,Resolved,Pune,unexpected order spike exhaust stock report pune facility shift
4428,Transportation Failure,High,Logistics partner experienced operational failure. Reported at Bengaluru facility during shift 3.,In Progress,Pune,logistics partner experience operational failure report bengaluru facility shift
4429,Damaged Goods,Medium,Water exposure damaged packaged goods. Reported at Mumbai facility during shift 2.,In Progress,Chennai,water exposure damage package goods report mumbai facility shift
4430,Warehouse Issue,Low,Cycle count discrepancy identified. Reported at Mumbai facility during shift 3.,Open,Mumbai,cycle count discrepancy identify report mumbai facility shift
4431,Transportation Failure,High,Accident blocked scheduled delivery route. Reported at Hyderabad facility during shift 2.,In Progress,Bengaluru,accident block schedule delivery route report hyderabad facility shift
4432,Customs Issue,Low,Import permit approval pending. Reported at Chennai facility during shift 2.,Open,Mumbai,import permit approval pending report chennai facility shift
4433,Transportation Failure,Medium,Fleet utilization exceeded available capacity. Reported at Bengaluru facility during shift 1.,In Progress,Mumbai,fleet utilization exceed available capacity report bengaluru facility shift
4434,Warehouse Issue,Medium,Storage location information incorrect. Reported at Mumbai facility during shift 3.,In Progress,Pune,storage location information incorrect report mumbai facility shift
4435,Transportation Failure,Low,Equipment malfunction impacted transport operations. Reported at Delhi facility during shift 2.,Open,Delhi,equipment malfunction impact transport operations report delhi facility shift
4436,Warehouse Issue,Low,Order picking queue exceeded capacity. Reported at Chennai facility during shift 3.,Open,Ahmedabad,order pick queue exceed capacity report chennai facility shift
4437,Transportation Failure,Medium,Carrier failed to pick up shipment. Reported at Chennai facility during shift 3.,Open,Kolkata,carrier fail pick shipment report chennai facility shift
4438,Documentation Error,High,Bill of lading information mismatch detected. Reported at Mumbai facility during shift 3.,Open,Chennai,bill lade information mismatch detect report mumbai facility shift
4439,Warehouse Issue,Medium,Warehouse staffing shortage reported. Reported at Bengaluru facility during shift 3.,Open,Kolkata,warehouse staff shortage report report bengaluru facility shift
4440,Customs Issue,Medium,Import permit approval pending. Reported at Chennai facility during shift 2.,Resolved,Pune,import permit approval pending report chennai facility shift
4441,Customs Issue,Critical,Border security inspection caused delay. Reported at Delhi facility during shift 1.,Resolved,Kolkata,border security inspection cause delay report delhi facility shift
4442,Transportation Failure,Critical,Logistics partner experienced operational failure. Reported at Mumbai facility during shift 1.,Open,Hyderabad,logistics partner experience operational failure report mumbai facility shift
4443,Warehouse Issue,Medium,Warehouse processing backlog reported. Reported at Chennai facility during shift 2.,Open,Hyderabad,warehouse process backlog report report chennai facility shift
4444,Customs Issue,Medium,Import documentation under review. Reported at Chennai facility during shift 1.,Open,Kolkata,import documentation review report chennai facility shift
4445,Damaged Goods,Low,Water exposure damaged packaged goods. Reported at Chennai facility during shift 3.,Open,Bengaluru,water exposure damage package goods report chennai facility shift
4446,Shipment Delay,Medium,Unexpected weather conditions slowed transportation. Reported at Hyderabad facility during shift 1.,In Progress,Ahmedabad,unexpected weather condition slow transportation report hyderabad facility shift
4447,Transportation Failure,Medium,Fleet utilization exceeded available capacity. Reported at Delhi facility during shift 3.,Open,Pune,fleet utilization exceed available capacity report delhi facility shift
4448,Damaged Goods,Low,Container impact damaged shipment contents. Reported at Chennai facility during shift 3.,In Progress,Bengaluru,container impact damage shipment content report chennai facility shift
4449,Shipment Delay,Low,Cargo loading completed behind schedule. Reported at Bengaluru facility during shift 3.,In Progress,Pune,cargo load complete behind schedule report bengaluru facility shift
4450,Inventory Shortage,Medium,Warehouse unable to fulfill requested quantity. Reported at Mumbai facility during shift 1.,Open,Ahmedabad,warehouse unable fulfill request quantity report mumbai facility shift
4451,Transportation Failure,Low,Transport route disruption due to road closure. Reported at Mumbai facility during shift 2.,Open,Mumbai,transport route disruption due road closure report mumbai facility shift
4452,Customs Issue,Low,Country-specific restriction affected import. Reported at Ahmedabad facility during shift 3.,In Progress,Mumbai,countryspecific restriction affect import report ahmedabad facility shift
4453,Transportation Failure,Low,Logistics partner experienced operational failure. Reported at Delhi facility during shift 3.,In Progress,Delhi,logistics partner experience operational failure report delhi facility shift
4454,Customs Issue,Low,Border security inspection caused delay. Reported at Mumbai facility during shift 3.,Resolved,Ahmedabad,border security inspection cause delay report mumbai facility shift
4455,Inventory Shortage,Low,Inventory reservation conflict identified. Reported at Delhi facility during shift 1.,Resolved,Bengaluru,inventory reservation conflict identify report delhi facility shift
4456,Transportation Failure,Medium,Route planning error delayed movement. Reported at Mumbai facility during shift 2.,Resolved,Ahmedabad,route plan error delay movement report mumbai facility shift
4457,Transportation Failure,High,Third-party carrier cancelled shipment booking. Reported at Ahmedabad facility during shift 1.,In Progress,Delhi,thirdparty carrier cancel shipment book report ahmedabad facility shift
4458,Documentation Error,Low,Labeling information did not match shipment. Reported at Ahmedabad facility during shift 2.,Resolved,Hyderabad,label information match shipment report ahmedabad facility shift
4459,Damaged Goods,High,Transit vibration caused product defects. Reported at Mumbai facility during shift 2.,Open,Hyderabad,transit vibration cause product defect report mumbai facility shift
4460,Damaged Goods,High,Water exposure damaged packaged goods. Reported at Chennai facility during shift 1.,Open,Chennai,water exposure damage package goods report chennai facility shift
4461,Inventory Shortage,High,Unexpected order spike exhausted stock. Reported at Kolkata facility during shift 3.,Open,Ahmedabad,unexpected order spike exhaust stock report kolkata facility shift
4462,Documentation Error,High,Documentation approval pending correction. Reported at Chennai facility during shift 1.,In Progress,Pune,documentation approval pending correction report chennai facility shift
4463,Shipment Delay,Medium,Port congestion delayed shipment arrival. Reported at Pune facility during shift 3.,In Progress,Chennai,port congestion delay shipment arrival report pune facility shift
4464,Inventory Shortage,Low,Raw material shortage impacted production. Reported at Chennai facility during shift 2.,Resolved,Bengaluru,raw material shortage impact production report chennai facility shift
4465,Damaged Goods,Medium,Pallet collapse resulted in product damage. Reported at Ahmedabad facility during shift 3.,Resolved,Mumbai,pallet collapse result product damage report ahmedabad facility shift
4466,Documentation Error,High,Data entry error impacted shipment records. Reported at Delhi facility during shift 1.,Resolved,Mumbai,data entry error impact shipment record report delhi facility shift
4467,Shipment Delay,Medium,Truck breakdown caused delivery delay. Reported at Bengaluru facility during shift 3.,In Progress,Delhi,truck breakdown cause delivery delay report bengaluru facility shift
4468,Shipment Delay,Low,Shipment delayed due to customs inspection. Reported at Pune facility during shift 1.,In Progress,Kolkata,shipment delay due customs inspection report pune facility shift
4469,Shipment Delay,Low,Truck breakdown caused delivery delay. Reported at Hyderabad facility during shift 1.,Open,Bengaluru,truck breakdown cause delivery delay report hyderabad facility shift
4470,Documentation Error,High,Missing certificate delayed shipment release. Reported at Delhi facility during shift 2.,Open,Chennai,miss certificate delay shipment release report delhi facility shift
4471,Warehouse Issue,High,Inventory misplaced within storage area. Reported at Bengaluru facility during shift 3.,Resolved,Kolkata,inventory misplace within storage area report bengaluru facility shift
4472,Documentation Error,Medium,Missing invoice delayed processing. Reported at Kolkata facility during shift 1.,Open,Bengaluru,miss invoice delay process report kolkata facility shift
4473,Documentation Error,Critical,Documentation approval pending correction. Reported at Mumbai facility during shift 3.,In Progress,Bengaluru,documentation approval pending correction report mumbai facility shift
4474,Customs Issue,High,Tariff classification review in progress. Reported at Chennai facility during shift 2.,Resolved,Hyderabad,tariff classification review progress report chennai facility shift
4475,Customs Issue,Low,Import permit approval pending. Reported at Kolkata facility during shift 2.,Open,Chennai,import permit approval pending report kolkata facility shift
4476,Damaged Goods,Medium,Goods arrived with visible damage. Reported at Mumbai facility during shift 2.,Open,Chennai,goods arrive visible damage report mumbai facility shift
4477,Transportation Failure,Low,Trailer availability issue delayed dispatch. Reported at Chennai facility during shift 2.,Open,Hyderabad,trailer availability issue delay dispatch report chennai facility shift
4478,Documentation Error,Medium,Incorrect consignee information provided. Reported at Chennai facility during shift 3.,Resolved,Pune,incorrect consignee information provide report chennai facility shift
4479,Shipment Delay,Low,Port congestion delayed shipment arrival. Reported at Bengaluru facility during shift 2.,In Progress,Mumbai,port congestion delay shipment arrival report bengaluru facility shift
4480,Warehouse Issue,Low,Picking error occurred in warehouse. Reported at Mumbai facility during shift 3.,Resolved,Hyderabad,pick error occur warehouse report mumbai facility shift
4481,Damaged Goods,Medium,Shipment contents damaged in transit. Reported at Pune facility during shift 2.,Open,Kolkata,shipment content damage transit report pune facility shift
4482,Damaged Goods,Medium,Water exposure damaged packaged goods. Reported at Kolkata facility during shift 1.,In Progress,Kolkata,water exposure damage package goods report kolkata facility shift
4483,Transportation Failure,Medium,Transport route disruption due to road closure. Reported at Bengaluru facility during shift 2.,Resolved,Mumbai,transport route disruption due road closure report bengaluru facility shift
4484,Customs Issue,High,Shipment selected for random inspection. Reported at Kolkata facility during shift 1.,Open,Pune,shipment select random inspection report kolkata facility shift
4485,Transportation Failure,Medium,Transport route disruption due to road closure. Reported at Delhi facility during shift 3.,In Progress,Ahmedabad,transport route disruption due road closure report delhi facility shift
4486,Documentation Error,Medium,Bill of lading information mismatch detected. Reported at Chennai facility during shift 2.,Open,Ahmedabad,bill lade information mismatch detect report chennai facility shift
4487,Shipment Delay,Low,Unexpected weather conditions slowed transportation. Reported at Ahmedabad facility during shift 3.,Open,Delhi,unexpected weather condition slow transportation report ahmedabad facility shift
4488,Customs Issue,Medium,Import documentation under review. Reported at Bengaluru facility during shift 3.,Resolved,Hyderabad,import documentation review report bengaluru facility shift
4489,Customs Issue,Low,Tariff classification review in progress. Reported at Mumbai facility during shift 2.,In Progress,Kolkata,tariff classification review progress report mumbai facility shift
4490,Inventory Shortage,High,Inventory forecast underestimated demand. Reported at Kolkata facility during shift 1.,Open,Hyderabad,inventory forecast underestimate demand report kolkata facility shift
4491,Customs Issue,Medium,Customs clearance process delayed. Reported at Mumbai facility during shift 2.,Open,Hyderabad,customs clearance process delay report mumbai facility shift
4492,Inventory Shortage,Low,Raw material shortage impacted production. Reported at Mumbai facility during shift 2.,Resolved,Bengaluru,raw material shortage impact production report mumbai facility shift
4493,Shipment Delay,High,Rail transport delay impacted delivery timeline. Reported at Kolkata facility during shift 3.,Open,Kolkata,rail transport delay impact delivery timeline report kolkata facility shift
4494,Damaged Goods,Medium,Improper handling caused item breakage. Reported at Chennai facility during shift 2.,In Progress,Kolkata,improper handle cause item breakage report chennai facility shift
4495,Documentation Error,Low,Labeling information did not match shipment. Reported at Ahmedabad facility during shift 1.,Resolved,Bengaluru,label information match shipment report ahmedabad facility shift
4496,Shipment Delay,Low,Shipment delayed due to customs inspection. Reported at Hyderabad facility during shift 3.,Resolved,Bengaluru,shipment delay due customs inspection report hyderabad facility shift
4497,Transportation Failure,High,Equipment malfunction impacted transport operations. Reported at Bengaluru facility during shift 3.,In Progress,Delhi,equipment malfunction impact transport operations report bengaluru facility shift
4498,Customs Issue,Medium,Import documentation under review. Reported at Mumbai facility during shift 3.,In Progress,Chennai,import documentation review report mumbai facility shift
4499,Transportation Failure,Low,Driver unavailable for scheduled route. Reported at Bengaluru facility during shift 2.,In Progress,Chennai,driver unavailable schedule route report bengaluru facility shift
4500,Transportation Failure,Low,Equipment malfunction impacted transport operations. Reported at Delhi facility during shift 3.,Resolved,Ahmedabad,equipment malfunction impact transport operations report delhi facility shift
4501,Inventory Shortage,Medium,Inventory replenishment delayed. Reported at Delhi facility during shift 2.,Resolved,Bengaluru,inventory replenishment delay report delhi facility shift
4502,Shipment Delay,Medium,Truck breakdown caused delivery delay. Reported at Mumbai facility during shift 2.,In Progress,Chennai,truck breakdown cause delivery delay report mumbai facility shift
4503,Warehouse Issue,Medium,Warehouse staffing shortage reported. Reported at Ahmedabad facility during shift 2.,Resolved,Hyderabad,warehouse staff shortage report report ahmedabad facility shift
4504,Warehouse Issue,Medium,Cycle count discrepancy identified. Reported at Ahmedabad facility during shift 2.,In Progress,Chennai,cycle count discrepancy identify report ahmedabad facility shift
4505,Damaged Goods,Medium,Goods arrived with visible damage. Reported at Delhi facility during shift 1.,Open,Hyderabad,goods arrive visible damage report delhi facility shift
4506,Documentation Error,Critical,Manifest information incomplete. Reported at Kolkata facility during shift 2.,In Progress,Mumbai,manifest information incomplete report kolkata facility shift
4507,Documentation Error,Medium,Documentation approval pending correction. Reported at Mumbai facility during shift 1.,In Progress,Bengaluru,documentation approval pending correction report mumbai facility shift
4508,Customs Issue,High,Shipment selected for random inspection. Reported at Pune facility during shift 2.,Open,Kolkata,shipment select random inspection report pune facility shift
4509,Inventory Shortage,Medium,Inventory reservation conflict identified. Reported at Mumbai facility during shift 1.,In Progress,Pune,inventory reservation conflict identify report mumbai facility shift
4510,Transportation Failure,High,Transportation network disruption reported. Reported at Delhi facility during shift 3.,In Progress,Mumbai,transportation network disruption report report delhi facility shift
4511,Transportation Failure,Medium,Route planning error delayed movement. Reported at Hyderabad facility during shift 3.,In Progress,Mumbai,route plan error delay movement report hyderabad facility shift
4512,Shipment Delay,High,Rail transport delay impacted delivery timeline. Reported at Bengaluru facility during shift 3.,Resolved,Chennai,rail transport delay impact delivery timeline report bengaluru facility shift
4513,Transportation Failure,Low,Transportation vendor system outage reported. Reported at Delhi facility during shift 3.,Open,Chennai,transportation vendor system outage report report delhi facility shift
4514,Transportation Failure,Medium,Transport route disruption due to road closure. Reported at Kolkata facility during shift 2.,Resolved,Delhi,transport route disruption due road closure report kolkata facility shift
4515,Shipment Delay,Low,Delivery delayed due to traffic disruption. Reported at Bengaluru facility during shift 3.,Open,Bengaluru,delivery delay due traffic disruption report bengaluru facility shift
4516,Shipment Delay,Medium,Last-mile delivery partner unavailable. Reported at Pune facility during shift 2.,Open,Hyderabad,lastmile delivery partner unavailable report pune facility shift
4517,Customs Issue,Medium,Border security inspection caused delay. Reported at Chennai facility during shift 1.,Open,Pune,border security inspection cause delay report chennai facility shift
4518,Customs Issue,High,Regulatory verification delayed release. Reported at Pune facility during shift 3.,Resolved,Bengaluru,regulatory verification delay release report pune facility shift
4519,Damaged Goods,Medium,Packaging failure led to damaged products. Reported at Kolkata facility during shift 1.,Resolved,Mumbai,package failure lead damage products report kolkata facility shift
4520,Inventory Shortage,Low,Inventory forecast underestimated demand. Reported at Hyderabad facility during shift 3.,Resolved,Delhi,inventory forecast underestimate demand report hyderabad facility shift
4521,Inventory Shortage,Low,Warehouse unable to fulfill requested quantity. Reported at Pune facility during shift 2.,In Progress,Mumbai,warehouse unable fulfill request quantity report pune facility shift
4522,Warehouse Issue,Medium,Cycle count discrepancy identified. Reported at Delhi facility during shift 2.,Open,Hyderabad,cycle count discrepancy identify report delhi facility shift
4523,Warehouse Issue,Critical,Warehouse management system outage reported. Reported at Kolkata facility during shift 1.,Open,Delhi,warehouse management system outage report report kolkata facility shift
4524,Customs Issue,Low,Border inspection extended shipment hold. Reported at Kolkata facility during shift 1.,Resolved,Kolkata,border inspection extend shipment hold report kolkata facility shift
4525,Inventory Shortage,Low,Cycle count revealed stock deficiency. Reported at Hyderabad facility during shift 2.,Open,Hyderabad,cycle count reveal stock deficiency report hyderabad facility shift
4526,Damaged Goods,Medium,Forklift accident damaged inventory. Reported at Mumbai facility during shift 2.,Open,Bengaluru,forklift accident damage inventory report mumbai facility shift
4527,Shipment Delay,Medium,Mechanical failure delayed freight movement. Reported at Ahmedabad facility during shift 3.,Resolved,Pune,mechanical failure delay freight movement report ahmedabad facility shift
4528,Warehouse Issue,Medium,Cycle count discrepancy identified. Reported at Chennai facility during shift 3.,Resolved,Hyderabad,cycle count discrepancy identify report chennai facility shift
4529,Damaged Goods,Medium,Receiving inspection identified damaged goods. Reported at Ahmedabad facility during shift 1.,Resolved,Chennai,receive inspection identify damage goods report ahmedabad facility shift
4530,Documentation Error,Low,Data entry error impacted shipment records. Reported at Delhi facility during shift 3.,In Progress,Bengaluru,data entry error impact shipment record report delhi facility shift
4531,Damaged Goods,Medium,Fragile goods mishandled during unloading. Reported at Mumbai facility during shift 2.,Open,Mumbai,fragile goods mishandle unload report mumbai facility shift
4532,Inventory Shortage,Critical,Demand exceeded available stock levels. Reported at Ahmedabad facility during shift 1.,In Progress,Chennai,demand exceed available stock level report ahmedabad facility shift
4533,Transportation Failure,Medium,Equipment malfunction impacted transport operations. Reported at Delhi facility during shift 1.,Open,Hyderabad,equipment malfunction impact transport operations report delhi facility shift
4534,Shipment Delay,Low,Dispatch process delayed at origin facility. Reported at Delhi facility during shift 2.,Open,Delhi,dispatch process delay origin facility report delhi facility shift
4535,Customs Issue,Medium,Trade compliance review delayed processing. Reported at Hyderabad facility during shift 1.,Resolved,Bengaluru,trade compliance review delay process report hyderabad facility shift
4536,Warehouse Issue,Medium,Space constraint affected storage operations. Reported at Chennai facility during shift 2.,Open,Delhi,space constraint affect storage operations report chennai facility shift
4537,Customs Issue,Medium,Border inspection extended shipment hold. Reported at Kolkata facility during shift 2.,Open,Mumbai,border inspection extend shipment hold report kolkata facility shift
4538,Documentation Error,Low,Missing invoice delayed processing. Reported at Hyderabad facility during shift 2.,In Progress,Hyderabad,miss invoice delay process report hyderabad facility shift
4539,Inventory Shortage,Medium,Raw material shortage impacted production. Reported at Chennai facility during shift 1.,Open,Pune,raw material shortage impact production report chennai facility shift
4540,Shipment Delay,Medium,Dispatch process delayed at origin facility. Reported at Hyderabad facility during shift 2.,Resolved,Mumbai,dispatch process delay origin facility report hyderabad facility shift
4541,Shipment Delay,Low,Shipment rerouted causing additional transit time. Reported at Kolkata facility during shift 3.,In Progress,Kolkata,shipment rerouted cause additional transit time report kolkata facility shift
4542,Damaged Goods,Medium,Package damaged during transportation. Reported at Hyderabad facility during shift 1.,In Progress,Bengaluru,package damage transportation report hyderabad facility shift
4543,Documentation Error,Medium,Labeling information did not match shipment. Reported at Mumbai facility during shift 1.,In Progress,Hyderabad,label information match shipment report mumbai facility shift
4544,Warehouse Issue,High,Dock congestion slowed warehouse throughput. Reported at Delhi facility during shift 2.,Open,Chennai,dock congestion slow warehouse throughput report delhi facility shift
4545,Documentation Error,High,Shipping label generated with incorrect address. Reported at Delhi facility during shift 2.,Resolved,Mumbai,ship label generate incorrect address report delhi facility shift
4546,Shipment Delay,Medium,Shipment rerouted causing additional transit time. Reported at Bengaluru facility during shift 2.,Resolved,Hyderabad,shipment rerouted cause additional transit time report bengaluru facility shift
4547,Inventory Shortage,Medium,Procurement delay affected inventory availability. Reported at Delhi facility during shift 1.,Open,Bengaluru,procurement delay affect inventory availability report delhi facility shift
4548,Transportation Failure,Medium,Fuel supply issue interrupted transportation. Reported at Kolkata facility during shift 2.,In Progress,Delhi,fuel supply issue interrupt transportation report kolkata facility shift
4549,Warehouse Issue,Low,Storage location information incorrect. Reported at Pune facility during shift 1.,In Progress,Mumbai,storage location information incorrect report pune facility shift
4550,Documentation Error,Medium,Required compliance document missing. Reported at Mumbai facility during shift 1.,Resolved,Bengaluru,require compliance document miss report mumbai facility shift
4551,Documentation Error,High,Missing certificate delayed shipment release. Reported at Chennai facility during shift 3.,In Progress,Delhi,miss certificate delay shipment release report chennai facility shift
4552,Damaged Goods,Low,Fragile goods mishandled during unloading. Reported at Delhi facility during shift 2.,In Progress,Delhi,fragile goods mishandle unload report delhi facility shift
4553,Documentation Error,Medium,Data entry error impacted shipment records. Reported at Bengaluru facility during shift 2.,Open,Hyderabad,data entry error impact shipment record report bengaluru facility shift
4554,Customs Issue,Low,Shipment flagged for compliance audit. Reported at Bengaluru facility during shift 1.,In Progress,Pune,shipment flag compliance audit report bengaluru facility shift
4555,Shipment Delay,Critical,Dispatch process delayed at origin facility. Reported at Kolkata facility during shift 2.,In Progress,Chennai,dispatch process delay origin facility report kolkata facility shift
4556,Documentation Error,Low,Purchase order details inconsistent. Reported at Pune facility during shift 2.,Open,Delhi,purchase order detail inconsistent report pune facility shift
4557,Transportation Failure,Medium,Route planning error delayed movement. Reported at Delhi facility during shift 3.,Open,Ahmedabad,route plan error delay movement report delhi facility shift
4558,Damaged Goods,Medium,Forklift accident damaged inventory. Reported at Pune facility during shift 1.,In Progress,Delhi,forklift accident damage inventory report pune facility shift
4559,Warehouse Issue,Low,Warehouse staffing shortage reported. Reported at Pune facility during shift 3.,In Progress,Chennai,warehouse staff shortage report report pune facility shift
4560,Inventory Shortage,High,Cycle count revealed stock deficiency. Reported at Kolkata facility during shift 3.,In Progress,Hyderabad,cycle count reveal stock deficiency report kolkata facility shift
4561,Damaged Goods,Low,Forklift accident damaged inventory. Reported at Pune facility during shift 3.,In Progress,Kolkata,forklift accident damage inventory report pune facility shift
4562,Damaged Goods,Low,Package damaged during transportation. Reported at Hyderabad facility during shift 2.,Resolved,Bengaluru,package damage transportation report hyderabad facility shift
4563,Shipment Delay,Low,Shipment delayed due to customs inspection. Reported at Pune facility during shift 2.,Resolved,Ahmedabad,shipment delay due customs inspection report pune facility shift
4564,Inventory Shortage,High,Warehouse unable to fulfill requested quantity. Reported at Hyderabad facility during shift 2.,Resolved,Kolkata,warehouse unable fulfill request quantity report hyderabad facility shift
4565,Customs Issue,Medium,Tariff classification review in progress. Reported at Kolkata facility during shift 2.,Resolved,Hyderabad,tariff classification review progress report kolkata facility shift
4566,Transportation Failure,Low,Delivery vehicle breakdown reported. Reported at Kolkata facility during shift 3.,Resolved,Chennai,delivery vehicle breakdown report report kolkata facility shift
4567,Warehouse Issue,Low,Warehouse staffing shortage reported. Reported at Kolkata facility during shift 3.,In Progress,Ahmedabad,warehouse staff shortage report report kolkata facility shift
4568,Shipment Delay,High,Truck breakdown caused delivery delay. Reported at Chennai facility during shift 1.,In Progress,Ahmedabad,truck breakdown cause delivery delay report chennai facility shift
4569,Shipment Delay,High,Container missed connecting vessel. Reported at Kolkata facility during shift 2.,In Progress,Kolkata,container miss connect vessel report kolkata facility shift
4570,Customs Issue,Medium,Customs requested additional documentation. Reported at Chennai facility during shift 3.,Resolved,Kolkata,customs request additional documentation report chennai facility shift
4571,Shipment Delay,Medium,Shipment rerouted causing additional transit time. Reported at Mumbai facility during shift 2.,In Progress,Hyderabad,shipment rerouted cause additional transit time report mumbai facility shift
4572,Documentation Error,Low,Shipping label generated with incorrect address. Reported at Delhi facility during shift 1.,Open,Pune,ship label generate incorrect address report delhi facility shift
4573,Documentation Error,Medium,Shipping label generated with incorrect address. Reported at Kolkata facility during shift 3.,Open,Hyderabad,ship label generate incorrect address report kolkata facility shift
4574,Damaged Goods,Medium,Warehouse accident damaged stored inventory. Reported at Chennai facility during shift 3.,In Progress,Kolkata,warehouse accident damage store inventory report chennai facility shift
4575,Warehouse Issue,Medium,Put-away process delayed inventory availability. Reported at Bengaluru facility during shift 2.,Open,Delhi,putaway process delay inventory availability report bengaluru facility shift
4576,Warehouse Issue,High,Put-away process delayed inventory availability. Reported at Hyderabad facility during shift 1.,In Progress,Mumbai,putaway process delay inventory availability report hyderabad facility shift
4577,Transportation Failure,High,Transportation network disruption reported. Reported at Delhi facility during shift 2.,Open,Hyderabad,transportation network disruption report report delhi facility shift
4578,Shipment Delay,Low,Holiday demand surge caused shipping delays. Reported at Delhi facility during shift 2.,Resolved,Bengaluru,holiday demand surge cause ship delay report delhi facility shift
4579,Documentation Error,High,Incorrect consignee information provided. Reported at Ahmedabad facility during shift 2.,In Progress,Hyderabad,incorrect consignee information provide report ahmedabad facility shift
4580,Documentation Error,Medium,Invoice value discrepancy identified. Reported at Mumbai facility during shift 3.,Open,Hyderabad,invoice value discrepancy identify report mumbai facility shift
4581,Documentation Error,High,Bill of lading information mismatch detected. Reported at Kolkata facility during shift 3.,Resolved,Kolkata,bill lade information mismatch detect report kolkata facility shift
4582,Inventory Shortage,Low,Safety stock threshold breached. Reported at Pune facility during shift 1.,Open,Chennai,safety stock threshold breach report pune facility shift
4583,Warehouse Issue,Medium,Picking error occurred in warehouse. Reported at Delhi facility during shift 2.,In Progress,Pune,pick error occur warehouse report delhi facility shift
4584,Shipment Delay,High,Driver shortage affected transportation schedule. Reported at Bengaluru facility during shift 1.,Resolved,Pune,driver shortage affect transportation schedule report bengaluru facility shift
4585,Inventory Shortage,Medium,Warehouse unable to fulfill requested quantity. Reported at Ahmedabad facility during shift 2.,In Progress,Ahmedabad,warehouse unable fulfill request quantity report ahmedabad facility shift
4586,Shipment Delay,Medium,Mechanical failure delayed freight movement. Reported at Bengaluru facility during shift 2.,Open,Chennai,mechanical failure delay freight movement report bengaluru facility shift
4587,Inventory Shortage,Low,Procurement delay affected inventory availability. Reported at Kolkata facility during shift 1.,Resolved,Hyderabad,procurement delay affect inventory availability report kolkata facility shift
4588,Inventory Shortage,Medium,Raw material shortage impacted production. Reported at Hyderabad facility during shift 2.,Resolved,Kolkata,raw material shortage impact production report hyderabad facility shift
4589,Customs Issue,Low,Regulatory approval pending clearance. Reported at Bengaluru facility during shift 1.,Open,Delhi,regulatory approval pending clearance report bengaluru facility shift
4590,Inventory Shortage,Medium,Demand exceeded available stock levels. Reported at Pune facility during shift 2.,Open,Ahmedabad,demand exceed available stock level report pune facility shift
4591,Customs Issue,High,Trade compliance review delayed processing. Reported at Chennai facility during shift 2.,Open,Ahmedabad,trade compliance review delay process report chennai facility shift
4592,Damaged Goods,Medium,Shipment contents damaged in transit. Reported at Pune facility during shift 2.,In Progress,Delhi,shipment content damage transit report pune facility shift
4593,Customs Issue,Low,Tariff classification review in progress. Reported at Delhi facility during shift 2.,In Progress,Ahmedabad,tariff classification review progress report delhi facility shift
4594,Documentation Error,Medium,Incorrect consignee information provided. Reported at Chennai facility during shift 3.,Resolved,Ahmedabad,incorrect consignee information provide report chennai facility shift
4595,Warehouse Issue,Critical,Warehouse management system outage reported. Reported at Hyderabad facility during shift 2.,In Progress,Hyderabad,warehouse management system outage report report hyderabad facility shift
4596,Customs Issue,High,Regulatory verification delayed release. Reported at Bengaluru facility during shift 2.,Resolved,Pune,regulatory verification delay release report bengaluru facility shift
4597,Inventory Shortage,Medium,Cycle count revealed stock deficiency. Reported at Pune facility during shift 1.,In Progress,Hyderabad,cycle count reveal stock deficiency report pune facility shift
4598,Warehouse Issue,Medium,Warehouse staffing shortage reported. Reported at Chennai facility during shift 1.,In Progress,Kolkata,warehouse staff shortage report report chennai facility shift
4599,Documentation Error,Low,Export declaration contained errors. Reported at Hyderabad facility during shift 1.,Open,Chennai,export declaration contain errors report hyderabad facility shift
4600,Warehouse Issue,Medium,Warehouse management system outage reported. Reported at Kolkata facility during shift 2.,In Progress,Ahmedabad,warehouse management system outage report report kolkata facility shift
4601,Damaged Goods,Low,Forklift accident damaged inventory. Reported at Hyderabad facility during shift 1.,In Progress,Bengaluru,forklift accident damage inventory report hyderabad facility shift
4602,Customs Issue,Medium,Shipment selected for random inspection. Reported at Bengaluru facility during shift 1.,Open,Chennai,shipment select random inspection report bengaluru facility shift
4603,Customs Issue,High,Regulatory approval pending clearance. Reported at Chennai facility during shift 3.,Resolved,Chennai,regulatory approval pending clearance report chennai facility shift
4604,Warehouse Issue,Medium,Order picking queue exceeded capacity. Reported at Pune facility during shift 2.,Resolved,Delhi,order pick queue exceed capacity report pune facility shift
4605,Inventory Shortage,Low,Procurement delay affected inventory availability. Reported at Hyderabad facility during shift 3.,Open,Pune,procurement delay affect inventory availability report hyderabad facility shift
4606,Customs Issue,Low,Customs valuation dispute identified. Reported at Kolkata facility during shift 2.,Open,Bengaluru,customs valuation dispute identify report kolkata facility shift
4607,Warehouse Issue,Medium,Dock congestion slowed warehouse throughput. Reported at Delhi facility during shift 2.,Open,Chennai,dock congestion slow warehouse throughput report delhi facility shift
4608,Warehouse Issue,Low,Warehouse stock mismatch identified. Reported at Hyderabad facility during shift 2.,Resolved,Mumbai,warehouse stock mismatch identify report hyderabad facility shift
4609,Shipment Delay,Medium,Shipment delayed due to customs inspection. Reported at Bengaluru facility during shift 2.,Resolved,Pune,shipment delay due customs inspection report bengaluru facility shift
4610,Warehouse Issue,Medium,Order picking queue exceeded capacity. Reported at Mumbai facility during shift 1.,Resolved,Kolkata,order pick queue exceed capacity report mumbai facility shift
4611,Warehouse Issue,Medium,Receiving delay impacted warehouse operations. Reported at Mumbai facility during shift 1.,Resolved,Pune,receive delay impact warehouse operations report mumbai facility shift
4612,Documentation Error,Medium,Bill of lading information mismatch detected. Reported at Ahmedabad facility during shift 2.,Open,Hyderabad,bill lade information mismatch detect report ahmedabad facility shift
4613,Customs Issue,Medium,Regulatory verification delayed release. Reported at Ahmedabad facility during shift 2.,Open,Kolkata,regulatory verification delay release report ahmedabad facility shift
4614,Documentation Error,High,Export declaration contained errors. Reported at Chennai facility during shift 2.,Resolved,Kolkata,export declaration contain errors report chennai facility shift
4615,Transportation Failure,High,Accident blocked scheduled delivery route. Reported at Kolkata facility during shift 3.,Resolved,Chennai,accident block schedule delivery route report kolkata facility shift
4616,Customs Issue,Medium,Customs requested additional documentation. Reported at Delhi facility during shift 2.,Resolved,Pune,customs request additional documentation report delhi facility shift
4617,Shipment Delay,High,Cargo loading completed behind schedule. Reported at Mumbai facility during shift 2.,Resolved,Bengaluru,cargo load complete behind schedule report mumbai facility shift
4618,Customs Issue,Low,Border inspection extended shipment hold. Reported at Chennai facility during shift 3.,Resolved,Delhi,border inspection extend shipment hold report chennai facility shift
4619,Transportation Failure,Medium,Fuel supply issue interrupted transportation. Reported at Hyderabad facility during shift 1.,In Progress,Bengaluru,fuel supply issue interrupt transportation report hyderabad facility shift
4620,Documentation Error,Critical,Labeling information did not match shipment. Reported at Kolkata facility during shift 1.,Open,Hyderabad,label information match shipment report kolkata facility shift
4621,Shipment Delay,High,Container missed connecting vessel. Reported at Mumbai facility during shift 1.,Resolved,Kolkata,container miss connect vessel report mumbai facility shift
4622,Transportation Failure,Medium,Delivery vehicle breakdown reported. Reported at Hyderabad facility during shift 2.,Open,Bengaluru,delivery vehicle breakdown report report hyderabad facility shift
4623,Documentation Error,Medium,Documentation approval pending correction. Reported at Mumbai facility during shift 2.,Resolved,Pune,documentation approval pending correction report mumbai facility shift
4624,Inventory Shortage,High,Stockout occurred at fulfillment center. Reported at Ahmedabad facility during shift 2.,Open,Chennai,stockout occur fulfillment center report ahmedabad facility shift
4625,Inventory Shortage,Low,Safety stock threshold breached. Reported at Hyderabad facility during shift 2.,Resolved,Delhi,safety stock threshold breach report hyderabad facility shift
4626,Customs Issue,Low,Border inspection extended shipment hold. Reported at Ahmedabad facility during shift 3.,In Progress,Mumbai,border inspection extend shipment hold report ahmedabad facility shift
4627,Documentation Error,Medium,Shipping label generated with incorrect address. Reported at Kolkata facility during shift 2.,In Progress,Ahmedabad,ship label generate incorrect address report kolkata facility shift
4628,Damaged Goods,Critical,Product packaging torn during loading. Reported at Bengaluru facility during shift 1.,In Progress,Mumbai,product package tear load report bengaluru facility shift
4629,Documentation Error,Low,Missing certificate delayed shipment release. Reported at Bengaluru facility during shift 1.,Resolved,Pune,miss certificate delay shipment release report bengaluru facility shift
4630,Inventory Shortage,Medium,Stockout occurred at fulfillment center. Reported at Kolkata facility during shift 2.,Open,Pune,stockout occur fulfillment center report kolkata facility shift
4631,Inventory Shortage,Low,Cycle count revealed stock deficiency. Reported at Pune facility during shift 3.,Open,Ahmedabad,cycle count reveal stock deficiency report pune facility shift
4632,Documentation Error,High,Documentation approval pending correction. Reported at Pune facility during shift 2.,Resolved,Chennai,documentation approval pending correction report pune facility shift
4633,Warehouse Issue,High,Cycle count discrepancy identified. Reported at Hyderabad facility during shift 3.,Open,Delhi,cycle count discrepancy identify report hyderabad facility shift
4634,Documentation Error,High,Purchase order details inconsistent. Reported at Pune facility during shift 2.,Open,Kolkata,purchase order detail inconsistent report pune facility shift
4635,Transportation Failure,Medium,Driver unavailable for scheduled route. Reported at Delhi facility during shift 1.,Open,Bengaluru,driver unavailable schedule route report delhi facility shift
4636,Damaged Goods,High,Temperature excursion affected product quality. Reported at Mumbai facility during shift 3.,Open,Chennai,temperature excursion affect product quality report mumbai facility shift
4637,Inventory Shortage,High,Backordered items unavailable for dispatch. Reported at Mumbai facility during shift 2.,Open,Hyderabad,backordered items unavailable dispatch report mumbai facility shift
4638,Inventory Shortage,Critical,Procurement delay affected inventory availability. Reported at Delhi facility during shift 2.,Open,Pune,procurement delay affect inventory availability report delhi facility shift
4639,Documentation Error,High,Export declaration contained errors. Reported at Bengaluru facility during shift 1.,Resolved,Mumbai,export declaration contain errors report bengaluru facility shift
4640,Inventory Shortage,Medium,Product unavailable due to inventory mismatch. Reported at Pune facility during shift 1.,Open,Hyderabad,product unavailable due inventory mismatch report pune facility shift
4641,Shipment Delay,Medium,Truck breakdown caused delivery delay. Reported at Hyderabad facility during shift 3.,Open,Bengaluru,truck breakdown cause delivery delay report hyderabad facility shift
4642,Shipment Delay,Low,Container missed connecting vessel. Reported at Pune facility during shift 2.,Open,Mumbai,container miss connect vessel report pune facility shift
4643,Damaged Goods,Low,Forklift accident damaged inventory. Reported at Chennai facility during shift 1.,In Progress,Hyderabad,forklift accident damage inventory report chennai facility shift
4644,Shipment Delay,Low,Last-mile delivery partner unavailable. Reported at Ahmedabad facility during shift 3.,Resolved,Mumbai,lastmile delivery partner unavailable report ahmedabad facility shift
4645,Shipment Delay,Medium,Rail transport delay impacted delivery timeline. Reported at Kolkata facility during shift 2.,In Progress,Pune,rail transport delay impact delivery timeline report kolkata facility shift
4646,Damaged Goods,High,Improper handling caused item breakage. Reported at Kolkata facility during shift 3.,In Progress,Bengaluru,improper handle cause item breakage report kolkata facility shift
4647,Customs Issue,Critical,Shipment selected for random inspection. Reported at Hyderabad facility during shift 2.,In Progress,Mumbai,shipment select random inspection report hyderabad facility shift
4648,Warehouse Issue,Medium,Inventory misplaced within storage area. Reported at Delhi facility during shift 3.,Open,Kolkata,inventory misplace within storage area report delhi facility shift
4649,Documentation Error,Low,Manifest information incomplete. Reported at Hyderabad facility during shift 2.,In Progress,Hyderabad,manifest information incomplete report hyderabad facility shift
4650,Customs Issue,Medium,Customs clearance process delayed. Reported at Mumbai facility during shift 1.,Open,Kolkata,customs clearance process delay report mumbai facility shift
4651,Customs Issue,Low,Tariff classification review in progress. Reported at Mumbai facility during shift 1.,Resolved,Delhi,tariff classification review progress report mumbai facility shift
4652,Inventory Shortage,High,Raw material shortage impacted production. Reported at Hyderabad facility during shift 1.,Open,Kolkata,raw material shortage impact production report hyderabad facility shift
4653,Documentation Error,Critical,Customs paperwork contained errors. Reported at Kolkata facility during shift 3.,Open,Mumbai,customs paperwork contain errors report kolkata facility shift
4654,Customs Issue,Critical,Shipment selected for random inspection. Reported at Ahmedabad facility during shift 2.,In Progress,Delhi,shipment select random inspection report ahmedabad facility shift
4655,Customs Issue,Medium,Shipment selected for random inspection. Reported at Kolkata facility during shift 3.,In Progress,Delhi,shipment select random inspection report kolkata facility shift
4656,Shipment Delay,Low,Cargo loading completed behind schedule. Reported at Bengaluru facility during shift 3.,Resolved,Mumbai,cargo load complete behind schedule report bengaluru facility shift
4657,Customs Issue,Medium,Shipment held by customs authorities. Reported at Chennai facility during shift 2.,Open,Pune,shipment hold customs authorities report chennai facility shift
4658,Transportation Failure,Medium,Carrier failed to pick up shipment. Reported at Delhi facility during shift 3.,Open,Bengaluru,carrier fail pick shipment report delhi facility shift
4659,Inventory Shortage,Critical,Inventory replenishment delayed. Reported at Chennai facility during shift 1.,Resolved,Ahmedabad,inventory replenishment delay report chennai facility shift
4660,Warehouse Issue,Medium,Inventory allocation issue detected. Reported at Pune facility during shift 3.,Open,Hyderabad,inventory allocation issue detect report pune facility shift
4661,Warehouse Issue,Low,Warehouse processing backlog reported. Reported at Ahmedabad facility during shift 1.,In Progress,Mumbai,warehouse process backlog report report ahmedabad facility shift
4662,Damaged Goods,High,Water exposure damaged packaged goods. Reported at Delhi facility during shift 3.,In Progress,Chennai,water exposure damage package goods report delhi facility shift
4663,Customs Issue,Critical,Country-specific restriction affected import. Reported at Delhi facility during shift 3.,In Progress,Chennai,countryspecific restriction affect import report delhi facility shift
4664,Warehouse Issue,Medium,Order picking queue exceeded capacity. Reported at Chennai facility during shift 2.,Open,Delhi,order pick queue exceed capacity report chennai facility shift
4665,Damaged Goods,High,Package damaged during transportation. Reported at Kolkata facility during shift 2.,In Progress,Hyderabad,package damage transportation report kolkata facility shift
4666,Transportation Failure,Critical,Third-party carrier cancelled shipment booking. Reported at Kolkata facility during shift 3.,In Progress,Chennai,thirdparty carrier cancel shipment book report kolkata facility shift
4667,Customs Issue,High,Border security inspection caused delay. Reported at Chennai facility during shift 2.,Resolved,Pune,border security inspection cause delay report chennai facility shift
4668,Transportation Failure,Low,Fuel supply issue interrupted transportation. Reported at Hyderabad facility during shift 1.,In Progress,Pune,fuel supply issue interrupt transportation report hyderabad facility shift
4669,Customs Issue,High,Trade compliance review delayed processing. Reported at Pune facility during shift 2.,Open,Ahmedabad,trade compliance review delay process report pune facility shift
4670,Documentation Error,High,Labeling information did not match shipment. Reported at Ahmedabad facility during shift 3.,In Progress,Kolkata,label information match shipment report ahmedabad facility shift
4671,Customs Issue,Low,Country-specific restriction affected import. Reported at Bengaluru facility during shift 1.,Resolved,Chennai,countryspecific restriction affect import report bengaluru facility shift
4672,Transportation Failure,High,Accident blocked scheduled delivery route. Reported at Delhi facility during shift 1.,Open,Mumbai,accident block schedule delivery route report delhi facility shift
4673,Shipment Delay,Medium,Driver shortage affected transportation schedule. Reported at Bengaluru facility during shift 3.,In Progress,Ahmedabad,driver shortage affect transportation schedule report bengaluru facility shift
4674,Warehouse Issue,High,Cycle count discrepancy identified. Reported at Hyderabad facility during shift 3.,Open,Chennai,cycle count discrepancy identify report hyderabad facility shift
4675,Inventory Shortage,Medium,Backordered items unavailable for dispatch. Reported at Chennai facility during shift 1.,Resolved,Hyderabad,backordered items unavailable dispatch report chennai facility shift
4676,Warehouse Issue,Low,Inventory misplaced within storage area. Reported at Pune facility during shift 3.,Open,Hyderabad,inventory misplace within storage area report pune facility shift
4677,Damaged Goods,Medium,Product packaging torn during loading. Reported at Mumbai facility during shift 2.,Resolved,Chennai,product package tear load report mumbai facility shift
4678,Damaged Goods,Low,Forklift accident damaged inventory. Reported at Hyderabad facility during shift 2.,Open,Pune,forklift accident damage inventory report hyderabad facility shift
4679,Shipment Delay,Low,Dispatch process delayed at origin facility. Reported at Kolkata facility during shift 2.,Open,Pune,dispatch process delay origin facility report kolkata facility shift
4680,Customs Issue,High,Border inspection extended shipment hold. Reported at Delhi facility during shift 3.,In Progress,Chennai,border inspection extend shipment hold report delhi facility shift
4681,Warehouse Issue,High,Inventory misplaced within storage area. Reported at Hyderabad facility during shift 3.,In Progress,Kolkata,inventory misplace within storage area report hyderabad facility shift
4682,Warehouse Issue,Medium,Space constraint affected storage operations. Reported at Pune facility during shift 2.,Open,Delhi,space constraint affect storage operations report pune facility shift
4683,Damaged Goods,Medium,Warehouse accident damaged stored inventory. Reported at Delhi facility during shift 1.,Open,Chennai,warehouse accident damage store inventory report delhi facility shift
4684,Warehouse Issue,Low,Space constraint affected storage operations. Reported at Mumbai facility during shift 3.,Open,Pune,space constraint affect storage operations report mumbai facility shift
4685,Inventory Shortage,Medium,Warehouse stock shortage detected. Reported at Kolkata facility during shift 3.,In Progress,Hyderabad,warehouse stock shortage detect report kolkata facility shift
4686,Customs Issue,Critical,Trade compliance review delayed processing. Reported at Kolkata facility during shift 2.,Resolved,Ahmedabad,trade compliance review delay process report kolkata facility shift
4687,Documentation Error,Medium,Incorrect shipping documentation submitted. Reported at Kolkata facility during shift 2.,Resolved,Bengaluru,incorrect ship documentation submit report kolkata facility shift
4688,Transportation Failure,Medium,Vehicle maintenance issue halted delivery. Reported at Hyderabad facility during shift 3.,Resolved,Ahmedabad,vehicle maintenance issue halt delivery report hyderabad facility shift
4689,Damaged Goods,Medium,Goods arrived with visible damage. Reported at Mumbai facility during shift 1.,Open,Mumbai,goods arrive visible damage report mumbai facility shift
4690,Transportation Failure,High,Driver unavailable for scheduled route. Reported at Pune facility during shift 3.,In Progress,Delhi,driver unavailable schedule route report pune facility shift
4691,Documentation Error,Medium,Data entry error impacted shipment records. Reported at Ahmedabad facility during shift 2.,In Progress,Hyderabad,data entry error impact shipment record report ahmedabad facility shift
4692,Shipment Delay,Medium,Shipment rerouted causing additional transit time. Reported at Mumbai facility during shift 3.,Resolved,Kolkata,shipment rerouted cause additional transit time report mumbai facility shift
4693,Customs Issue,Medium,Country-specific restriction affected import. Reported at Delhi facility during shift 2.,Open,Mumbai,countryspecific restriction affect import report delhi facility shift
4694,Warehouse Issue,Low,Cycle count discrepancy identified. Reported at Ahmedabad facility during shift 2.,Open,Hyderabad,cycle count discrepancy identify report ahmedabad facility shift
4695,Documentation Error,Low,Purchase order details inconsistent. Reported at Pune facility during shift 2.,In Progress,Kolkata,purchase order detail inconsistent report pune facility shift
4696,Damaged Goods,Medium,Receiving inspection identified damaged goods. Reported at Mumbai facility during shift 3.,Resolved,Kolkata,receive inspection identify damage goods report mumbai facility shift
4697,Inventory Shortage,Medium,Warehouse unable to fulfill requested quantity. Reported at Chennai facility during shift 1.,Open,Pune,warehouse unable fulfill request quantity report chennai facility shift
4698,Customs Issue,High,Shipment flagged for compliance audit. Reported at Delhi facility during shift 1.,In Progress,Bengaluru,shipment flag compliance audit report delhi facility shift
4699,Warehouse Issue,Medium,Warehouse stock mismatch identified. Reported at Mumbai facility during shift 3.,In Progress,Delhi,warehouse stock mismatch identify report mumbai facility shift
4700,Inventory Shortage,Low,Warehouse unable to fulfill requested quantity. Reported at Hyderabad facility during shift 1.,In Progress,Bengaluru,warehouse unable fulfill request quantity report hyderabad facility shift
4701,Damaged Goods,Medium,Warehouse accident damaged stored inventory. Reported at Delhi facility during shift 2.,Resolved,Chennai,warehouse accident damage store inventory report delhi facility shift
4702,Documentation Error,Medium,Missing certificate delayed shipment release. Reported at Hyderabad facility during shift 2.,Open,Mumbai,miss certificate delay shipment release report hyderabad facility shift
4703,Warehouse Issue,Low,Dock congestion slowed warehouse throughput. Reported at Chennai facility during shift 2.,Open,Bengaluru,dock congestion slow warehouse throughput report chennai facility shift
4704,Damaged Goods,High,Temperature excursion affected product quality. Reported at Chennai facility during shift 1.,In Progress,Bengaluru,temperature excursion affect product quality report chennai facility shift
4705,Transportation Failure,High,Equipment malfunction impacted transport operations. Reported at Bengaluru facility during shift 2.,Resolved,Kolkata,equipment malfunction impact transport operations report bengaluru facility shift
4706,Transportation Failure,Critical,Equipment malfunction impacted transport operations. Reported at Ahmedabad facility during shift 1.,In Progress,Hyderabad,equipment malfunction impact transport operations report ahmedabad facility shift
4707,Damaged Goods,Low,Pallet collapse resulted in product damage. Reported at Chennai facility during shift 2.,Open,Kolkata,pallet collapse result product damage report chennai facility shift
4708,Shipment Delay,High,Rail transport delay impacted delivery timeline. Reported at Kolkata facility during shift 2.,Resolved,Kolkata,rail transport delay impact delivery timeline report kolkata facility shift
4709,Customs Issue,Low,Regulatory approval pending clearance. Reported at Delhi facility during shift 2.,Resolved,Pune,regulatory approval pending clearance report delhi facility shift
4710,Customs Issue,High,Border inspection extended shipment hold. Reported at Kolkata facility during shift 3.,In Progress,Mumbai,border inspection extend shipment hold report kolkata facility shift
4711,Shipment Delay,Medium,Rail transport delay impacted delivery timeline. Reported at Delhi facility during shift 3.,In Progress,Kolkata,rail transport delay impact delivery timeline report delhi facility shift
4712,Transportation Failure,Medium,Equipment malfunction impacted transport operations. Reported at Delhi facility during shift 3.,Open,Delhi,equipment malfunction impact transport operations report delhi facility shift
4713,Shipment Delay,High,Mechanical failure delayed freight movement. Reported at Pune facility during shift 2.,Resolved,Bengaluru,mechanical failure delay freight movement report pune facility shift
4714,Documentation Error,Medium,Bill of lading information mismatch detected. Reported at Chennai facility during shift 3.,In Progress,Pune,bill lade information mismatch detect report chennai facility shift
4715,Documentation Error,Medium,Customs paperwork contained errors. Reported at Mumbai facility during shift 1.,In Progress,Hyderabad,customs paperwork contain errors report mumbai facility shift
4716,Inventory Shortage,Medium,Cycle count revealed stock deficiency. Reported at Pune facility during shift 2.,Resolved,Hyderabad,cycle count reveal stock deficiency report pune facility shift
4717,Damaged Goods,Medium,Packaging failure led to damaged products. Reported at Kolkata facility during shift 1.,Resolved,Chennai,package failure lead damage products report kolkata facility shift
4718,Warehouse Issue,Medium,Warehouse management system outage reported. Reported at Pune facility during shift 1.,Resolved,Mumbai,warehouse management system outage report report pune facility shift
4719,Documentation Error,Medium,Labeling information did not match shipment. Reported at Mumbai facility during shift 2.,In Progress,Mumbai,label information match shipment report mumbai facility shift
4720,Inventory Shortage,Low,Cycle count revealed stock deficiency. Reported at Hyderabad facility during shift 2.,In Progress,Delhi,cycle count reveal stock deficiency report hyderabad facility shift
4721,Damaged Goods,Critical,Forklift accident damaged inventory. Reported at Mumbai facility during shift 2.,Resolved,Delhi,forklift accident damage inventory report mumbai facility shift
4722,Documentation Error,High,Invoice value discrepancy identified. Reported at Bengaluru facility during shift 3.,In Progress,Ahmedabad,invoice value discrepancy identify report bengaluru facility shift
4723,Damaged Goods,Medium,Improper handling caused item breakage. Reported at Ahmedabad facility during shift 2.,In Progress,Chennai,improper handle cause item breakage report ahmedabad facility shift
4724,Transportation Failure,Medium,Delivery vehicle breakdown reported. Reported at Pune facility during shift 2.,Resolved,Hyderabad,delivery vehicle breakdown report report pune facility shift
4725,Customs Issue,High,Shipment selected for random inspection. Reported at Bengaluru facility during shift 3.,Open,Kolkata,shipment select random inspection report bengaluru facility shift
4726,Documentation Error,Medium,Export declaration contained errors. Reported at Ahmedabad facility during shift 1.,In Progress,Delhi,export declaration contain errors report ahmedabad facility shift
4727,Inventory Shortage,Low,Procurement delay affected inventory availability. Reported at Chennai facility during shift 3.,Resolved,Chennai,procurement delay affect inventory availability report chennai facility shift
4728,Transportation Failure,High,Fuel supply issue interrupted transportation. Reported at Bengaluru facility during shift 2.,In Progress,Bengaluru,fuel supply issue interrupt transportation report bengaluru facility shift
4729,Damaged Goods,Low,Container impact damaged shipment contents. Reported at Ahmedabad facility during shift 2.,Open,Chennai,container impact damage shipment content report ahmedabad facility shift
4730,Shipment Delay,Low,Truck breakdown caused delivery delay. Reported at Pune facility during shift 3.,In Progress,Bengaluru,truck breakdown cause delivery delay report pune facility shift
4731,Warehouse Issue,Medium,Inventory allocation issue detected. Reported at Hyderabad facility during shift 1.,Resolved,Hyderabad,inventory allocation issue detect report hyderabad facility shift
4732,Customs Issue,Low,Shipment flagged for compliance audit. Reported at Ahmedabad facility during shift 1.,In Progress,Ahmedabad,shipment flag compliance audit report ahmedabad facility shift
4733,Documentation Error,Low,Incorrect consignee information provided. Reported at Kolkata facility during shift 2.,In Progress,Hyderabad,incorrect consignee information provide report kolkata facility shift
4734,Customs Issue,Low,Regulatory approval pending clearance. Reported at Ahmedabad facility during shift 2.,Resolved,Pune,regulatory approval pending clearance report ahmedabad facility shift
4735,Customs Issue,Medium,Customs requested additional documentation. Reported at Ahmedabad facility during shift 1.,In Progress,Delhi,customs request additional documentation report ahmedabad facility shift
4736,Inventory Shortage,Medium,Inventory reservation conflict identified. Reported at Delhi facility during shift 3.,In Progress,Pune,inventory reservation conflict identify report delhi facility shift
4737,Documentation Error,High,Incorrect shipping documentation submitted. Reported at Pune facility during shift 2.,In Progress,Ahmedabad,incorrect ship documentation submit report pune facility shift
4738,Damaged Goods,Medium,Receiving inspection identified damaged goods. Reported at Mumbai facility during shift 3.,Open,Delhi,receive inspection identify damage goods report mumbai facility shift
4739,Warehouse Issue,Medium,Order consolidation process delayed shipment. Reported at Hyderabad facility during shift 3.,Open,Kolkata,order consolidation process delay shipment report hyderabad facility shift
4740,Inventory Shortage,High,Demand exceeded available stock levels. Reported at Bengaluru facility during shift 3.,Resolved,Hyderabad,demand exceed available stock level report bengaluru facility shift
4741,Transportation Failure,Medium,Delivery vehicle breakdown reported. Reported at Hyderabad facility during shift 1.,In Progress,Kolkata,delivery vehicle breakdown report report hyderabad facility shift
4742,Warehouse Issue,High,Cycle count discrepancy identified. Reported at Ahmedabad facility during shift 3.,In Progress,Ahmedabad,cycle count discrepancy identify report ahmedabad facility shift
4743,Customs Issue,High,Border security inspection caused delay. Reported at Ahmedabad facility during shift 3.,Resolved,Bengaluru,border security inspection cause delay report ahmedabad facility shift
4744,Damaged Goods,Medium,Product packaging torn during loading. Reported at Pune facility during shift 3.,In Progress,Chennai,product package tear load report pune facility shift
4745,Documentation Error,Critical,Data entry error impacted shipment records. Reported at Bengaluru facility during shift 2.,In Progress,Kolkata,data entry error impact shipment record report bengaluru facility shift
4746,Shipment Delay,Low,Truck breakdown caused delivery delay. Reported at Ahmedabad facility during shift 1.,In Progress,Mumbai,truck breakdown cause delivery delay report ahmedabad facility shift
4747,Shipment Delay,Medium,Truck breakdown caused delivery delay. Reported at Ahmedabad facility during shift 2.,Open,Chennai,truck breakdown cause delivery delay report ahmedabad facility shift
4748,Warehouse Issue,Low,Picking error occurred in warehouse. Reported at Ahmedabad facility during shift 3.,In Progress,Ahmedabad,pick error occur warehouse report ahmedabad facility shift
4749,Documentation Error,Low,Invoice value discrepancy identified. Reported at Hyderabad facility during shift 3.,Resolved,Kolkata,invoice value discrepancy identify report hyderabad facility shift
4750,Customs Issue,Medium,Border security inspection caused delay. Reported at Delhi facility during shift 3.,Resolved,Mumbai,border security inspection cause delay report delhi facility shift
4751,Transportation Failure,High,Trailer availability issue delayed dispatch. Reported at Delhi facility during shift 1.,In Progress,Bengaluru,trailer availability issue delay dispatch report delhi facility shift
4752,Customs Issue,Medium,Shipment flagged for compliance audit. Reported at Kolkata facility during shift 2.,Open,Pune,shipment flag compliance audit report kolkata facility shift
4753,Inventory Shortage,Critical,Unexpected order spike exhausted stock. Reported at Kolkata facility during shift 2.,In Progress,Pune,unexpected order spike exhaust stock report kolkata facility shift
4754,Customs Issue,Medium,Shipment flagged for compliance audit. Reported at Kolkata facility during shift 1.,In Progress,Delhi,shipment flag compliance audit report kolkata facility shift
4755,Inventory Shortage,High,Backordered items unavailable for dispatch. Reported at Bengaluru facility during shift 2.,Open,Bengaluru,backordered items unavailable dispatch report bengaluru facility shift
4756,Warehouse Issue,Medium,Receiving delay impacted warehouse operations. Reported at Mumbai facility during shift 1.,Open,Hyderabad,receive delay impact warehouse operations report mumbai facility shift
4757,Inventory Shortage,Low,Warehouse stock shortage detected. Reported at Ahmedabad facility during shift 2.,Resolved,Hyderabad,warehouse stock shortage detect report ahmedabad facility shift
4758,Documentation Error,High,Bill of lading information mismatch detected. Reported at Kolkata facility during shift 2.,Open,Pune,bill lade information mismatch detect report kolkata facility shift
4759,Transportation Failure,High,Equipment malfunction impacted transport operations. Reported at Kolkata facility during shift 2.,Open,Hyderabad,equipment malfunction impact transport operations report kolkata facility shift
4760,Documentation Error,High,Incorrect shipping documentation submitted. Reported at Bengaluru facility during shift 3.,Resolved,Chennai,incorrect ship documentation submit report bengaluru facility shift
4761,Customs Issue,High,Shipment held by customs authorities. Reported at Ahmedabad facility during shift 3.,In Progress,Kolkata,shipment hold customs authorities report ahmedabad facility shift
4762,Warehouse Issue,High,Receiving delay impacted warehouse operations. Reported at Delhi facility during shift 2.,Resolved,Delhi,receive delay impact warehouse operations report delhi facility shift
4763,Warehouse Issue,Medium,Receiving delay impacted warehouse operations. Reported at Delhi facility during shift 3.,Resolved,Ahmedabad,receive delay impact warehouse operations report delhi facility shift
4764,Warehouse Issue,High,Cycle count discrepancy identified. Reported at Hyderabad facility during shift 3.,Open,Delhi,cycle count discrepancy identify report hyderabad facility shift
4765,Documentation Error,Critical,Manifest information incomplete. Reported at Kolkata facility during shift 2.,Open,Mumbai,manifest information incomplete report kolkata facility shift
4766,Warehouse Issue,High,Storage location information incorrect. Reported at Delhi facility during shift 1.,Open,Mumbai,storage location information incorrect report delhi facility shift
4767,Damaged Goods,High,Fragile goods mishandled during unloading. Reported at Delhi facility during shift 2.,In Progress,Mumbai,fragile goods mishandle unload report delhi facility shift
4768,Shipment Delay,Medium,Rail transport delay impacted delivery timeline. Reported at Ahmedabad facility during shift 3.,Open,Pune,rail transport delay impact delivery timeline report ahmedabad facility shift
4769,Warehouse Issue,Critical,Cycle count discrepancy identified. Reported at Hyderabad facility during shift 2.,In Progress,Ahmedabad,cycle count discrepancy identify report hyderabad facility shift
4770,Damaged Goods,Critical,Fragile goods mishandled during unloading. Reported at Hyderabad facility during shift 2.,Resolved,Bengaluru,fragile goods mishandle unload report hyderabad facility shift
4771,Inventory Shortage,Low,Safety stock threshold breached. Reported at Pune facility during shift 2.,Open,Mumbai,safety stock threshold breach report pune facility shift
4772,Documentation Error,Low,Missing invoice delayed processing. Reported at Pune facility during shift 1.,In Progress,Bengaluru,miss invoice delay process report pune facility shift
4773,Documentation Error,Low,Incorrect shipping documentation submitted. Reported at Pune facility during shift 1.,Resolved,Mumbai,incorrect ship documentation submit report pune facility shift
4774,Customs Issue,High,Border security inspection caused delay. Reported at Bengaluru facility during shift 2.,Resolved,Kolkata,border security inspection cause delay report bengaluru facility shift
4775,Documentation Error,High,Required compliance document missing. Reported at Mumbai facility during shift 3.,In Progress,Ahmedabad,require compliance document miss report mumbai facility shift
4776,Shipment Delay,Low,Carrier scheduling issue caused shipment delay. Reported at Kolkata facility during shift 3.,Open,Mumbai,carrier schedule issue cause shipment delay report kolkata facility shift
4777,Damaged Goods,Low,Fragile goods mishandled during unloading. Reported at Bengaluru facility during shift 1.,In Progress,Chennai,fragile goods mishandle unload report bengaluru facility shift
4778,Shipment Delay,Low,Truck breakdown caused delivery delay. Reported at Delhi facility during shift 2.,Open,Kolkata,truck breakdown cause delivery delay report delhi facility shift
4779,Shipment Delay,Medium,Unexpected weather conditions slowed transportation. Reported at Chennai facility during shift 3.,In Progress,Hyderabad,unexpected weather condition slow transportation report chennai facility shift
4780,Transportation Failure,High,Trailer availability issue delayed dispatch. Reported at Ahmedabad facility during shift 1.,Open,Kolkata,trailer availability issue delay dispatch report ahmedabad facility shift
4781,Customs Issue,Low,Customs valuation dispute identified. Reported at Ahmedabad facility during shift 2.,Resolved,Bengaluru,customs valuation dispute identify report ahmedabad facility shift
4782,Warehouse Issue,High,Warehouse management system outage reported. Reported at Kolkata facility during shift 1.,In Progress,Chennai,warehouse management system outage report report kolkata facility shift
4783,Transportation Failure,High,Fuel supply issue interrupted transportation. Reported at Ahmedabad facility during shift 3.,Resolved,Kolkata,fuel supply issue interrupt transportation report ahmedabad facility shift
4784,Inventory Shortage,Low,Product unavailable due to inventory mismatch. Reported at Ahmedabad facility during shift 1.,Resolved,Kolkata,product unavailable due inventory mismatch report ahmedabad facility shift
4785,Documentation Error,Medium,Incorrect shipping documentation submitted. Reported at Hyderabad facility during shift 1.,Resolved,Bengaluru,incorrect ship documentation submit report hyderabad facility shift
4786,Shipment Delay,High,Unexpected weather conditions slowed transportation. Reported at Delhi facility during shift 2.,Resolved,Pune,unexpected weather condition slow transportation report delhi facility shift
4787,Warehouse Issue,Medium,Order picking queue exceeded capacity. Reported at Hyderabad facility during shift 3.,In Progress,Mumbai,order pick queue exceed capacity report hyderabad facility shift
4788,Documentation Error,Low,Documentation approval pending correction. Reported at Mumbai facility during shift 2.,Resolved,Bengaluru,documentation approval pending correction report mumbai facility shift
4789,Documentation Error,High,Missing certificate delayed shipment release. Reported at Chennai facility during shift 2.,In Progress,Chennai,miss certificate delay shipment release report chennai facility shift
4790,Documentation Error,Low,Data entry error impacted shipment records. Reported at Ahmedabad facility during shift 3.,In Progress,Delhi,data entry error impact shipment record report ahmedabad facility shift
4791,Damaged Goods,Critical,Transit vibration caused product defects. Reported at Mumbai facility during shift 3.,In Progress,Chennai,transit vibration cause product defect report mumbai facility shift
4792,Shipment Delay,High,Cargo loading completed behind schedule. Reported at Mumbai facility during shift 3.,Resolved,Mumbai,cargo load complete behind schedule report mumbai facility shift
4793,Inventory Shortage,Medium,Supplier delay created inventory gap. Reported at Delhi facility during shift 3.,Open,Ahmedabad,supplier delay create inventory gap report delhi facility shift
4794,Damaged Goods,Critical,Goods arrived with visible damage. Reported at Mumbai facility during shift 2.,Open,Bengaluru,goods arrive visible damage report mumbai facility shift
4795,Customs Issue,Low,Country-specific restriction affected import. Reported at Kolkata facility during shift 3.,In Progress,Delhi,countryspecific restriction affect import report kolkata facility shift
4796,Transportation Failure,Low,Third-party carrier cancelled shipment booking. Reported at Chennai facility during shift 1.,In Progress,Chennai,thirdparty carrier cancel shipment book report chennai facility shift
4797,Documentation Error,High,Data entry error impacted shipment records. Reported at Ahmedabad facility during shift 2.,Resolved,Chennai,data entry error impact shipment record report ahmedabad facility shift
4798,Inventory Shortage,High,Inventory reservation conflict identified. Reported at Bengaluru facility during shift 1.,In Progress,Bengaluru,inventory reservation conflict identify report bengaluru facility shift
4799,Warehouse Issue,Medium,Inventory misplaced within storage area. Reported at Hyderabad facility during shift 1.,Resolved,Mumbai,inventory misplace within storage area report hyderabad facility shift
4800,Shipment Delay,Low,Delivery delayed due to traffic disruption. Reported at Pune facility during shift 2.,In Progress,Mumbai,delivery delay due traffic disruption report pune facility shift
4801,Transportation Failure,Medium,Vehicle maintenance issue halted delivery. Reported at Pune facility during shift 2.,Open,Pune,vehicle maintenance issue halt delivery report pune facility shift
4802,Shipment Delay,Low,Shipment delayed due to customs inspection. Reported at Delhi facility during shift 3.,Open,Mumbai,shipment delay due customs inspection report delhi facility shift
4803,Inventory Shortage,Low,Warehouse unable to fulfill requested quantity. Reported at Bengaluru facility during shift 1.,In Progress,Pune,warehouse unable fulfill request quantity report bengaluru facility shift
4804,Documentation Error,Medium,Missing certificate delayed shipment release. Reported at Ahmedabad facility during shift 3.,Open,Pune,miss certificate delay shipment release report ahmedabad facility shift
4805,Warehouse Issue,Medium,Space constraint affected storage operations. Reported at Ahmedabad facility during shift 1.,In Progress,Mumbai,space constraint affect storage operations report ahmedabad facility shift
4806,Warehouse Issue,Low,Warehouse management system outage reported. Reported at Chennai facility during shift 1.,In Progress,Ahmedabad,warehouse management system outage report report chennai facility shift
4807,Shipment Delay,Low,Mechanical failure delayed freight movement. Reported at Hyderabad facility during shift 1.,Resolved,Kolkata,mechanical failure delay freight movement report hyderabad facility shift
4808,Shipment Delay,Low,Container missed connecting vessel. Reported at Mumbai facility during shift 2.,Open,Pune,container miss connect vessel report mumbai facility shift
4809,Inventory Shortage,Medium,Demand exceeded available stock levels. Reported at Ahmedabad facility during shift 2.,Open,Ahmedabad,demand exceed available stock level report ahmedabad facility shift
4810,Warehouse Issue,Medium,Warehouse staffing shortage reported. Reported at Kolkata facility during shift 2.,Resolved,Kolkata,warehouse staff shortage report report kolkata facility shift
4811,Warehouse Issue,Low,Warehouse stock mismatch identified. Reported at Chennai facility during shift 2.,In Progress,Pune,warehouse stock mismatch identify report chennai facility shift
4812,Customs Issue,Medium,Trade compliance review delayed processing. Reported at Ahmedabad facility during shift 3.,Open,Mumbai,trade compliance review delay process report ahmedabad facility shift
4813,Customs Issue,Low,Shipment selected for random inspection. Reported at Ahmedabad facility during shift 1.,Open,Delhi,shipment select random inspection report ahmedabad facility shift
4814,Damaged Goods,High,Container impact damaged shipment contents. Reported at Kolkata facility during shift 3.,Resolved,Ahmedabad,container impact damage shipment content report kolkata facility shift
4815,Damaged Goods,Critical,Receiving inspection identified damaged goods. Reported at Ahmedabad facility during shift 2.,In Progress,Mumbai,receive inspection identify damage goods report ahmedabad facility shift
4816,Warehouse Issue,Low,Warehouse stock mismatch identified. Reported at Hyderabad facility during shift 3.,Resolved,Chennai,warehouse stock mismatch identify report hyderabad facility shift
4817,Documentation Error,High,Required compliance document missing. Reported at Ahmedabad facility during shift 3.,Open,Mumbai,require compliance document miss report ahmedabad facility shift
4818,Damaged Goods,High,Pallet collapse resulted in product damage. Reported at Chennai facility during shift 2.,Open,Ahmedabad,pallet collapse result product damage report chennai facility shift
4819,Shipment Delay,High,Last-mile delivery partner unavailable. Reported at Pune facility during shift 3.,In Progress,Ahmedabad,lastmile delivery partner unavailable report pune facility shift
4820,Transportation Failure,Low,Transportation network disruption reported. Reported at Mumbai facility during shift 1.,In Progress,Ahmedabad,transportation network disruption report report mumbai facility shift
4821,Transportation Failure,Low,Vehicle maintenance issue halted delivery. Reported at Ahmedabad facility during shift 2.,Resolved,Pune,vehicle maintenance issue halt delivery report ahmedabad facility shift
4822,Transportation Failure,Medium,Driver unavailable for scheduled route. Reported at Ahmedabad facility during shift 1.,In Progress,Delhi,driver unavailable schedule route report ahmedabad facility shift
4823,Inventory Shortage,Medium,Supplier delay created inventory gap. Reported at Bengaluru facility during shift 2.,In Progress,Chennai,supplier delay create inventory gap report bengaluru facility shift
4824,Warehouse Issue,Medium,Warehouse processing backlog reported. Reported at Chennai facility during shift 3.,Resolved,Kolkata,warehouse process backlog report report chennai facility shift
4825,Documentation Error,Medium,Manifest information incomplete. Reported at Pune facility during shift 3.,In Progress,Kolkata,manifest information incomplete report pune facility shift
4826,Customs Issue,High,Border security inspection caused delay. Reported at Delhi facility during shift 3.,In Progress,Mumbai,border security inspection cause delay report delhi facility shift
4827,Inventory Shortage,High,Backordered items unavailable for dispatch. Reported at Delhi facility during shift 2.,In Progress,Chennai,backordered items unavailable dispatch report delhi facility shift
4828,Documentation Error,High,Invoice value discrepancy identified. Reported at Ahmedabad facility during shift 2.,In Progress,Pune,invoice value discrepancy identify report ahmedabad facility shift
4829,Transportation Failure,Medium,Delivery vehicle breakdown reported. Reported at Bengaluru facility during shift 3.,In Progress,Delhi,delivery vehicle breakdown report report bengaluru facility shift
4830,Transportation Failure,Medium,Logistics partner experienced operational failure. Reported at Ahmedabad facility during shift 2.,Resolved,Ahmedabad,logistics partner experience operational failure report ahmedabad facility shift
4831,Shipment Delay,Critical,Shipment rerouted causing additional transit time. Reported at Mumbai facility during shift 1.,Open,Pune,shipment rerouted cause additional transit time report mumbai facility shift
4832,Shipment Delay,Low,Port congestion delayed shipment arrival. Reported at Kolkata facility during shift 1.,Open,Kolkata,port congestion delay shipment arrival report kolkata facility shift
4833,Documentation Error,Low,Shipping label generated with incorrect address. Reported at Delhi facility during shift 2.,Open,Bengaluru,ship label generate incorrect address report delhi facility shift
4834,Customs Issue,High,Shipment selected for random inspection. Reported at Bengaluru facility during shift 1.,Open,Bengaluru,shipment select random inspection report bengaluru facility shift
4835,Damaged Goods,High,Shipment contents damaged in transit. Reported at Kolkata facility during shift 1.,Resolved,Chennai,shipment content damage transit report kolkata facility shift
4836,Warehouse Issue,Critical,Warehouse staffing shortage reported. Reported at Kolkata facility during shift 3.,In Progress,Bengaluru,warehouse staff shortage report report kolkata facility shift
4837,Customs Issue,Medium,Country-specific restriction affected import. Reported at Chennai facility during shift 2.,Resolved,Delhi,countryspecific restriction affect import report chennai facility shift
4838,Inventory Shortage,High,Safety stock threshold breached. Reported at Ahmedabad facility during shift 3.,In Progress,Delhi,safety stock threshold breach report ahmedabad facility shift
4839,Documentation Error,Medium,Required compliance document missing. Reported at Mumbai facility during shift 1.,Open,Ahmedabad,require compliance document miss report mumbai facility shift
4840,Customs Issue,High,Trade compliance review delayed processing. Reported at Chennai facility during shift 1.,In Progress,Hyderabad,trade compliance review delay process report chennai facility shift
4841,Documentation Error,Medium,Shipping label generated with incorrect address. Reported at Pune facility during shift 2.,In Progress,Bengaluru,ship label generate incorrect address report pune facility shift
4842,Shipment Delay,Low,Truck breakdown caused delivery delay. Reported at Chennai facility during shift 2.,In Progress,Hyderabad,truck breakdown cause delivery delay report chennai facility shift
4843,Inventory Shortage,Low,Backordered items unavailable for dispatch. Reported at Chennai facility during shift 2.,In Progress,Kolkata,backordered items unavailable dispatch report chennai facility shift
4844,Warehouse Issue,Medium,Inventory allocation issue detected. Reported at Delhi facility during shift 2.,Open,Ahmedabad,inventory allocation issue detect report delhi facility shift
4845,Documentation Error,Medium,Manifest information incomplete. Reported at Kolkata facility during shift 3.,In Progress,Kolkata,manifest information incomplete report kolkata facility shift
4846,Shipment Delay,Low,Shipment rerouted causing additional transit time. Reported at Delhi facility during shift 1.,Resolved,Delhi,shipment rerouted cause additional transit time report delhi facility shift
4847,Inventory Shortage,Critical,Product unavailable due to inventory mismatch. Reported at Bengaluru facility during shift 1.,Open,Mumbai,product unavailable due inventory mismatch report bengaluru facility shift
4848,Documentation Error,Medium,Data entry error impacted shipment records. Reported at Pune facility during shift 3.,In Progress,Bengaluru,data entry error impact shipment record report pune facility shift
4849,Documentation Error,High,Invoice value discrepancy identified. Reported at Delhi facility during shift 3.,Resolved,Ahmedabad,invoice value discrepancy identify report delhi facility shift
4850,Inventory Shortage,High,Warehouse unable to fulfill requested quantity. Reported at Ahmedabad facility during shift 1.,Resolved,Mumbai,warehouse unable fulfill request quantity report ahmedabad facility shift
4851,Damaged Goods,Medium,Warehouse accident damaged stored inventory. Reported at Delhi facility during shift 2.,In Progress,Delhi,warehouse accident damage store inventory report delhi facility shift
4852,Documentation Error,Critical,Manifest information incomplete. Reported at Mumbai facility during shift 2.,Resolved,Kolkata,manifest information incomplete report mumbai facility shift
4853,Damaged Goods,Low,Shipment contents damaged in transit. Reported at Mumbai facility during shift 2.,Open,Delhi,shipment content damage transit report mumbai facility shift
4854,Documentation Error,Low,Labeling information did not match shipment. Reported at Chennai facility during shift 2.,In Progress,Mumbai,label information match shipment report chennai facility shift
4855,Customs Issue,Medium,Shipment held by customs authorities. Reported at Delhi facility during shift 3.,In Progress,Mumbai,shipment hold customs authorities report delhi facility shift
4856,Inventory Shortage,Low,Warehouse stock shortage detected. Reported at Delhi facility during shift 3.,Resolved,Chennai,warehouse stock shortage detect report delhi facility shift
4857,Shipment Delay,Low,Dispatch process delayed at origin facility. Reported at Ahmedabad facility during shift 2.,In Progress,Mumbai,dispatch process delay origin facility report ahmedabad facility shift
4858,Transportation Failure,Low,Vehicle maintenance issue halted delivery. Reported at Ahmedabad facility during shift 3.,Resolved,Mumbai,vehicle maintenance issue halt delivery report ahmedabad facility shift
4859,Shipment Delay,Medium,Holiday demand surge caused shipping delays. Reported at Hyderabad facility during shift 2.,In Progress,Pune,holiday demand surge cause ship delay report hyderabad facility shift
4860,Customs Issue,Medium,Regulatory approval pending clearance. Reported at Chennai facility during shift 1.,In Progress,Ahmedabad,regulatory approval pending clearance report chennai facility shift
4861,Damaged Goods,Low,Shipment contents damaged in transit. Reported at Delhi facility during shift 1.,Resolved,Kolkata,shipment content damage transit report delhi facility shift
4862,Shipment Delay,High,Last-mile delivery partner unavailable. Reported at Pune facility during shift 2.,Open,Bengaluru,lastmile delivery partner unavailable report pune facility shift
4863,Shipment Delay,Critical,Rail transport delay impacted delivery timeline. Reported at Pune facility during shift 3.,Open,Bengaluru,rail transport delay impact delivery timeline report pune facility shift
4864,Customs Issue,Medium,Shipment flagged for compliance audit. Reported at Bengaluru facility during shift 2.,Resolved,Chennai,shipment flag compliance audit report bengaluru facility shift
4865,Transportation Failure,Medium,Delivery vehicle breakdown reported. Reported at Mumbai facility during shift 2.,Resolved,Delhi,delivery vehicle breakdown report report mumbai facility shift
4866,Inventory Shortage,Low,Inventory replenishment delayed. Reported at Kolkata facility during shift 2.,Resolved,Pune,inventory replenishment delay report kolkata facility shift
4867,Documentation Error,Medium,Data entry error impacted shipment records. Reported at Mumbai facility during shift 3.,Open,Mumbai,data entry error impact shipment record report mumbai facility shift
4868,Damaged Goods,Medium,Package damaged during transportation. Reported at Mumbai facility during shift 3.,Resolved,Ahmedabad,package damage transportation report mumbai facility shift
4869,Customs Issue,Low,Import documentation under review. Reported at Chennai facility during shift 3.,Open,Delhi,import documentation review report chennai facility shift
4870,Shipment Delay,High,Truck breakdown caused delivery delay. Reported at Delhi facility during shift 3.,In Progress,Delhi,truck breakdown cause delivery delay report delhi facility shift
4871,Inventory Shortage,Medium,Demand exceeded available stock levels. Reported at Delhi facility during shift 3.,Open,Hyderabad,demand exceed available stock level report delhi facility shift
4872,Documentation Error,Medium,Missing certificate delayed shipment release. Reported at Bengaluru facility during shift 2.,Resolved,Delhi,miss certificate delay shipment release report bengaluru facility shift
4873,Documentation Error,Medium,Shipping label generated with incorrect address. Reported at Mumbai facility during shift 2.,Resolved,Pune,ship label generate incorrect address report mumbai facility shift
4874,Damaged Goods,Medium,Warehouse accident damaged stored inventory. Reported at Mumbai facility during shift 1.,Open,Ahmedabad,warehouse accident damage store inventory report mumbai facility shift
4875,Shipment Delay,Critical,Carrier scheduling issue caused shipment delay. Reported at Delhi facility during shift 1.,In Progress,Pune,carrier schedule issue cause shipment delay report delhi facility shift
4876,Warehouse Issue,Medium,Order consolidation process delayed shipment. Reported at Ahmedabad facility during shift 2.,Open,Hyderabad,order consolidation process delay shipment report ahmedabad facility shift
4877,Inventory Shortage,Medium,Stockout occurred at fulfillment center. Reported at Ahmedabad facility during shift 1.,Open,Kolkata,stockout occur fulfillment center report ahmedabad facility shift
4878,Inventory Shortage,Critical,Safety stock threshold breached. Reported at Mumbai facility during shift 3.,Open,Mumbai,safety stock threshold breach report mumbai facility shift
4879,Inventory Shortage,Medium,Stockout occurred at fulfillment center. Reported at Ahmedabad facility during shift 3.,Resolved,Kolkata,stockout occur fulfillment center report ahmedabad facility shift
4880,Customs Issue,Low,Shipment selected for random inspection. Reported at Ahmedabad facility during shift 2.,In Progress,Hyderabad,shipment select random inspection report ahmedabad facility shift
4881,Inventory Shortage,Medium,Raw material shortage impacted production. Reported at Hyderabad facility during shift 1.,In Progress,Hyderabad,raw material shortage impact production report hyderabad facility shift
4882,Documentation Error,Medium,Shipping label generated with incorrect address. Reported at Ahmedabad facility during shift 3.,Resolved,Kolkata,ship label generate incorrect address report ahmedabad facility shift
4883,Damaged Goods,Critical,Improper handling caused item breakage. Reported at Mumbai facility during shift 2.,Resolved,Hyderabad,improper handle cause item breakage report mumbai facility shift
4884,Inventory Shortage,Medium,Warehouse unable to fulfill requested quantity. Reported at Chennai facility during shift 1.,Resolved,Chennai,warehouse unable fulfill request quantity report chennai facility shift
4885,Warehouse Issue,Critical,Space constraint affected storage operations. Reported at Bengaluru facility during shift 2.,Resolved,Chennai,space constraint affect storage operations report bengaluru facility shift
4886,Customs Issue,Medium,Regulatory verification delayed release. Reported at Delhi facility during shift 2.,In Progress,Chennai,regulatory verification delay release report delhi facility shift
4887,Customs Issue,Low,Shipment held by customs authorities. Reported at Chennai facility during shift 3.,Resolved,Mumbai,shipment hold customs authorities report chennai facility shift
4888,Transportation Failure,Low,Equipment malfunction impacted transport operations. Reported at Pune facility during shift 2.,In Progress,Delhi,equipment malfunction impact transport operations report pune facility shift
4889,Damaged Goods,Medium,Receiving inspection identified damaged goods. Reported at Delhi facility during shift 2.,Resolved,Delhi,receive inspection identify damage goods report delhi facility shift
4890,Inventory Shortage,Low,Safety stock threshold breached. Reported at Hyderabad facility during shift 3.,Open,Bengaluru,safety stock threshold breach report hyderabad facility shift
4891,Transportation Failure,Medium,Third-party carrier cancelled shipment booking. Reported at Bengaluru facility during shift 1.,Open,Hyderabad,thirdparty carrier cancel shipment book report bengaluru facility shift
4892,Warehouse Issue,Medium,Dock congestion slowed warehouse throughput. Reported at Chennai facility during shift 1.,Open,Ahmedabad,dock congestion slow warehouse throughput report chennai facility shift
4893,Inventory Shortage,Low,Product unavailable due to inventory mismatch. Reported at Mumbai facility during shift 2.,Open,Kolkata,product unavailable due inventory mismatch report mumbai facility shift
4894,Damaged Goods,Medium,Receiving inspection identified damaged goods. Reported at Mumbai facility during shift 2.,In Progress,Kolkata,receive inspection identify damage goods report mumbai facility shift
4895,Documentation Error,Medium,Invoice value discrepancy identified. Reported at Chennai facility during shift 1.,Resolved,Hyderabad,invoice value discrepancy identify report chennai facility shift
4896,Inventory Shortage,Critical,Warehouse unable to fulfill requested quantity. Reported at Bengaluru facility during shift 1.,Resolved,Hyderabad,warehouse unable fulfill request quantity report bengaluru facility shift
4897,Transportation Failure,Low,Third-party carrier cancelled shipment booking. Reported at Hyderabad facility during shift 1.,Resolved,Bengaluru,thirdparty carrier cancel shipment book report hyderabad facility shift
4898,Warehouse Issue,Medium,Space constraint affected storage operations. Reported at Pune facility during shift 3.,In Progress,Ahmedabad,space constraint affect storage operations report pune facility shift
4899,Warehouse Issue,Low,Warehouse management system outage reported. Reported at Mumbai facility during shift 2.,Resolved,Chennai,warehouse management system outage report report mumbai facility shift
4900,Warehouse Issue,High,Storage location information incorrect. Reported at Delhi facility during shift 2.,Open,Hyderabad,storage location information incorrect report delhi facility shift
4901,Transportation Failure,Medium,Equipment malfunction impacted transport operations. Reported at Bengaluru facility during shift 2.,Open,Bengaluru,equipment malfunction impact transport operations report bengaluru facility shift
4902,Inventory Shortage,Low,Cycle count revealed stock deficiency. Reported at Chennai facility during shift 3.,Resolved,Chennai,cycle count reveal stock deficiency report chennai facility shift
4903,Transportation Failure,Low,Vehicle maintenance issue halted delivery. Reported at Ahmedabad facility during shift 2.,Resolved,Hyderabad,vehicle maintenance issue halt delivery report ahmedabad facility shift
4904,Damaged Goods,Medium,Goods arrived with visible damage. Reported at Ahmedabad facility during shift 3.,Resolved,Pune,goods arrive visible damage report ahmedabad facility shift
4905,Damaged Goods,Critical,Shipment contents damaged in transit. Reported at Chennai facility during shift 3.,Open,Bengaluru,shipment content damage transit report chennai facility shift
4906,Shipment Delay,Low,Delivery delayed due to traffic disruption. Reported at Ahmedabad facility during shift 3.,Resolved,Chennai,delivery delay due traffic disruption report ahmedabad facility shift
4907,Customs Issue,High,Tariff classification review in progress. Reported at Ahmedabad facility during shift 2.,In Progress,Bengaluru,tariff classification review progress report ahmedabad facility shift
4908,Documentation Error,Medium,Bill of lading information mismatch detected. Reported at Hyderabad facility during shift 1.,In Progress,Chennai,bill lade information mismatch detect report hyderabad facility shift
4909,Damaged Goods,High,Water exposure damaged packaged goods. Reported at Bengaluru facility during shift 3.,Resolved,Delhi,water exposure damage package goods report bengaluru facility shift
4910,Warehouse Issue,Medium,Put-away process delayed inventory availability. Reported at Pune facility during shift 1.,Resolved,Bengaluru,putaway process delay inventory availability report pune facility shift
4911,Damaged Goods,High,Improper handling caused item breakage. Reported at Bengaluru facility during shift 1.,Resolved,Mumbai,improper handle cause item breakage report bengaluru facility shift
4912,Inventory Shortage,Low,Demand exceeded available stock levels. Reported at Chennai facility during shift 2.,In Progress,Bengaluru,demand exceed available stock level report chennai facility shift
4913,Customs Issue,Low,Country-specific restriction affected import. Reported at Bengaluru facility during shift 1.,Open,Kolkata,countryspecific restriction affect import report bengaluru facility shift
4914,Damaged Goods,Low,Product packaging torn during loading. Reported at Delhi facility during shift 1.,In Progress,Hyderabad,product package tear load report delhi facility shift
4915,Shipment Delay,High,Shipment rerouted causing additional transit time. Reported at Pune facility during shift 1.,In Progress,Delhi,shipment rerouted cause additional transit time report pune facility shift
4916,Shipment Delay,Low,Unexpected weather conditions slowed transportation. Reported at Bengaluru facility during shift 2.,Open,Kolkata,unexpected weather condition slow transportation report bengaluru facility shift
4917,Shipment Delay,Medium,Port congestion delayed shipment arrival. Reported at Bengaluru facility during shift 1.,Open,Ahmedabad,port congestion delay shipment arrival report bengaluru facility shift
4918,Customs Issue,Medium,Customs clearance process delayed. Reported at Pune facility during shift 2.,In Progress,Chennai,customs clearance process delay report pune facility shift
4919,Warehouse Issue,Critical,Cycle count discrepancy identified. Reported at Hyderabad facility during shift 3.,Open,Hyderabad,cycle count discrepancy identify report hyderabad facility shift
4920,Inventory Shortage,Medium,Inventory replenishment delayed. Reported at Hyderabad facility during shift 2.,Open,Mumbai,inventory replenishment delay report hyderabad facility shift
4921,Documentation Error,High,Documentation approval pending correction. Reported at Delhi facility during shift 2.,Open,Delhi,documentation approval pending correction report delhi facility shift
4922,Damaged Goods,High,Forklift accident damaged inventory. Reported at Chennai facility during shift 2.,Open,Mumbai,forklift accident damage inventory report chennai facility shift
4923,Warehouse Issue,Medium,Warehouse processing backlog reported. Reported at Pune facility during shift 1.,Resolved,Bengaluru,warehouse process backlog report report pune facility shift
4924,Customs Issue,Critical,Regulatory approval pending clearance. Reported at Hyderabad facility during shift 3.,Open,Ahmedabad,regulatory approval pending clearance report hyderabad facility shift
4925,Shipment Delay,Medium,Container missed connecting vessel. Reported at Ahmedabad facility during shift 2.,Open,Kolkata,container miss connect vessel report ahmedabad facility shift
4926,Transportation Failure,Critical,Third-party carrier cancelled shipment booking. Reported at Bengaluru facility during shift 1.,Resolved,Delhi,thirdparty carrier cancel shipment book report bengaluru facility shift
4927,Damaged Goods,High,Pallet collapse resulted in product damage. Reported at Bengaluru facility during shift 1.,In Progress,Mumbai,pallet collapse result product damage report bengaluru facility shift
4928,Customs Issue,Medium,Tariff classification review in progress. Reported at Delhi facility during shift 1.,Resolved,Pune,tariff classification review progress report delhi facility shift
4929,Customs Issue,Low,Tariff classification review in progress. Reported at Bengaluru facility during shift 2.,Open,Ahmedabad,tariff classification review progress report bengaluru facility shift
4930,Transportation Failure,Low,Transport route disruption due to road closure. Reported at Pune facility during shift 1.,Open,Pune,transport route disruption due road closure report pune facility shift
4931,Documentation Error,High,Labeling information did not match shipment. Reported at Kolkata facility during shift 3.,Resolved,Kolkata,label information match shipment report kolkata facility shift
4932,Documentation Error,Medium,Export declaration contained errors. Reported at Ahmedabad facility during shift 1.,Resolved,Bengaluru,export declaration contain errors report ahmedabad facility shift
4933,Customs Issue,Low,Tariff classification review in progress. Reported at Chennai facility during shift 3.,Resolved,Chennai,tariff classification review progress report chennai facility shift
4934,Shipment Delay,High,Shipment delayed due to customs inspection. Reported at Mumbai facility during shift 2.,In Progress,Mumbai,shipment delay due customs inspection report mumbai facility shift
4935,Warehouse Issue,Low,Warehouse stock mismatch identified. Reported at Bengaluru facility during shift 3.,Resolved,Mumbai,warehouse stock mismatch identify report bengaluru facility shift
4936,Documentation Error,Low,Documentation approval pending correction. Reported at Bengaluru facility during shift 1.,In Progress,Mumbai,documentation approval pending correction report bengaluru facility shift
4937,Transportation Failure,Critical,Logistics partner experienced operational failure. Reported at Mumbai facility during shift 2.,In Progress,Pune,logistics partner experience operational failure report mumbai facility shift
4938,Shipment Delay,Critical,Cargo loading completed behind schedule. Reported at Pune facility during shift 2.,Open,Pune,cargo load complete behind schedule report pune facility shift
4939,Customs Issue,Critical,Shipment held by customs authorities. Reported at Kolkata facility during shift 2.,Resolved,Delhi,shipment hold customs authorities report kolkata facility shift
4940,Transportation Failure,Low,Fleet utilization exceeded available capacity. Reported at Delhi facility during shift 3.,In Progress,Delhi,fleet utilization exceed available capacity report delhi facility shift
4941,Customs Issue,High,Import permit approval pending. Reported at Delhi facility during shift 1.,Resolved,Mumbai,import permit approval pending report delhi facility shift
4942,Customs Issue,Low,Customs valuation dispute identified. Reported at Hyderabad facility during shift 2.,Open,Ahmedabad,customs valuation dispute identify report hyderabad facility shift
4943,Inventory Shortage,Low,Safety stock threshold breached. Reported at Kolkata facility during shift 2.,Resolved,Bengaluru,safety stock threshold breach report kolkata facility shift
4944,Customs Issue,Low,Regulatory approval pending clearance. Reported at Chennai facility during shift 3.,In Progress,Ahmedabad,regulatory approval pending clearance report chennai facility shift
4945,Documentation Error,Medium,Invoice value discrepancy identified. Reported at Pune facility during shift 1.,In Progress,Hyderabad,invoice value discrepancy identify report pune facility shift
4946,Documentation Error,Medium,Labeling information did not match shipment. Reported at Bengaluru facility during shift 2.,Open,Hyderabad,label information match shipment report bengaluru facility shift
4947,Transportation Failure,Low,Fleet utilization exceeded available capacity. Reported at Hyderabad facility during shift 3.,In Progress,Kolkata,fleet utilization exceed available capacity report hyderabad facility shift
4948,Documentation Error,Medium,Labeling information did not match shipment. Reported at Kolkata facility during shift 2.,Resolved,Pune,label information match shipment report kolkata facility shift
4949,Warehouse Issue,Medium,Warehouse management system outage reported. Reported at Mumbai facility during shift 1.,In Progress,Kolkata,warehouse management system outage report report mumbai facility shift
4950,Shipment Delay,Low,Container missed connecting vessel. Reported at Pune facility during shift 2.,In Progress,Bengaluru,container miss connect vessel report pune facility shift
4951,Warehouse Issue,Medium,Picking error occurred in warehouse. Reported at Chennai facility during shift 3.,Open,Delhi,pick error occur warehouse report chennai facility shift
4952,Shipment Delay,Medium,Dispatch process delayed at origin facility. Reported at Chennai facility during shift 1.,In Progress,Kolkata,dispatch process delay origin facility report chennai facility shift
4953,Damaged Goods,High,Warehouse accident damaged stored inventory. Reported at Bengaluru facility during shift 1.,Resolved,Ahmedabad,warehouse accident damage store inventory report bengaluru facility shift
4954,Transportation Failure,Medium,Third-party carrier cancelled shipment booking. Reported at Bengaluru facility during shift 1.,Open,Kolkata,thirdparty carrier cancel shipment book report bengaluru facility shift
4955,Transportation Failure,Medium,Equipment malfunction impacted transport operations. Reported at Ahmedabad facility during shift 1.,Open,Kolkata,equipment malfunction impact transport operations report ahmedabad facility shift
4956,Shipment Delay,Medium,Container missed connecting vessel. Reported at Hyderabad facility during shift 3.,Open,Chennai,container miss connect vessel report hyderabad facility shift
4957,Warehouse Issue,Medium,Picking error occurred in warehouse. Reported at Delhi facility during shift 2.,Open,Pune,pick error occur warehouse report delhi facility shift
4958,Warehouse Issue,Low,Inventory allocation issue detected. Reported at Pune facility during shift 2.,Open,Pune,inventory allocation issue detect report pune facility shift
4959,Damaged Goods,Critical,Container impact damaged shipment contents. Reported at Chennai facility during shift 3.,Resolved,Chennai,container impact damage shipment content report chennai facility shift
4960,Customs Issue,High,Border security inspection caused delay. Reported at Bengaluru facility during shift 3.,In Progress,Ahmedabad,border security inspection cause delay report bengaluru facility shift
4961,Inventory Shortage,Medium,Backordered items unavailable for dispatch. Reported at Ahmedabad facility during shift 1.,Open,Kolkata,backordered items unavailable dispatch report ahmedabad facility shift
4962,Inventory Shortage,Low,Warehouse stock shortage detected. Reported at Bengaluru facility during shift 2.,Open,Chennai,warehouse stock shortage detect report bengaluru facility shift
4963,Shipment Delay,Low,Shipment delayed due to customs inspection. Reported at Mumbai facility during shift 2.,Open,Hyderabad,shipment delay due customs inspection report mumbai facility shift
4964,Documentation Error,Medium,Shipping label generated with incorrect address. Reported at Bengaluru facility during shift 1.,Resolved,Hyderabad,ship label generate incorrect address report bengaluru facility shift
4965,Shipment Delay,Critical,Last-mile delivery partner unavailable. Reported at Kolkata facility during shift 2.,In Progress,Kolkata,lastmile delivery partner unavailable report kolkata facility shift
4966,Inventory Shortage,Low,Backordered items unavailable for dispatch. Reported at Ahmedabad facility during shift 3.,Open,Kolkata,backordered items unavailable dispatch report ahmedabad facility shift
4967,Inventory Shortage,Medium,Inventory replenishment delayed. Reported at Pune facility during shift 1.,In Progress,Kolkata,inventory replenishment delay report pune facility shift
4968,Shipment Delay,Low,Shipment delayed due to customs inspection. Reported at Delhi facility during shift 1.,Open,Bengaluru,shipment delay due customs inspection report delhi facility shift
4969,Damaged Goods,High,Package damaged during transportation. Reported at Pune facility during shift 2.,In Progress,Mumbai,package damage transportation report pune facility shift
4970,Inventory Shortage,Medium,Safety stock threshold breached. Reported at Mumbai facility during shift 3.,Resolved,Chennai,safety stock threshold breach report mumbai facility shift
4971,Warehouse Issue,High,Inventory allocation issue detected. Reported at Mumbai facility during shift 3.,Open,Chennai,inventory allocation issue detect report mumbai facility shift
4972,Damaged Goods,Medium,Product packaging torn during loading. Reported at Kolkata facility during shift 2.,Resolved,Mumbai,product package tear load report kolkata facility shift
4973,Warehouse Issue,Low,Storage location information incorrect. Reported at Bengaluru facility during shift 3.,Resolved,Hyderabad,storage location information incorrect report bengaluru facility shift
4974,Warehouse Issue,Medium,Inventory allocation issue detected. Reported at Ahmedabad facility during shift 3.,Resolved,Kolkata,inventory allocation issue detect report ahmedabad facility shift
4975,Warehouse Issue,Medium,Warehouse processing backlog reported. Reported at Kolkata facility during shift 1.,In Progress,Kolkata,warehouse process backlog report report kolkata facility shift
4976,Documentation Error,Medium,Incorrect consignee information provided. Reported at Hyderabad facility during shift 2.,Open,Delhi,incorrect consignee information provide report hyderabad facility shift
4977,Inventory Shortage,Medium,Unexpected order spike exhausted stock. Reported at Hyderabad facility during shift 3.,In Progress,Kolkata,unexpected order spike exhaust stock report hyderabad facility shift
4978,Inventory Shortage,High,Procurement delay affected inventory availability. Reported at Mumbai facility during shift 1.,Open,Ahmedabad,procurement delay affect inventory availability report mumbai facility shift
4979,Shipment Delay,Low,Carrier scheduling issue caused shipment delay. Reported at Pune facility during shift 1.,Open,Mumbai,carrier schedule issue cause shipment delay report pune facility shift
4980,Documentation Error,Medium,Incorrect shipping documentation submitted. Reported at Delhi facility during shift 2.,Resolved,Mumbai,incorrect ship documentation submit report delhi facility shift
4981,Damaged Goods,High,Warehouse accident damaged stored inventory. Reported at Mumbai facility during shift 3.,Resolved,Kolkata,warehouse accident damage store inventory report mumbai facility shift
4982,Shipment Delay,Low,Delivery delayed due to traffic disruption. Reported at Mumbai facility during shift 1.,Open,Mumbai,delivery delay due traffic disruption report mumbai facility shift
4983,Warehouse Issue,Medium,Picking error occurred in warehouse. Reported at Delhi facility during shift 3.,In Progress,Delhi,pick error occur warehouse report delhi facility shift
4984,Damaged Goods,Medium,Packaging failure led to damaged products. Reported at Ahmedabad facility during shift 2.,Resolved,Bengaluru,package failure lead damage products report ahmedabad facility shift
4985,Damaged Goods,Low,Product packaging torn during loading. Reported at Chennai facility during shift 1.,In Progress,Mumbai,product package tear load report chennai facility shift
4986,Inventory Shortage,Low,Unexpected order spike exhausted stock. Reported at Mumbai facility during shift 3.,Resolved,Mumbai,unexpected order spike exhaust stock report mumbai facility shift
4987,Damaged Goods,Medium,Package damaged during transportation. Reported at Pune facility during shift 1.,Open,Delhi,package damage transportation report pune facility shift
4988,Damaged Goods,High,Fragile goods mishandled during unloading. Reported at Mumbai facility during shift 2.,Resolved,Chennai,fragile goods mishandle unload report mumbai facility shift
4989,Damaged Goods,Medium,Shipment contents damaged in transit. Reported at Ahmedabad facility during shift 1.,In Progress,Chennai,shipment content damage transit report ahmedabad facility shift
4990,Documentation Error,High,Data entry error impacted shipment records. Reported at Hyderabad facility during shift 1.,In Progress,Ahmedabad,data entry error impact shipment record report hyderabad facility shift
4991,Shipment Delay,Low,Carrier scheduling issue caused shipment delay. Reported at Ahmedabad facility during shift 3.,Open,Bengaluru,carrier schedule issue cause shipment delay report ahmedabad facility shift
4992,Shipment Delay,Low,Carrier scheduling issue caused shipment delay. Reported at Pune facility during shift 2.,In Progress,Delhi,carrier schedule issue cause shipment delay report pune facility shift
4993,Warehouse Issue,Medium,Storage location information incorrect. Reported at Ahmedabad facility during shift 2.,In Progress,Hyderabad,storage location information incorrect report ahmedabad facility shift
4994,Warehouse Issue,Low,Warehouse stock mismatch identified. Reported at Ahmedabad facility during shift 3.,Open,Bengaluru,warehouse stock mismatch identify report ahmedabad facility shift
4995,Warehouse Issue,Low,Order consolidation process delayed shipment. Reported at Ahmedabad facility during shift 2.,Resolved,Ahmedabad,order consolidation process delay shipment report ahmedabad facility shift
4996,Shipment Delay,Medium,Rail transport delay impacted delivery timeline. Reported at Bengaluru facility during shift 1.,Resolved,Bengaluru,rail transport delay impact delivery timeline report bengaluru facility shift
4997,Transportation Failure,Low,Equipment malfunction impacted transport operations. Reported at Hyderabad facility during shift 1.,Resolved,Kolkata,equipment malfunction impact transport operations report hyderabad facility shift
4998,Damaged Goods,Low,Product packaging torn during loading. Reported at Chennai facility during shift 2.,Open,Kolkata,product package tear load report chennai facility shift
4999,Warehouse Issue,Low,Space constraint affected storage operations. Reported at Ahmedabad facility during shift 2.,Open,Chennai,space constraint affect storage operations report ahmedabad facility shift
5000,Damaged Goods,Low,Improper handling caused item breakage. Reported at Kolkata facility during shift 1.,Open,Mumbai,improper handle cause item breakage report kolkata facility shift
