incident_id,incident_category,severity,incident_description,resolution_status,location
1,Customs Issue,Low,Customs clearance process delayed. Reported at Chennai facility during shift 3.,Open,Delhi
2,Customs Issue,Medium,Customs clearance process delayed. Reported at Mumbai facility during shift 3.,Open,Mumbai
3,Inventory Shortage,Low,Demand exceeded available stock levels. Reported at Chennai facility during shift 3.,Resolved,Kolkata
4,Inventory Shortage,High,Inventory forecast underestimated demand. Reported at Hyderabad facility during shift 1.,Open,Kolkata
5,Damaged Goods,Critical,Shipment contents damaged in transit. Reported at Delhi facility during shift 1.,In Progress,Mumbai
6,Shipment Delay,High,Delivery delayed due to traffic disruption. Reported at Mumbai facility during shift 2.,Resolved,Hyderabad
7,Warehouse Issue,Low,Warehouse stock mismatch identified. Reported at Ahmedabad facility during shift 3.,In Progress,Mumbai
8,Documentation Error,Low,Required compliance document missing. Reported at Pune facility during shift 3.,Open,Chennai
9,Customs Issue,High,Border inspection extended shipment hold. Reported at Hyderabad facility during shift 1.,Open,Kolkata
10,Damaged Goods,Medium,Improper handling caused item breakage. Reported at Pune facility during shift 1.,Open,Hyderabad
11,Customs Issue,Medium,Country-specific restriction affected import. Reported at Mumbai facility during shift 3.,Resolved,Bengaluru
12,Inventory Shortage,Critical,Inventory forecast underestimated demand. Reported at Kolkata facility during shift 2.,Resolved,Bengaluru
13,Customs Issue,High,Customs requested additional documentation. Reported at Chennai facility during shift 1.,In Progress,Kolkata
14,Damaged Goods,High,Product packaging torn during loading. Reported at Bengaluru facility during shift 3.,In Progress,Bengaluru
15,Customs Issue,Medium,Import permit approval pending. Reported at Kolkata facility during shift 3.,In Progress,Delhi
16,Inventory Shortage,Medium,Procurement delay affected inventory availability. Reported at Hyderabad facility during shift 3.,Resolved,Kolkata
17,Damaged Goods,Medium,Forklift accident damaged inventory. Reported at Delhi facility during shift 3.,Open,Mumbai
18,Inventory Shortage,Medium,Raw material shortage impacted production. Reported at Delhi facility during shift 3.,Open,Kolkata
19,Transportation Failure,Low,Route planning error delayed movement. Reported at Ahmedabad facility during shift 3.,Resolved,Chennai
20,Customs Issue,High,Regulatory approval pending clearance. Reported at Mumbai facility during shift 3.,In Progress,Pune
21,Shipment Delay,Medium,Carrier scheduling issue caused shipment delay. Reported at Kolkata facility during shift 1.,Resolved,Hyderabad
22,Documentation Error,Critical,Invoice value discrepancy identified. Reported at Delhi facility during shift 3.,Resolved,Hyderabad
23,Warehouse Issue,Medium,Dock congestion slowed warehouse throughput. Reported at Bengaluru facility during shift 1.,Open,Chennai
24,Documentation Error,Low,Incorrect consignee information provided. Reported at Ahmedabad facility during shift 1.,In Progress,Hyderabad
25,Inventory Shortage,Critical,Warehouse stock shortage detected. Reported at Bengaluru facility during shift 3.,Open,Ahmedabad
26,Warehouse Issue,Medium,Picking error occurred in warehouse. Reported at Delhi facility during shift 1.,Resolved,Delhi
27,Damaged Goods,Critical,Temperature excursion affected product quality. Reported at Kolkata facility during shift 1.,Resolved,Bengaluru
28,Customs Issue,Medium,Regulatory verification delayed release. Reported at Kolkata facility during shift 3.,In Progress,Ahmedabad
29,Shipment Delay,Medium,Unexpected weather conditions slowed transportation. Reported at Bengaluru facility during shift 1.,Resolved,Bengaluru
30,Documentation Error,High,Bill of lading information mismatch detected. Reported at Chennai facility during shift 1.,Open,Bengaluru
31,Shipment Delay,Low,Mechanical failure delayed freight movement. Reported at Chennai facility during shift 2.,Open,Hyderabad
32,Customs Issue,Low,Import permit approval pending. Reported at Bengaluru facility during shift 3.,Resolved,Ahmedabad
33,Inventory Shortage,Low,Unexpected order spike exhausted stock. Reported at Ahmedabad facility during shift 2.,Open,Kolkata
34,Damaged Goods,High,Pallet collapse resulted in product damage. Reported at Kolkata facility during shift 2.,Open,Mumbai
35,Shipment Delay,Low,Delivery delayed due to traffic disruption. Reported at Pune facility during shift 1.,Open,Ahmedabad
36,Inventory Shortage,Medium,Supplier delay created inventory gap. Reported at Delhi facility during shift 2.,Open,Ahmedabad
37,Warehouse Issue,Medium,Warehouse staffing shortage reported. Reported at Mumbai facility during shift 1.,Resolved,Chennai
38,Shipment Delay,Medium,Mechanical failure delayed freight movement. Reported at Bengaluru facility during shift 1.,In Progress,Bengaluru
39,Warehouse Issue,Medium,Order picking queue exceeded capacity. Reported at Chennai facility during shift 1.,In Progress,Hyderabad
40,Warehouse Issue,Medium,Space constraint affected storage operations. Reported at Ahmedabad facility during shift 2.,Resolved,Ahmedabad
41,Inventory Shortage,Critical,Demand exceeded available stock levels. Reported at Hyderabad facility during shift 1.,Resolved,Chennai
42,Customs Issue,Medium,Customs requested additional documentation. Reported at Chennai facility during shift 1.,Resolved,Delhi
43,Shipment Delay,Low,Cargo loading completed behind schedule. Reported at Mumbai facility during shift 1.,Open,Bengaluru
44,Transportation Failure,Medium,Transport route disruption due to road closure. Reported at Bengaluru facility during shift 3.,Resolved,Mumbai
45,Transportation Failure,Low,Accident blocked scheduled delivery route. Reported at Pune facility during shift 2.,Resolved,Pune
46,Inventory Shortage,Medium,Stockout occurred at fulfillment center. Reported at Kolkata facility during shift 1.,In Progress,Ahmedabad
47,Damaged Goods,Medium,Receiving inspection identified damaged goods. Reported at Mumbai facility during shift 1.,Resolved,Mumbai
48,Shipment Delay,Low,Cargo loading completed behind schedule. Reported at Bengaluru facility during shift 3.,In Progress,Mumbai
49,Inventory Shortage,Medium,Safety stock threshold breached. Reported at Hyderabad facility during shift 1.,Resolved,Hyderabad
50,Documentation Error,High,Invoice value discrepancy identified. Reported at Chennai facility during shift 3.,In Progress,Mumbai
51,Inventory Shortage,High,Stockout occurred at fulfillment center. Reported at Mumbai facility during shift 1.,Open,Hyderabad
52,Damaged Goods,Medium,Container impact damaged shipment contents. Reported at Bengaluru facility during shift 3.,Resolved,Hyderabad
53,Documentation Error,Low,Export declaration contained errors. Reported at Hyderabad facility during shift 1.,In Progress,Hyderabad
54,Shipment Delay,Medium,Shipment delayed due to customs inspection. Reported at Pune facility during shift 1.,In Progress,Delhi
55,Customs Issue,Low,Import permit approval pending. Reported at Kolkata facility during shift 3.,Open,Delhi
56,Documentation Error,Medium,Incorrect shipping documentation submitted. Reported at Pune facility during shift 3.,In Progress,Delhi
57,Shipment Delay,High,Carrier scheduling issue caused shipment delay. Reported at Pune facility during shift 1.,Open,Bengaluru
58,Customs Issue,High,Customs clearance process delayed. Reported at Pune facility during shift 3.,In Progress,Delhi
59,Inventory Shortage,High,Inventory reservation conflict identified. Reported at Delhi facility during shift 1.,Open,Delhi
60,Customs Issue,High,Country-specific restriction affected import. Reported at Pune facility during shift 2.,Resolved,Bengaluru
61,Damaged Goods,High,Goods arrived with visible damage. Reported at Mumbai facility during shift 2.,In Progress,Bengaluru
62,Inventory Shortage,Medium,Inventory reservation conflict identified. Reported at Ahmedabad facility during shift 2.,Open,Bengaluru
63,Shipment Delay,Medium,Shipment rerouted causing additional transit time. Reported at Bengaluru facility during shift 2.,Open,Hyderabad
64,Damaged Goods,Critical,Fragile goods mishandled during unloading. Reported at Kolkata facility during shift 3.,Resolved,Pune
65,Shipment Delay,Medium,Truck breakdown caused delivery delay. Reported at Hyderabad facility during shift 1.,In Progress,Chennai
66,Shipment Delay,High,Rail transport delay impacted delivery timeline. Reported at Kolkata facility during shift 2.,In Progress,Kolkata
67,Documentation Error,High,Labeling information did not match shipment. Reported at Mumbai facility during shift 2.,Open,Hyderabad
68,Shipment Delay,Medium,Dispatch process delayed at origin facility. Reported at Kolkata facility during shift 1.,Resolved,Bengaluru
69,Damaged Goods,Critical,Pallet collapse resulted in product damage. Reported at Mumbai facility during shift 3.,Resolved,Pune
70,Customs Issue,Critical,Trade compliance review delayed processing. Reported at Mumbai facility during shift 3.,Resolved,Hyderabad
71,Customs Issue,Medium,Tariff classification review in progress. Reported at Pune facility during shift 2.,Resolved,Delhi
72,Inventory Shortage,High,Supplier delay created inventory gap. Reported at Kolkata facility during shift 3.,Open,Hyderabad
73,Transportation Failure,Low,Transportation vendor system outage reported. Reported at Chennai facility during shift 2.,In Progress,Pune
74,Transportation Failure,Low,Fleet utilization exceeded available capacity. Reported at Ahmedabad facility during shift 3.,In Progress,Delhi
75,Customs Issue,Medium,Customs clearance process delayed. Reported at Hyderabad facility during shift 3.,Resolved,Pune
76,Shipment Delay,Medium,Holiday demand surge caused shipping delays. Reported at Bengaluru facility during shift 3.,Open,Delhi
77,Shipment Delay,Medium,Shipment delayed due to customs inspection. Reported at Bengaluru facility during shift 2.,Open,Ahmedabad
78,Transportation Failure,Medium,Trailer availability issue delayed dispatch. Reported at Bengaluru facility during shift 3.,In Progress,Kolkata
79,Inventory Shortage,High,Inventory replenishment delayed. Reported at Chennai facility during shift 1.,Open,Delhi
80,Warehouse Issue,Medium,Put-away process delayed inventory availability. Reported at Ahmedabad facility during shift 1.,Open,Ahmedabad
81,Inventory Shortage,Medium,Unexpected order spike exhausted stock. Reported at Ahmedabad facility during shift 3.,Resolved,Pune
82,Warehouse Issue,High,Order consolidation process delayed shipment. Reported at Ahmedabad facility during shift 3.,Resolved,Kolkata
83,Warehouse Issue,High,Order consolidation process delayed shipment. Reported at Ahmedabad facility during shift 1.,In Progress,Ahmedabad
84,Damaged Goods,Low,Warehouse accident damaged stored inventory. Reported at Bengaluru facility during shift 3.,Resolved,Ahmedabad
85,Customs Issue,Low,Border inspection extended shipment hold. Reported at Hyderabad facility during shift 2.,In Progress,Bengaluru
86,Damaged Goods,Low,Water exposure damaged packaged goods. Reported at Pune facility during shift 3.,Open,Bengaluru
87,Transportation Failure,Low,Equipment malfunction impacted transport operations. Reported at Delhi facility during shift 3.,In Progress,Kolkata
88,Damaged Goods,Low,Temperature excursion affected product quality. Reported at Ahmedabad facility during shift 2.,In Progress,Kolkata
89,Warehouse Issue,Medium,Cycle count discrepancy identified. Reported at Chennai facility during shift 3.,Open,Pune
90,Damaged Goods,Medium,Warehouse accident damaged stored inventory. Reported at Kolkata facility during shift 2.,Resolved,Bengaluru
91,Transportation Failure,Medium,Logistics partner experienced operational failure. Reported at Hyderabad facility during shift 2.,In Progress,Pune
92,Customs Issue,Low,Customs valuation dispute identified. Reported at Kolkata facility during shift 3.,In Progress,Delhi
93,Documentation Error,Medium,Labeling information did not match shipment. Reported at Chennai facility during shift 2.,Resolved,Chennai
94,Shipment Delay,High,Shipment rerouted causing additional transit time. Reported at Kolkata facility during shift 1.,Open,Chennai
95,Damaged Goods,Medium,Pallet collapse resulted in product damage. Reported at Pune facility during shift 1.,In Progress,Kolkata
96,Damaged Goods,High,Warehouse accident damaged stored inventory. Reported at Kolkata facility during shift 2.,In Progress,Chennai
97,Customs Issue,Low,Shipment flagged for compliance audit. Reported at Chennai facility during shift 2.,Open,Chennai
98,Warehouse Issue,High,Warehouse stock mismatch identified. Reported at Bengaluru facility during shift 1.,Resolved,Delhi
99,Inventory Shortage,Low,Inventory replenishment delayed. Reported at Ahmedabad facility during shift 3.,Open,Ahmedabad
100,Customs Issue,Medium,Regulatory verification delayed release. Reported at Pune facility during shift 1.,Resolved,Mumbai
101,Warehouse Issue,Low,Warehouse staffing shortage reported. Reported at Delhi facility during shift 2.,Open,Hyderabad
102,Documentation Error,Critical,Missing certificate delayed shipment release. Reported at Kolkata facility during shift 2.,Open,Mumbai
103,Documentation Error,Medium,Data entry error impacted shipment records. Reported at Bengaluru facility during shift 1.,In Progress,Mumbai
104,Warehouse Issue,Medium,Cycle count discrepancy identified. Reported at Chennai facility during shift 2.,Resolved,Pune
105,Shipment Delay,High,Cargo loading completed behind schedule. Reported at Pune facility during shift 1.,In Progress,Mumbai
106,Transportation Failure,Low,Driver unavailable for scheduled route. Reported at Ahmedabad facility during shift 3.,Open,Hyderabad
107,Documentation Error,Medium,Invoice value discrepancy identified. Reported at Ahmedabad facility during shift 2.,Resolved,Hyderabad
108,Damaged Goods,Low,Transit vibration caused product defects. Reported at Bengaluru facility during shift 1.,In Progress,Bengaluru
109,Warehouse Issue,Low,Warehouse management system outage reported. Reported at Kolkata facility during shift 2.,In Progress,Delhi
110,Transportation Failure,Medium,Logistics partner experienced operational failure. Reported at Pune facility during shift 2.,Resolved,Hyderabad
111,Documentation Error,Low,Incorrect shipping documentation submitted. Reported at Bengaluru facility during shift 1.,In Progress,Ahmedabad
112,Documentation Error,Medium,Invoice value discrepancy identified. Reported at Bengaluru facility during shift 3.,Resolved,Ahmedabad
113,Transportation Failure,Low,Third-party carrier cancelled shipment booking. Reported at Chennai facility during shift 1.,In Progress,Bengaluru
114,Damaged Goods,Medium,Fragile goods mishandled during unloading. Reported at Pune facility during shift 2.,In Progress,Kolkata
115,Customs Issue,High,Shipment flagged for compliance audit. Reported at Pune facility during shift 2.,In Progress,Hyderabad
116,Damaged Goods,Low,Forklift accident damaged inventory. Reported at Mumbai facility during shift 3.,Open,Delhi
117,Inventory Shortage,High,Demand exceeded available stock levels. Reported at Ahmedabad facility during shift 2.,Resolved,Hyderabad
118,Shipment Delay,Low,Holiday demand surge caused shipping delays. Reported at Bengaluru facility during shift 2.,Open,Hyderabad
119,Shipment Delay,Low,Dispatch process delayed at origin facility. Reported at Delhi facility during shift 2.,Open,Hyderabad
120,Customs Issue,High,Import documentation under review. Reported at Ahmedabad facility during shift 1.,Resolved,Hyderabad
121,Transportation Failure,Low,Fleet utilization exceeded available capacity. Reported at Ahmedabad facility during shift 2.,Open,Hyderabad
122,Warehouse Issue,Medium,Warehouse management system outage reported. Reported at Mumbai facility during shift 1.,Open,Chennai
123,Inventory Shortage,Critical,Inventory replenishment delayed. Reported at Hyderabad facility during shift 1.,Open,Kolkata
124,Documentation Error,Medium,Documentation approval pending correction. Reported at Bengaluru facility during shift 3.,In Progress,Hyderabad
125,Warehouse Issue,Medium,Cycle count discrepancy identified. Reported at Kolkata facility during shift 2.,Open,Mumbai
126,Warehouse Issue,Medium,Warehouse processing backlog reported. Reported at Bengaluru facility during shift 2.,Open,Bengaluru
127,Inventory Shortage,Low,Backordered items unavailable for dispatch. Reported at Mumbai facility during shift 1.,In Progress,Ahmedabad
128,Damaged Goods,High,Package damaged during transportation. Reported at Bengaluru facility during shift 2.,Resolved,Ahmedabad
129,Shipment Delay,High,Shipment rerouted causing additional transit time. Reported at Bengaluru facility during shift 2.,Resolved,Bengaluru
130,Transportation Failure,Low,Transport route disruption due to road closure. Reported at Bengaluru facility during shift 3.,In Progress,Delhi
131,Shipment Delay,Medium,Shipment delayed due to customs inspection. Reported at Delhi facility during shift 2.,Resolved,Hyderabad
132,Transportation Failure,Medium,Transport route disruption due to road closure. Reported at Ahmedabad facility during shift 3.,In Progress,Hyderabad
133,Documentation Error,Low,Labeling information did not match shipment. Reported at Ahmedabad facility during shift 2.,Open,Kolkata
134,Customs Issue,Low,Customs requested additional documentation. Reported at Hyderabad facility during shift 1.,Resolved,Chennai
135,Warehouse Issue,Low,Dock congestion slowed warehouse throughput. Reported at Hyderabad facility during shift 3.,Open,Ahmedabad
136,Documentation Error,Low,Missing certificate delayed shipment release. Reported at Ahmedabad facility during shift 2.,Resolved,Kolkata
137,Customs Issue,Medium,Trade compliance review delayed processing. Reported at Ahmedabad facility during shift 1.,In Progress,Pune
138,Damaged Goods,Medium,Fragile goods mishandled during unloading. Reported at Mumbai facility during shift 1.,Resolved,Ahmedabad
139,Damaged Goods,Low,Fragile goods mishandled during unloading. Reported at Kolkata facility during shift 3.,Open,Pune
140,Damaged Goods,High,Water exposure damaged packaged goods. Reported at Mumbai facility during shift 2.,Open,Ahmedabad
141,Transportation Failure,Medium,Delivery vehicle breakdown reported. Reported at Bengaluru facility during shift 3.,In Progress,Ahmedabad
142,Warehouse Issue,Medium,Warehouse stock mismatch identified. Reported at Bengaluru facility during shift 2.,In Progress,Ahmedabad
143,Customs Issue,Critical,Import permit approval pending. Reported at Mumbai facility during shift 1.,Resolved,Bengaluru
144,Customs Issue,Low,Import documentation under review. Reported at Hyderabad facility during shift 3.,In Progress,Mumbai
145,Inventory Shortage,Critical,Inventory reservation conflict identified. Reported at Mumbai facility during shift 2.,Resolved,Delhi
146,Transportation Failure,High,Trailer availability issue delayed dispatch. Reported at Hyderabad facility during shift 3.,In Progress,Ahmedabad
147,Transportation Failure,Low,Logistics partner experienced operational failure. Reported at Ahmedabad facility during shift 3.,Open,Delhi
148,Warehouse Issue,Medium,Picking error occurred in warehouse. Reported at Hyderabad facility during shift 2.,Resolved,Hyderabad
149,Warehouse Issue,Low,Warehouse stock mismatch identified. Reported at Hyderabad facility during shift 3.,Resolved,Ahmedabad
150,Warehouse Issue,Medium,Storage location information incorrect. Reported at Ahmedabad facility during shift 3.,In Progress,Kolkata
151,Transportation Failure,Critical,Trailer availability issue delayed dispatch. Reported at Pune facility during shift 1.,Open,Kolkata
152,Inventory Shortage,Medium,Inventory reservation conflict identified. Reported at Kolkata facility during shift 1.,In Progress,Kolkata
153,Transportation Failure,Critical,Accident blocked scheduled delivery route. Reported at Delhi facility during shift 2.,Open,Pune
154,Warehouse Issue,Medium,Picking error occurred in warehouse. Reported at Ahmedabad facility during shift 1.,In Progress,Chennai
155,Customs Issue,Critical,Import documentation under review. Reported at Kolkata facility during shift 3.,Open,Ahmedabad
156,Warehouse Issue,Medium,Inventory allocation issue detected. Reported at Pune facility during shift 3.,Resolved,Mumbai
157,Warehouse Issue,Medium,Receiving delay impacted warehouse operations. Reported at Kolkata facility during shift 2.,In Progress,Chennai
158,Documentation Error,Medium,Missing invoice delayed processing. Reported at Bengaluru facility during shift 3.,In Progress,Bengaluru
159,Customs Issue,High,Customs clearance process delayed. Reported at Kolkata facility during shift 1.,Resolved,Mumbai
160,Transportation Failure,Low,Carrier failed to pick up shipment. Reported at Hyderabad facility during shift 1.,Open,Hyderabad
161,Damaged Goods,Low,Water exposure damaged packaged goods. Reported at Kolkata facility during shift 1.,In Progress,Delhi
162,Inventory Shortage,High,Inventory replenishment delayed. Reported at Mumbai facility during shift 3.,Resolved,Bengaluru
163,Transportation Failure,Medium,Trailer availability issue delayed dispatch. Reported at Delhi facility during shift 1.,In Progress,Ahmedabad
164,Damaged Goods,Critical,Fragile goods mishandled during unloading. Reported at Chennai facility during shift 2.,Resolved,Delhi
165,Shipment Delay,Low,Last-mile delivery partner unavailable. Reported at Pune facility during shift 3.,In Progress,Hyderabad
166,Transportation Failure,Critical,Transportation network disruption reported. Reported at Hyderabad facility during shift 1.,In Progress,Mumbai
167,Inventory Shortage,Low,Supplier delay created inventory gap. Reported at Pune facility during shift 3.,Resolved,Hyderabad
168,Shipment Delay,Low,Holiday demand surge caused shipping delays. Reported at Kolkata facility during shift 2.,Resolved,Chennai
169,Documentation Error,High,Data entry error impacted shipment records. Reported at Ahmedabad facility during shift 2.,Open,Pune
170,Inventory Shortage,Low,Raw material shortage impacted production. Reported at Bengaluru facility during shift 3.,Resolved,Delhi
171,Customs Issue,High,Customs clearance process delayed. Reported at Chennai facility during shift 2.,Open,Pune
172,Customs Issue,Medium,Import documentation under review. Reported at Mumbai facility during shift 2.,In Progress,Delhi
173,Inventory Shortage,Medium,Inventory replenishment delayed. Reported at Pune facility during shift 3.,In Progress,Delhi
174,Damaged Goods,High,Receiving inspection identified damaged goods. Reported at Ahmedabad facility during shift 2.,In Progress,Mumbai
175,Transportation Failure,High,Transport route disruption due to road closure. Reported at Delhi facility during shift 1.,Resolved,Kolkata
176,Warehouse Issue,High,Space constraint affected storage operations. Reported at Pune facility during shift 1.,Open,Hyderabad
177,Documentation Error,Medium,Missing invoice delayed processing. Reported at Ahmedabad facility during shift 2.,Resolved,Hyderabad
178,Documentation Error,Medium,Purchase order details inconsistent. Reported at Pune facility during shift 1.,In Progress,Chennai
179,Documentation Error,Low,Shipping label generated with incorrect address. Reported at Pune facility during shift 3.,Open,Ahmedabad
180,Customs Issue,Low,Regulatory verification delayed release. Reported at Kolkata facility during shift 1.,Open,Hyderabad
181,Transportation Failure,High,Transport route disruption due to road closure. Reported at Mumbai facility during shift 1.,Open,Kolkata
182,Transportation Failure,High,Driver unavailable for scheduled route. Reported at Kolkata facility during shift 3.,Open,Kolkata
183,Customs Issue,Medium,Customs clearance process delayed. Reported at Ahmedabad facility during shift 3.,In Progress,Chennai
184,Customs Issue,Medium,Customs requested additional documentation. Reported at Bengaluru facility during shift 2.,Open,Pune
185,Shipment Delay,Critical,Shipment rerouted causing additional transit time. Reported at Pune facility during shift 3.,Resolved,Pune
186,Shipment Delay,Critical,Delivery delayed due to traffic disruption. Reported at Hyderabad facility during shift 1.,In Progress,Mumbai
187,Customs Issue,High,Border inspection extended shipment hold. Reported at Chennai facility during shift 1.,Open,Delhi
188,Warehouse Issue,High,Cycle count discrepancy identified. Reported at Bengaluru facility during shift 1.,Resolved,Bengaluru
189,Documentation Error,High,Bill of lading information mismatch detected. Reported at Bengaluru facility during shift 2.,Resolved,Chennai
190,Damaged Goods,Medium,Transit vibration caused product defects. Reported at Delhi facility during shift 1.,Open,Mumbai
191,Customs Issue,Low,Trade compliance review delayed processing. Reported at Chennai facility during shift 1.,Open,Pune
192,Shipment Delay,Low,Port congestion delayed shipment arrival. Reported at Hyderabad facility during shift 1.,In Progress,Mumbai
193,Customs Issue,High,Customs clearance process delayed. Reported at Ahmedabad facility during shift 2.,Resolved,Mumbai
194,Transportation Failure,Low,Transportation vendor system outage reported. Reported at Bengaluru facility during shift 3.,Resolved,Hyderabad
195,Transportation Failure,Critical,Accident blocked scheduled delivery route. Reported at Chennai facility during shift 1.,In Progress,Kolkata
196,Customs Issue,Critical,Customs clearance process delayed. Reported at Ahmedabad facility during shift 3.,Open,Mumbai
197,Damaged Goods,Low,Container impact damaged shipment contents. Reported at Delhi facility during shift 1.,Resolved,Pune
198,Transportation Failure,Medium,Route planning error delayed movement. Reported at Hyderabad facility during shift 2.,In Progress,Mumbai
199,Warehouse Issue,Medium,Put-away process delayed inventory availability. Reported at Mumbai facility during shift 3.,Resolved,Bengaluru
200,Transportation Failure,Medium,Fleet utilization exceeded available capacity. Reported at Bengaluru facility during shift 2.,In Progress,Kolkata
201,Transportation Failure,Medium,Equipment malfunction impacted transport operations. Reported at Mumbai facility during shift 2.,Resolved,Hyderabad
202,Damaged Goods,Low,Goods arrived with visible damage. Reported at Ahmedabad facility during shift 1.,Open,Mumbai
203,Transportation Failure,Medium,Transport route disruption due to road closure. Reported at Pune facility during shift 1.,Resolved,Pune
204,Customs Issue,High,Customs clearance process delayed. Reported at Kolkata facility during shift 2.,In Progress,Chennai
205,Damaged Goods,Low,Container impact damaged shipment contents. Reported at Hyderabad facility during shift 2.,Resolved,Bengaluru
206,Inventory Shortage,High,Raw material shortage impacted production. Reported at Ahmedabad facility during shift 1.,In Progress,Pune
207,Shipment Delay,Low,Driver shortage affected transportation schedule. Reported at Hyderabad facility during shift 3.,In Progress,Chennai
208,Documentation Error,Low,Shipping label generated with incorrect address. Reported at Hyderabad facility during shift 1.,Resolved,Hyderabad
209,Damaged Goods,High,Water exposure damaged packaged goods. Reported at Chennai facility during shift 1.,Resolved,Kolkata
210,Shipment Delay,High,Port congestion delayed shipment arrival. Reported at Chennai facility during shift 1.,Open,Kolkata
211,Transportation Failure,Medium,Fleet utilization exceeded available capacity. Reported at Pune facility during shift 1.,Resolved,Pune
212,Warehouse Issue,Low,Cycle count discrepancy identified. Reported at Mumbai facility during shift 1.,Resolved,Chennai
213,Customs Issue,Medium,Customs clearance process delayed. Reported at Hyderabad facility during shift 2.,In Progress,Ahmedabad
214,Transportation Failure,Low,Vehicle maintenance issue halted delivery. Reported at Bengaluru facility during shift 3.,In Progress,Mumbai
215,Damaged Goods,Medium,Fragile goods mishandled during unloading. Reported at Ahmedabad facility during shift 3.,Open,Bengaluru
216,Transportation Failure,Low,Route planning error delayed movement. Reported at Chennai facility during shift 1.,Open,Delhi
217,Warehouse Issue,Low,Inventory allocation issue detected. Reported at Hyderabad facility during shift 2.,In Progress,Kolkata
218,Inventory Shortage,High,Inventory replenishment delayed. Reported at Kolkata facility during shift 3.,Resolved,Pune
219,Shipment Delay,Low,Delivery delayed due to traffic disruption. Reported at Chennai facility during shift 2.,Open,Pune
220,Documentation Error,Medium,Purchase order details inconsistent. Reported at Kolkata facility during shift 3.,In Progress,Mumbai
221,Transportation Failure,High,Delivery vehicle breakdown reported. Reported at Pune facility during shift 1.,Resolved,Ahmedabad
222,Warehouse Issue,Medium,Put-away process delayed inventory availability. Reported at Pune facility during shift 1.,Open,Bengaluru
223,Transportation Failure,Low,Route planning error delayed movement. Reported at Kolkata facility during shift 3.,In Progress,Pune
224,Inventory Shortage,Medium,Safety stock threshold breached. Reported at Delhi facility during shift 1.,Open,Bengaluru
225,Warehouse Issue,Critical,Receiving delay impacted warehouse operations. Reported at Pune facility during shift 3.,Resolved,Delhi
226,Inventory Shortage,Low,Product unavailable due to inventory mismatch. Reported at Delhi facility during shift 2.,Resolved,Delhi
227,Warehouse Issue,Critical,Space constraint affected storage operations. Reported at Mumbai facility during shift 1.,Resolved,Ahmedabad
228,Transportation Failure,Critical,Third-party carrier cancelled shipment booking. Reported at Ahmedabad facility during shift 3.,Resolved,Pune
229,Warehouse Issue,Medium,Dock congestion slowed warehouse throughput. Reported at Pune facility during shift 1.,In Progress,Ahmedabad
230,Customs Issue,Low,Regulatory verification delayed release. Reported at Hyderabad facility during shift 3.,Resolved,Mumbai
231,Damaged Goods,Low,Improper handling caused item breakage. Reported at Ahmedabad facility during shift 1.,In Progress,Mumbai
232,Customs Issue,Medium,Trade compliance review delayed processing. Reported at Mumbai facility during shift 3.,In Progress,Ahmedabad
233,Documentation Error,Critical,Labeling information did not match shipment. Reported at Chennai facility during shift 2.,Resolved,Bengaluru
234,Damaged Goods,Low,Container impact damaged shipment contents. Reported at Ahmedabad facility during shift 3.,Open,Ahmedabad
235,Shipment Delay,Low,Driver shortage affected transportation schedule. Reported at Pune facility during shift 3.,Resolved,Delhi
236,Shipment Delay,Medium,Unexpected weather conditions slowed transportation. Reported at Ahmedabad facility during shift 2.,Resolved,Delhi
237,Damaged Goods,Medium,Water exposure damaged packaged goods. Reported at Hyderabad facility during shift 2.,In Progress,Chennai
238,Warehouse Issue,Medium,Dock congestion slowed warehouse throughput. Reported at Pune facility during shift 1.,Resolved,Kolkata
239,Damaged Goods,Low,Shipment contents damaged in transit. Reported at Delhi facility during shift 2.,Resolved,Delhi
240,Damaged Goods,Medium,Shipment contents damaged in transit. Reported at Kolkata facility during shift 1.,Open,Hyderabad
241,Documentation Error,Medium,Purchase order details inconsistent. Reported at Pune facility during shift 1.,Resolved,Mumbai
242,Customs Issue,Medium,Customs valuation dispute identified. Reported at Kolkata facility during shift 3.,In Progress,Hyderabad
243,Inventory Shortage,Low,Demand exceeded available stock levels. Reported at Pune facility during shift 2.,Open,Delhi
244,Shipment Delay,High,Carrier scheduling issue caused shipment delay. Reported at Mumbai facility during shift 3.,Resolved,Chennai
245,Customs Issue,Medium,Customs requested additional documentation. Reported at Delhi facility during shift 3.,Open,Delhi
246,Warehouse Issue,Medium,Put-away process delayed inventory availability. Reported at Delhi facility during shift 3.,In Progress,Pune
247,Customs Issue,Medium,Regulatory approval pending clearance. Reported at Bengaluru facility during shift 2.,Resolved,Ahmedabad
248,Inventory Shortage,Critical,Backordered items unavailable for dispatch. Reported at Bengaluru facility during shift 2.,In Progress,Bengaluru
249,Damaged Goods,High,Fragile goods mishandled during unloading. Reported at Ahmedabad facility during shift 2.,In Progress,Kolkata
250,Inventory Shortage,Low,Inventory reservation conflict identified. Reported at Bengaluru facility during shift 3.,In Progress,Chennai
251,Customs Issue,Critical,Import permit approval pending. Reported at Pune facility during shift 3.,Resolved,Mumbai
252,Damaged Goods,Medium,Product packaging torn during loading. Reported at Delhi facility during shift 2.,Resolved,Delhi
253,Warehouse Issue,High,Order picking queue exceeded capacity. Reported at Mumbai facility during shift 1.,In Progress,Chennai
254,Transportation Failure,Medium,Delivery vehicle breakdown reported. Reported at Kolkata facility during shift 3.,In Progress,Mumbai
255,Damaged Goods,Critical,Forklift accident damaged inventory. Reported at Chennai facility during shift 2.,Resolved,Pune
256,Warehouse Issue,Low,Storage location information incorrect. Reported at Delhi facility during shift 1.,In Progress,Delhi
257,Warehouse Issue,Medium,Put-away process delayed inventory availability. Reported at Ahmedabad facility during shift 2.,Open,Chennai
258,Damaged Goods,Critical,Forklift accident damaged inventory. Reported at Delhi facility during shift 3.,Resolved,Kolkata
259,Shipment Delay,Medium,Driver shortage affected transportation schedule. Reported at Hyderabad facility during shift 1.,Open,Bengaluru
260,Transportation Failure,Low,Accident blocked scheduled delivery route. Reported at Ahmedabad facility during shift 1.,In Progress,Chennai
261,Customs Issue,Low,Shipment flagged for compliance audit. Reported at Bengaluru facility during shift 3.,In Progress,Chennai
262,Documentation Error,Medium,Incorrect consignee information provided. Reported at Bengaluru facility during shift 3.,Resolved,Mumbai
263,Documentation Error,Medium,Incorrect consignee information provided. Reported at Mumbai facility during shift 3.,Resolved,Chennai
264,Transportation Failure,Medium,Transportation network disruption reported. Reported at Ahmedabad facility during shift 1.,In Progress,Hyderabad
265,Customs Issue,Medium,Shipment held by customs authorities. Reported at Pune facility during shift 1.,Resolved,Mumbai
266,Warehouse Issue,Low,Cycle count discrepancy identified. Reported at Pune facility during shift 1.,Resolved,Pune
267,Warehouse Issue,Medium,Dock congestion slowed warehouse throughput. Reported at Delhi facility during shift 3.,Resolved,Ahmedabad
268,Customs Issue,High,Import documentation under review. Reported at Delhi facility during shift 1.,In Progress,Chennai
269,Damaged Goods,High,Forklift accident damaged inventory. Reported at Chennai facility during shift 1.,In Progress,Hyderabad
270,Documentation Error,Low,Purchase order details inconsistent. Reported at Ahmedabad facility during shift 2.,Resolved,Bengaluru
271,Damaged Goods,Medium,Water exposure damaged packaged goods. Reported at Chennai facility during shift 3.,Open,Pune
272,Transportation Failure,Medium,Trailer availability issue delayed dispatch. Reported at Kolkata facility during shift 3.,In Progress,Pune
273,Inventory Shortage,Critical,Inventory forecast underestimated demand. Reported at Ahmedabad facility during shift 2.,Resolved,Hyderabad
274,Warehouse Issue,Medium,Picking error occurred in warehouse. Reported at Kolkata facility during shift 1.,Open,Hyderabad
275,Damaged Goods,Medium,Product packaging torn during loading. Reported at Mumbai facility during shift 2.,In Progress,Ahmedabad
276,Documentation Error,Medium,Data entry error impacted shipment records. Reported at Kolkata facility during shift 1.,In Progress,Ahmedabad
277,Shipment Delay,Critical,Dispatch process delayed at origin facility. Reported at Pune facility during shift 3.,In Progress,Chennai
278,Shipment Delay,Medium,Shipment rerouted causing additional transit time. Reported at Kolkata facility during shift 2.,Resolved,Delhi
279,Shipment Delay,Low,Port congestion delayed shipment arrival. Reported at Ahmedabad facility during shift 1.,Open,Pune
280,Damaged Goods,Low,Pallet collapse resulted in product damage. Reported at Chennai facility during shift 3.,In Progress,Pune
281,Damaged Goods,Low,Improper handling caused item breakage. Reported at Mumbai facility during shift 3.,In Progress,Kolkata
282,Damaged Goods,Critical,Fragile goods mishandled during unloading. Reported at Hyderabad facility during shift 1.,Open,Delhi
283,Transportation Failure,Low,Transportation vendor system outage reported. Reported at Kolkata facility during shift 3.,In Progress,Ahmedabad
284,Inventory Shortage,Critical,Cycle count revealed stock deficiency. Reported at Hyderabad facility during shift 3.,In Progress,Bengaluru
285,Shipment Delay,Low,Port congestion delayed shipment arrival. Reported at Mumbai facility during shift 2.,Resolved,Ahmedabad
286,Shipment Delay,Medium,Driver shortage affected transportation schedule. Reported at Pune facility during shift 3.,Open,Hyderabad
287,Damaged Goods,High,Transit vibration caused product defects. Reported at Delhi facility during shift 3.,Resolved,Delhi
288,Warehouse Issue,Critical,Receiving delay impacted warehouse operations. Reported at Bengaluru facility during shift 1.,Open,Bengaluru
289,Warehouse Issue,Medium,Warehouse management system outage reported. Reported at Chennai facility during shift 2.,In Progress,Ahmedabad
290,Warehouse Issue,High,Inventory misplaced within storage area. Reported at Delhi facility during shift 3.,Open,Hyderabad
291,Transportation Failure,Medium,Equipment malfunction impacted transport operations. Reported at Ahmedabad facility during shift 3.,In Progress,Mumbai
292,Inventory Shortage,Medium,Safety stock threshold breached. Reported at Mumbai facility during shift 2.,Resolved,Pune
293,Inventory Shortage,Medium,Warehouse unable to fulfill requested quantity. Reported at Delhi facility during shift 1.,Open,Mumbai
294,Documentation Error,Low,Customs paperwork contained errors. Reported at Hyderabad facility during shift 1.,Resolved,Bengaluru
295,Damaged Goods,Low,Temperature excursion affected product quality. Reported at Hyderabad facility during shift 1.,Resolved,Hyderabad
296,Inventory Shortage,Medium,Raw material shortage impacted production. Reported at Hyderabad facility during shift 3.,Resolved,Delhi
297,Documentation Error,Medium,Documentation approval pending correction. Reported at Delhi facility during shift 1.,Resolved,Pune
298,Warehouse Issue,Low,Order consolidation process delayed shipment. Reported at Chennai facility during shift 1.,Resolved,Hyderabad
299,Customs Issue,Medium,Border inspection extended shipment hold. Reported at Kolkata facility during shift 3.,In Progress,Hyderabad
300,Customs Issue,High,Regulatory verification delayed release. Reported at Ahmedabad facility during shift 1.,Resolved,Kolkata
301,Damaged Goods,Low,Improper handling caused item breakage. Reported at Mumbai facility during shift 3.,In Progress,Kolkata
302,Transportation Failure,Medium,Fleet utilization exceeded available capacity. Reported at Bengaluru facility during shift 2.,In Progress,Pune
303,Customs Issue,Low,Trade compliance review delayed processing. Reported at Pune facility during shift 2.,In Progress,Mumbai
304,Damaged Goods,Low,Forklift accident damaged inventory. Reported at Ahmedabad facility during shift 1.,Open,Delhi
305,Shipment Delay,High,Shipment delayed due to customs inspection. Reported at Hyderabad facility during shift 2.,In Progress,Bengaluru
306,Warehouse Issue,Critical,Order consolidation process delayed shipment. Reported at Delhi facility during shift 2.,Resolved,Pune
307,Inventory Shortage,Critical,Unexpected order spike exhausted stock. Reported at Delhi facility during shift 2.,In Progress,Ahmedabad
308,Damaged Goods,Critical,Improper handling caused item breakage. Reported at Chennai facility during shift 1.,Resolved,Ahmedabad
309,Inventory Shortage,Low,Demand exceeded available stock levels. Reported at Pune facility during shift 1.,In Progress,Ahmedabad
310,Damaged Goods,Medium,Temperature excursion affected product quality. Reported at Chennai facility during shift 1.,In Progress,Pune
311,Warehouse Issue,Medium,Order picking queue exceeded capacity. Reported at Pune facility during shift 1.,Resolved,Bengaluru
312,Damaged Goods,Medium,Temperature excursion affected product quality. Reported at Hyderabad facility during shift 1.,In Progress,Hyderabad
313,Warehouse Issue,Critical,Cycle count discrepancy identified. Reported at Mumbai facility during shift 1.,In Progress,Pune
314,Warehouse Issue,Low,Receiving delay impacted warehouse operations. Reported at Pune facility during shift 1.,Resolved,Kolkata
315,Documentation Error,Low,Incorrect shipping documentation submitted. Reported at Chennai facility during shift 1.,In Progress,Ahmedabad
316,Documentation Error,High,Export declaration contained errors. Reported at Delhi facility during shift 3.,Open,Pune
317,Documentation Error,Critical,Incorrect consignee information provided. Reported at Delhi facility during shift 2.,Resolved,Hyderabad
318,Documentation Error,Medium,Incorrect consignee information provided. Reported at Ahmedabad facility during shift 3.,In Progress,Chennai
319,Damaged Goods,Medium,Water exposure damaged packaged goods. Reported at Mumbai facility during shift 2.,Resolved,Chennai
320,Documentation Error,High,Export declaration contained errors. Reported at Hyderabad facility during shift 3.,Resolved,Bengaluru
321,Customs Issue,Medium,Shipment held by customs authorities. Reported at Ahmedabad facility during shift 1.,Resolved,Kolkata
322,Inventory Shortage,Medium,Inventory reservation conflict identified. Reported at Bengaluru facility during shift 1.,Resolved,Mumbai
323,Inventory Shortage,Medium,Warehouse stock shortage detected. Reported at Ahmedabad facility during shift 2.,In Progress,Bengaluru
324,Transportation Failure,High,Transportation vendor system outage reported. Reported at Ahmedabad facility during shift 3.,Resolved,Delhi
325,Documentation Error,Medium,Bill of lading information mismatch detected. Reported at Pune facility during shift 3.,In Progress,Pune
326,Inventory Shortage,Medium,Inventory forecast underestimated demand. Reported at Pune facility during shift 3.,Resolved,Hyderabad
327,Documentation Error,Low,Export declaration contained errors. Reported at Bengaluru facility during shift 1.,In Progress,Bengaluru
328,Damaged Goods,Low,Warehouse accident damaged stored inventory. Reported at Hyderabad facility during shift 3.,Resolved,Ahmedabad
329,Damaged Goods,Critical,Improper handling caused item breakage. Reported at Pune facility during shift 3.,Resolved,Hyderabad
330,Damaged Goods,High,Product packaging torn during loading. Reported at Kolkata facility during shift 2.,Open,Hyderabad
331,Shipment Delay,Critical,Carrier scheduling issue caused shipment delay. Reported at Mumbai facility during shift 2.,Resolved,Hyderabad
332,Customs Issue,High,Import permit approval pending. Reported at Bengaluru facility during shift 1.,In Progress,Hyderabad
333,Inventory Shortage,Low,Product unavailable due to inventory mismatch. Reported at Bengaluru facility during shift 1.,Resolved,Bengaluru
334,Customs Issue,Medium,Border inspection extended shipment hold. Reported at Chennai facility during shift 1.,Resolved,Ahmedabad
335,Shipment Delay,Critical,Shipment rerouted causing additional transit time. Reported at Delhi facility during shift 1.,Open,Kolkata
336,Customs Issue,Medium,Country-specific restriction affected import. Reported at Ahmedabad facility during shift 2.,In Progress,Pune
337,Damaged Goods,Medium,Fragile goods mishandled during unloading. Reported at Chennai facility during shift 1.,Open,Chennai
338,Inventory Shortage,Critical,Supplier delay created inventory gap. Reported at Delhi facility during shift 1.,In Progress,Ahmedabad
339,Inventory Shortage,Low,Warehouse unable to fulfill requested quantity. Reported at Hyderabad facility during shift 1.,Resolved,Mumbai
340,Damaged Goods,Medium,Shipment contents damaged in transit. Reported at Ahmedabad facility during shift 3.,In Progress,Delhi
341,Warehouse Issue,Low,Inventory misplaced within storage area. Reported at Ahmedabad facility during shift 2.,Open,Pune
342,Inventory Shortage,Low,Procurement delay affected inventory availability. Reported at Ahmedabad facility during shift 3.,Open,Chennai
343,Customs Issue,Medium,Customs requested additional documentation. Reported at Hyderabad facility during shift 3.,Open,Delhi
344,Documentation Error,Medium,Manifest information incomplete. Reported at Kolkata facility during shift 2.,Open,Kolkata
345,Customs Issue,Medium,Customs clearance process delayed. Reported at Delhi facility during shift 1.,Open,Chennai
346,Damaged Goods,High,Pallet collapse resulted in product damage. Reported at Bengaluru facility during shift 2.,In Progress,Hyderabad
347,Documentation Error,Medium,Data entry error impacted shipment records. Reported at Chennai facility during shift 2.,Resolved,Bengaluru
348,Shipment Delay,Medium,Shipment rerouted causing additional transit time. Reported at Mumbai facility during shift 2.,In Progress,Hyderabad
349,Customs Issue,Medium,Customs clearance process delayed. Reported at Hyderabad facility during shift 2.,Open,Delhi
350,Transportation Failure,Critical,Carrier failed to pick up shipment. Reported at Ahmedabad facility during shift 3.,In Progress,Kolkata
351,Customs Issue,High,Shipment flagged for compliance audit. Reported at Ahmedabad facility during shift 3.,Open,Bengaluru
352,Customs Issue,Medium,Shipment selected for random inspection. Reported at Mumbai facility during shift 3.,Resolved,Pune
353,Shipment Delay,High,Mechanical failure delayed freight movement. Reported at Mumbai facility during shift 1.,Resolved,Bengaluru
354,Documentation Error,Medium,Labeling information did not match shipment. Reported at Delhi facility during shift 1.,Resolved,Ahmedabad
355,Shipment Delay,Medium,Shipment rerouted causing additional transit time. Reported at Bengaluru facility during shift 3.,Open,Ahmedabad
356,Warehouse Issue,Medium,Warehouse stock mismatch identified. Reported at Ahmedabad facility during shift 1.,In Progress,Chennai
357,Documentation Error,Low,Export declaration contained errors. Reported at Hyderabad facility during shift 3.,In Progress,Chennai
358,Customs Issue,Medium,Border inspection extended shipment hold. Reported at Mumbai facility during shift 1.,Resolved,Mumbai
359,Documentation Error,Low,Incorrect shipping documentation submitted. Reported at Mumbai facility during shift 2.,In Progress,Delhi
360,Warehouse Issue,Critical,Storage location information incorrect. Reported at Kolkata facility during shift 2.,In Progress,Ahmedabad
361,Warehouse Issue,Low,Order consolidation process delayed shipment. Reported at Kolkata facility during shift 2.,Resolved,Delhi
362,Customs Issue,Low,Trade compliance review delayed processing. Reported at Pune facility during shift 1.,Resolved,Kolkata
363,Documentation Error,High,Customs paperwork contained errors. Reported at Bengaluru facility during shift 1.,In Progress,Ahmedabad
364,Customs Issue,Medium,Regulatory approval pending clearance. Reported at Kolkata facility during shift 3.,Open,Bengaluru
365,Transportation Failure,Low,Driver unavailable for scheduled route. Reported at Delhi facility during shift 2.,Resolved,Mumbai
366,Shipment Delay,High,Driver shortage affected transportation schedule. Reported at Kolkata facility during shift 3.,Open,Bengaluru
367,Inventory Shortage,Low,Product unavailable due to inventory mismatch. Reported at Mumbai facility during shift 3.,Resolved,Chennai
368,Inventory Shortage,Medium,Procurement delay affected inventory availability. Reported at Chennai facility during shift 2.,Resolved,Bengaluru
369,Warehouse Issue,Medium,Warehouse staffing shortage reported. Reported at Chennai facility during shift 1.,In Progress,Bengaluru
370,Warehouse Issue,Medium,Order consolidation process delayed shipment. Reported at Pune facility during shift 3.,Resolved,Pune
371,Inventory Shortage,Medium,Stockout occurred at fulfillment center. Reported at Delhi facility during shift 3.,In Progress,Hyderabad
372,Damaged Goods,Medium,Package damaged during transportation. Reported at Delhi facility during shift 3.,Resolved,Ahmedabad
373,Shipment Delay,Medium,Container missed connecting vessel. Reported at Kolkata facility during shift 3.,In Progress,Kolkata
374,Inventory Shortage,High,Stockout occurred at fulfillment center. Reported at Kolkata facility during shift 1.,In Progress,Bengaluru
375,Warehouse Issue,Low,Warehouse processing backlog reported. Reported at Hyderabad facility during shift 3.,In Progress,Chennai
376,Documentation Error,Medium,Purchase order details inconsistent. Reported at Kolkata facility during shift 3.,In Progress,Bengaluru
377,Damaged Goods,Low,Forklift accident damaged inventory. Reported at Pune facility during shift 3.,In Progress,Pune
378,Shipment Delay,Low,Cargo loading completed behind schedule. Reported at Bengaluru facility during shift 1.,Resolved,Chennai
379,Warehouse Issue,High,Picking error occurred in warehouse. Reported at Bengaluru facility during shift 3.,Resolved,Bengaluru
380,Transportation Failure,Critical,Logistics partner experienced operational failure. Reported at Pune facility during shift 2.,Open,Bengaluru
381,Inventory Shortage,Critical,Procurement delay affected inventory availability. Reported at Mumbai facility during shift 3.,In Progress,Bengaluru
382,Customs Issue,Critical,Border security inspection caused delay. Reported at Bengaluru facility during shift 2.,Resolved,Pune
383,Warehouse Issue,Medium,Inventory allocation issue detected. Reported at Kolkata facility during shift 2.,In Progress,Hyderabad
384,Damaged Goods,Low,Water exposure damaged packaged goods. Reported at Ahmedabad facility during shift 2.,Resolved,Ahmedabad
385,Warehouse Issue,Medium,Warehouse staffing shortage reported. Reported at Pune facility during shift 1.,In Progress,Chennai
386,Documentation Error,Low,Manifest information incomplete. Reported at Bengaluru facility during shift 3.,In Progress,Kolkata
387,Damaged Goods,Low,Goods arrived with visible damage. Reported at Bengaluru facility during shift 2.,Resolved,Bengaluru
388,Transportation Failure,High,Transportation vendor system outage reported. Reported at Pune facility during shift 2.,In Progress,Ahmedabad
389,Transportation Failure,Low,Carrier failed to pick up shipment. Reported at Pune facility during shift 1.,Resolved,Ahmedabad
390,Inventory Shortage,Low,Warehouse unable to fulfill requested quantity. Reported at Chennai facility during shift 3.,Open,Chennai
391,Warehouse Issue,High,Warehouse stock mismatch identified. Reported at Kolkata facility during shift 1.,Open,Mumbai
392,Customs Issue,Medium,Import documentation under review. Reported at Chennai facility during shift 1.,In Progress,Chennai
393,Documentation Error,Medium,Missing certificate delayed shipment release. Reported at Ahmedabad facility during shift 3.,Open,Kolkata
394,Shipment Delay,Critical,Shipment delayed due to customs inspection. Reported at Hyderabad facility during shift 3.,Open,Kolkata
395,Warehouse Issue,Critical,Order consolidation process delayed shipment. Reported at Delhi facility during shift 1.,Resolved,Delhi
396,Inventory Shortage,Low,Demand exceeded available stock levels. Reported at Hyderabad facility during shift 2.,In Progress,Mumbai
397,Damaged Goods,Low,Pallet collapse resulted in product damage. Reported at Ahmedabad facility during shift 3.,Resolved,Bengaluru
398,Damaged Goods,Critical,Fragile goods mishandled during unloading. Reported at Mumbai facility during shift 3.,Resolved,Chennai
399,Shipment Delay,Medium,Delivery delayed due to traffic disruption. Reported at Kolkata facility during shift 2.,Open,Chennai
400,Customs Issue,High,Import documentation under review. Reported at Mumbai facility during shift 2.,Resolved,Pune
401,Documentation Error,Critical,Manifest information incomplete. Reported at Mumbai facility during shift 3.,Open,Bengaluru
402,Warehouse Issue,Low,Put-away process delayed inventory availability. Reported at Ahmedabad facility during shift 2.,Open,Hyderabad
403,Documentation Error,Critical,Documentation approval pending correction. Reported at Chennai facility during shift 1.,In Progress,Chennai
404,Inventory Shortage,High,Cycle count revealed stock deficiency. Reported at Delhi facility during shift 3.,Open,Hyderabad
405,Inventory Shortage,High,Cycle count revealed stock deficiency. Reported at Bengaluru facility during shift 3.,In Progress,Pune
406,Transportation Failure,High,Third-party carrier cancelled shipment booking. Reported at Delhi facility during shift 3.,Resolved,Pune
407,Shipment Delay,High,Truck breakdown caused delivery delay. Reported at Kolkata facility during shift 1.,In Progress,Kolkata
408,Warehouse Issue,Low,Receiving delay impacted warehouse operations. Reported at Chennai facility during shift 3.,In Progress,Ahmedabad
409,Inventory Shortage,Low,Safety stock threshold breached. Reported at Kolkata facility during shift 2.,Resolved,Kolkata
410,Shipment Delay,High,Driver shortage affected transportation schedule. Reported at Hyderabad facility during shift 1.,Open,Hyderabad
411,Inventory Shortage,Medium,Supplier delay created inventory gap. Reported at Delhi facility during shift 3.,In Progress,Mumbai
412,Shipment Delay,Medium,Shipment delayed due to customs inspection. Reported at Hyderabad facility during shift 2.,In Progress,Mumbai
413,Inventory Shortage,Medium,Product unavailable due to inventory mismatch. Reported at Delhi facility during shift 2.,Resolved,Kolkata
414,Shipment Delay,Medium,Shipment delayed due to customs inspection. Reported at Mumbai facility during shift 2.,Resolved,Pune
415,Warehouse Issue,Medium,Order picking queue exceeded capacity. Reported at Chennai facility during shift 2.,Open,Bengaluru
416,Documentation Error,Medium,Labeling information did not match shipment. Reported at Delhi facility during shift 3.,Open,Hyderabad
417,Damaged Goods,Low,Shipment contents damaged in transit. Reported at Ahmedabad facility during shift 1.,In Progress,Hyderabad
418,Transportation Failure,Medium,Vehicle maintenance issue halted delivery. Reported at Ahmedabad facility during shift 1.,Open,Ahmedabad
419,Documentation Error,Low,Documentation approval pending correction. Reported at Bengaluru facility during shift 2.,In Progress,Chennai
420,Transportation Failure,Medium,Driver unavailable for scheduled route. Reported at Kolkata facility during shift 2.,In Progress,Delhi
421,Damaged Goods,Medium,Water exposure damaged packaged goods. Reported at Bengaluru facility during shift 2.,In Progress,Pune
422,Damaged Goods,High,Packaging failure led to damaged products. Reported at Ahmedabad facility during shift 3.,In Progress,Kolkata
423,Damaged Goods,Low,Transit vibration caused product defects. Reported at Kolkata facility during shift 2.,Resolved,Bengaluru
424,Documentation Error,High,Labeling information did not match shipment. Reported at Delhi facility during shift 3.,Open,Ahmedabad
425,Customs Issue,High,Border inspection extended shipment hold. Reported at Ahmedabad facility during shift 2.,Open,Kolkata
426,Customs Issue,Medium,Import permit approval pending. Reported at Delhi facility during shift 3.,In Progress,Delhi
427,Customs Issue,Medium,Tariff classification review in progress. Reported at Kolkata facility during shift 1.,Resolved,Ahmedabad
428,Documentation Error,Low,Purchase order details inconsistent. Reported at Kolkata facility during shift 3.,In Progress,Mumbai
429,Shipment Delay,Medium,Driver shortage affected transportation schedule. Reported at Bengaluru facility during shift 3.,Open,Chennai
430,Documentation Error,Critical,Missing certificate delayed shipment release. Reported at Kolkata facility during shift 2.,In Progress,Mumbai
431,Shipment Delay,Medium,Truck breakdown caused delivery delay. Reported at Hyderabad facility during shift 1.,Resolved,Bengaluru
432,Transportation Failure,High,Driver unavailable for scheduled route. Reported at Kolkata facility during shift 2.,Resolved,Delhi
433,Damaged Goods,Low,Package damaged during transportation. Reported at Ahmedabad facility during shift 1.,Open,Mumbai
434,Warehouse Issue,Medium,Put-away process delayed inventory availability. Reported at Delhi facility during shift 2.,In Progress,Bengaluru
435,Documentation Error,Low,Export declaration contained errors. Reported at Pune facility during shift 2.,Resolved,Ahmedabad
436,Damaged Goods,High,Product packaging torn during loading. Reported at Hyderabad facility during shift 1.,Open,Chennai
437,Warehouse Issue,High,Receiving delay impacted warehouse operations. Reported at Mumbai facility during shift 3.,Resolved,Bengaluru
438,Documentation Error,Medium,Customs paperwork contained errors. Reported at Delhi facility during shift 2.,In Progress,Bengaluru
439,Warehouse Issue,Medium,Order picking queue exceeded capacity. Reported at Delhi facility during shift 1.,In Progress,Kolkata
440,Shipment Delay,Medium,Dispatch process delayed at origin facility. Reported at Bengaluru facility during shift 2.,In Progress,Chennai
441,Customs Issue,High,Border inspection extended shipment hold. Reported at Bengaluru facility during shift 2.,Open,Mumbai
442,Warehouse Issue,Medium,Warehouse staffing shortage reported. Reported at Delhi facility during shift 2.,In Progress,Mumbai
443,Damaged Goods,Critical,Fragile goods mishandled during unloading. Reported at Ahmedabad facility during shift 3.,In Progress,Kolkata
444,Documentation Error,Medium,Purchase order details inconsistent. Reported at Mumbai facility during shift 2.,In Progress,Delhi
445,Warehouse Issue,Medium,Dock congestion slowed warehouse throughput. Reported at Hyderabad facility during shift 3.,Resolved,Delhi
446,Damaged Goods,Low,Product packaging torn during loading. Reported at Bengaluru facility during shift 2.,In Progress,Delhi
447,Documentation Error,Low,Purchase order details inconsistent. Reported at Kolkata facility during shift 3.,In Progress,Kolkata
448,Inventory Shortage,Low,Inventory forecast underestimated demand. Reported at Delhi facility during shift 3.,In Progress,Delhi
449,Inventory Shortage,Low,Safety stock threshold breached. Reported at Ahmedabad facility during shift 3.,In Progress,Chennai
450,Transportation Failure,Critical,Carrier failed to pick up shipment. Reported at Bengaluru facility during shift 2.,Resolved,Ahmedabad
451,Transportation Failure,High,Accident blocked scheduled delivery route. Reported at Ahmedabad facility during shift 2.,In Progress,Ahmedabad
452,Inventory Shortage,Low,Product unavailable due to inventory mismatch. Reported at Chennai facility during shift 1.,In Progress,Bengaluru
453,Documentation Error,Medium,Required compliance document missing. Reported at Delhi facility during shift 2.,In Progress,Mumbai
454,Documentation Error,High,Missing invoice delayed processing. Reported at Hyderabad facility during shift 3.,In Progress,Chennai
455,Warehouse Issue,Low,Put-away process delayed inventory availability. Reported at Ahmedabad facility during shift 3.,In Progress,Mumbai
456,Customs Issue,High,Trade compliance review delayed processing. Reported at Bengaluru facility during shift 2.,Open,Ahmedabad
457,Damaged Goods,High,Water exposure damaged packaged goods. Reported at Mumbai facility during shift 2.,Open,Bengaluru
458,Inventory Shortage,Medium,Unexpected order spike exhausted stock. Reported at Pune facility during shift 3.,In Progress,Delhi
459,Documentation Error,High,Customs paperwork contained errors. Reported at Bengaluru facility during shift 1.,Resolved,Pune
460,Documentation Error,Critical,Required compliance document missing. Reported at Delhi facility during shift 2.,In Progress,Hyderabad
461,Documentation Error,Critical,Required compliance document missing. Reported at Mumbai facility during shift 1.,In Progress,Chennai
462,Damaged Goods,High,Transit vibration caused product defects. Reported at Delhi facility during shift 3.,Open,Delhi
463,Customs Issue,Medium,Customs requested additional documentation. Reported at Bengaluru facility during shift 3.,Open,Hyderabad
464,Customs Issue,Low,Tariff classification review in progress. Reported at Kolkata facility during shift 2.,Open,Kolkata
465,Documentation Error,Critical,Data entry error impacted shipment records. Reported at Hyderabad facility during shift 3.,In Progress,Ahmedabad
466,Transportation Failure,Low,Driver unavailable for scheduled route. Reported at Chennai facility during shift 3.,In Progress,Pune
467,Warehouse Issue,Critical,Picking error occurred in warehouse. Reported at Kolkata facility during shift 1.,Open,Ahmedabad
468,Damaged Goods,Medium,Water exposure damaged packaged goods. Reported at Hyderabad facility during shift 2.,Open,Ahmedabad
469,Warehouse Issue,Low,Receiving delay impacted warehouse operations. Reported at Chennai facility during shift 1.,In Progress,Chennai
470,Shipment Delay,Medium,Mechanical failure delayed freight movement. Reported at Delhi facility during shift 2.,In Progress,Bengaluru
471,Customs Issue,Medium,Country-specific restriction affected import. Reported at Delhi facility during shift 3.,In Progress,Mumbai
472,Customs Issue,Medium,Customs requested additional documentation. Reported at Hyderabad facility during shift 1.,Resolved,Delhi
473,Shipment Delay,Medium,Delivery delayed due to traffic disruption. Reported at Hyderabad facility during shift 3.,Open,Kolkata
474,Customs Issue,Low,Customs clearance process delayed. Reported at Mumbai facility during shift 1.,Open,Delhi
475,Documentation Error,Low,Bill of lading information mismatch detected. Reported at Ahmedabad facility during shift 1.,In Progress,Mumbai
476,Warehouse Issue,Low,Order picking queue exceeded capacity. Reported at Delhi facility during shift 2.,In Progress,Mumbai
477,Customs Issue,Medium,Shipment selected for random inspection. Reported at Mumbai facility during shift 1.,In Progress,Delhi
478,Transportation Failure,Critical,Third-party carrier cancelled shipment booking. Reported at Delhi facility during shift 3.,Open,Mumbai
479,Documentation Error,Medium,Documentation approval pending correction. Reported at Chennai facility during shift 3.,In Progress,Pune
480,Customs Issue,Medium,Border inspection extended shipment hold. Reported at Delhi facility during shift 2.,In Progress,Bengaluru
481,Shipment Delay,High,Mechanical failure delayed freight movement. Reported at Mumbai facility during shift 1.,Resolved,Kolkata
482,Damaged Goods,Low,Pallet collapse resulted in product damage. Reported at Pune facility during shift 1.,Resolved,Mumbai
483,Inventory Shortage,Low,Backordered items unavailable for dispatch. Reported at Hyderabad facility during shift 3.,Resolved,Hyderabad
484,Inventory Shortage,Medium,Backordered items unavailable for dispatch. Reported at Bengaluru facility during shift 3.,Resolved,Chennai
485,Warehouse Issue,Medium,Order consolidation process delayed shipment. Reported at Bengaluru facility during shift 2.,Open,Ahmedabad
486,Customs Issue,High,Border security inspection caused delay. Reported at Mumbai facility during shift 3.,Open,Pune
487,Damaged Goods,Medium,Goods arrived with visible damage. Reported at Kolkata facility during shift 3.,Resolved,Delhi
488,Warehouse Issue,Medium,Warehouse management system outage reported. Reported at Mumbai facility during shift 1.,Open,Hyderabad
489,Inventory Shortage,Medium,Warehouse stock shortage detected. Reported at Chennai facility during shift 2.,Resolved,Kolkata
490,Transportation Failure,Medium,Equipment malfunction impacted transport operations. Reported at Kolkata facility during shift 1.,Resolved,Delhi
491,Damaged Goods,Medium,Product packaging torn during loading. Reported at Hyderabad facility during shift 1.,Open,Delhi
492,Documentation Error,Medium,Incorrect consignee information provided. Reported at Kolkata facility during shift 3.,Resolved,Mumbai
493,Damaged Goods,Critical,Packaging failure led to damaged products. Reported at Kolkata facility during shift 3.,Open,Chennai
494,Inventory Shortage,Medium,Product unavailable due to inventory mismatch. Reported at Kolkata facility during shift 1.,Resolved,Chennai
495,Damaged Goods,Low,Fragile goods mishandled during unloading. Reported at Delhi facility during shift 1.,Open,Chennai
496,Inventory Shortage,Medium,Inventory forecast underestimated demand. Reported at Pune facility during shift 3.,Resolved,Hyderabad
497,Inventory Shortage,High,Safety stock threshold breached. Reported at Delhi facility during shift 3.,In Progress,Mumbai
498,Warehouse Issue,High,Order consolidation process delayed shipment. Reported at Chennai facility during shift 2.,In Progress,Mumbai
499,Damaged Goods,Medium,Packaging failure led to damaged products. Reported at Mumbai facility during shift 2.,In Progress,Chennai
500,Transportation Failure,Low,Transportation network disruption reported. Reported at Delhi facility during shift 2.,Open,Mumbai
501,Inventory Shortage,High,Procurement delay affected inventory availability. Reported at Chennai facility during shift 1.,Open,Bengaluru
502,Shipment Delay,Critical,Last-mile delivery partner unavailable. Reported at Pune facility during shift 2.,Open,Chennai
503,Documentation Error,Medium,Invoice value discrepancy identified. Reported at Kolkata facility during shift 1.,In Progress,Pune
504,Damaged Goods,Medium,Transit vibration caused product defects. Reported at Mumbai facility during shift 3.,Resolved,Chennai
505,Inventory Shortage,Low,Demand exceeded available stock levels. Reported at Chennai facility during shift 2.,In Progress,Hyderabad
506,Warehouse Issue,Low,Warehouse staffing shortage reported. Reported at Hyderabad facility during shift 2.,In Progress,Chennai
507,Damaged Goods,High,Forklift accident damaged inventory. Reported at Hyderabad facility during shift 3.,Resolved,Bengaluru
508,Transportation Failure,High,Driver unavailable for scheduled route. Reported at Ahmedabad facility during shift 1.,Resolved,Bengaluru
509,Inventory Shortage,Low,Warehouse stock shortage detected. Reported at Kolkata facility during shift 1.,In Progress,Chennai
510,Damaged Goods,High,Package damaged during transportation. Reported at Kolkata facility during shift 3.,Open,Bengaluru
511,Documentation Error,Critical,Bill of lading information mismatch detected. Reported at Kolkata facility during shift 2.,Open,Hyderabad
512,Shipment Delay,Medium,Shipment delayed due to customs inspection. Reported at Bengaluru facility during shift 3.,In Progress,Ahmedabad
513,Customs Issue,Low,Customs clearance process delayed. Reported at Mumbai facility during shift 3.,In Progress,Mumbai
514,Documentation Error,Medium,Documentation approval pending correction. Reported at Chennai facility during shift 2.,Open,Bengaluru
515,Damaged Goods,High,Shipment contents damaged in transit. Reported at Pune facility during shift 2.,Resolved,Pune
516,Damaged Goods,Low,Improper handling caused item breakage. Reported at Hyderabad facility during shift 1.,Open,Delhi
517,Warehouse Issue,Low,Space constraint affected storage operations. Reported at Mumbai facility during shift 1.,In Progress,Ahmedabad
518,Damaged Goods,Medium,Pallet collapse resulted in product damage. Reported at Mumbai facility during shift 3.,Open,Ahmedabad
519,Damaged Goods,Low,Improper handling caused item breakage. Reported at Hyderabad facility during shift 1.,Resolved,Hyderabad
520,Warehouse Issue,High,Put-away process delayed inventory availability. Reported at Chennai facility during shift 1.,In Progress,Delhi
521,Shipment Delay,Medium,Dispatch process delayed at origin facility. Reported at Bengaluru facility during shift 2.,Open,Hyderabad
522,Damaged Goods,Critical,Transit vibration caused product defects. Reported at Delhi facility during shift 1.,In Progress,Bengaluru
523,Shipment Delay,Low,Last-mile delivery partner unavailable. Reported at Mumbai facility during shift 1.,Open,Bengaluru
524,Inventory Shortage,Medium,Demand exceeded available stock levels. Reported at Kolkata facility during shift 2.,Resolved,Mumbai
525,Documentation Error,Low,Documentation approval pending correction. Reported at Hyderabad facility during shift 1.,Open,Bengaluru
526,Customs Issue,Critical,Import permit approval pending. Reported at Delhi facility during shift 1.,In Progress,Mumbai
527,Shipment Delay,Critical,Last-mile delivery partner unavailable. Reported at Chennai facility during shift 1.,In Progress,Kolkata
528,Transportation Failure,Medium,Delivery vehicle breakdown reported. Reported at Kolkata facility during shift 3.,In Progress,Bengaluru
529,Inventory Shortage,High,Stockout occurred at fulfillment center. Reported at Hyderabad facility during shift 2.,Open,Bengaluru
530,Customs Issue,High,Regulatory verification delayed release. Reported at Ahmedabad facility during shift 2.,In Progress,Chennai
531,Shipment Delay,Medium,Carrier scheduling issue caused shipment delay. Reported at Kolkata facility during shift 1.,Resolved,Bengaluru
532,Customs Issue,High,Shipment selected for random inspection. Reported at Chennai facility during shift 2.,In Progress,Ahmedabad
533,Documentation Error,Critical,Invoice value discrepancy identified. Reported at Ahmedabad facility during shift 2.,Resolved,Pune
534,Transportation Failure,Medium,Vehicle maintenance issue halted delivery. Reported at Delhi facility during shift 1.,Open,Chennai
535,Warehouse Issue,High,Space constraint affected storage operations. Reported at Hyderabad facility during shift 1.,In Progress,Pune
536,Warehouse Issue,Low,Cycle count discrepancy identified. Reported at Bengaluru facility during shift 1.,Resolved,Bengaluru
537,Damaged Goods,Medium,Temperature excursion affected product quality. Reported at Chennai facility during shift 1.,In Progress,Pune
538,Warehouse Issue,Low,Warehouse staffing shortage reported. Reported at Delhi facility during shift 1.,In Progress,Pune
539,Documentation Error,Medium,Incorrect shipping documentation submitted. Reported at Pune facility during shift 3.,Resolved,Bengaluru
540,Warehouse Issue,Medium,Space constraint affected storage operations. Reported at Ahmedabad facility during shift 3.,In Progress,Chennai
541,Shipment Delay,Low,Shipment delayed due to customs inspection. Reported at Bengaluru facility during shift 3.,Resolved,Ahmedabad
542,Shipment Delay,Medium,Container missed connecting vessel. Reported at Bengaluru facility during shift 1.,Open,Pune
543,Shipment Delay,High,Shipment delayed due to customs inspection. Reported at Delhi facility during shift 3.,Open,Mumbai
544,Warehouse Issue,Medium,Inventory misplaced within storage area. Reported at Pune facility during shift 1.,Resolved,Kolkata
545,Documentation Error,Medium,Missing invoice delayed processing. Reported at Pune facility during shift 2.,Open,Kolkata
546,Warehouse Issue,Medium,Dock congestion slowed warehouse throughput. Reported at Ahmedabad facility during shift 3.,Resolved,Pune
547,Inventory Shortage,Medium,Raw material shortage impacted production. Reported at Delhi facility during shift 2.,Resolved,Hyderabad
548,Inventory Shortage,Critical,Inventory replenishment delayed. Reported at Chennai facility during shift 3.,In Progress,Chennai
549,Inventory Shortage,Low,Cycle count revealed stock deficiency. Reported at Pune facility during shift 3.,Resolved,Mumbai
550,Transportation Failure,Low,Carrier failed to pick up shipment. Reported at Pune facility during shift 3.,In Progress,Pune
551,Inventory Shortage,Medium,Raw material shortage impacted production. Reported at Mumbai facility during shift 3.,Resolved,Pune
552,Transportation Failure,Low,Delivery vehicle breakdown reported. Reported at Hyderabad facility during shift 1.,Open,Pune
553,Damaged Goods,Low,Warehouse accident damaged stored inventory. Reported at Mumbai facility during shift 3.,In Progress,Ahmedabad
554,Customs Issue,Medium,Tariff classification review in progress. Reported at Delhi facility during shift 2.,In Progress,Pune
555,Documentation Error,High,Purchase order details inconsistent. Reported at Mumbai facility during shift 2.,Resolved,Bengaluru
556,Inventory Shortage,Low,Inventory forecast underestimated demand. Reported at Mumbai facility during shift 1.,In Progress,Hyderabad
557,Shipment Delay,High,Truck breakdown caused delivery delay. Reported at Pune facility during shift 1.,Open,Mumbai
558,Documentation Error,Medium,Shipping label generated with incorrect address. Reported at Mumbai facility during shift 2.,Resolved,Ahmedabad
559,Customs Issue,Low,Shipment held by customs authorities. Reported at Kolkata facility during shift 3.,In Progress,Delhi
560,Shipment Delay,Critical,Truck breakdown caused delivery delay. Reported at Pune facility during shift 1.,In Progress,Hyderabad
561,Customs Issue,Low,Regulatory verification delayed release. Reported at Hyderabad facility during shift 1.,In Progress,Ahmedabad
562,Inventory Shortage,Medium,Warehouse stock shortage detected. Reported at Pune facility during shift 1.,In Progress,Ahmedabad
563,Inventory Shortage,Low,Product unavailable due to inventory mismatch. Reported at Chennai facility during shift 1.,In Progress,Mumbai
564,Transportation Failure,High,Transportation network disruption reported. Reported at Mumbai facility during shift 2.,In Progress,Ahmedabad
565,Customs Issue,Medium,Regulatory verification delayed release. Reported at Mumbai facility during shift 3.,Open,Pune
566,Transportation Failure,Low,Driver unavailable for scheduled route. Reported at Delhi facility during shift 2.,In Progress,Ahmedabad
567,Damaged Goods,Low,Forklift accident damaged inventory. Reported at Hyderabad facility during shift 3.,Resolved,Mumbai
568,Shipment Delay,Medium,Shipment rerouted causing additional transit time. Reported at Pune facility during shift 3.,Resolved,Bengaluru
569,Documentation Error,Medium,Incorrect shipping documentation submitted. Reported at Kolkata facility during shift 3.,Resolved,Ahmedabad
570,Documentation Error,Low,Shipping label generated with incorrect address. Reported at Bengaluru facility during shift 2.,In Progress,Chennai
571,Documentation Error,Critical,Documentation approval pending correction. Reported at Delhi facility during shift 1.,In Progress,Delhi
572,Inventory Shortage,Low,Demand exceeded available stock levels. Reported at Bengaluru facility during shift 1.,Open,Kolkata
573,Inventory Shortage,Low,Inventory reservation conflict identified. Reported at Delhi facility during shift 3.,Resolved,Mumbai
574,Shipment Delay,Medium,Delivery delayed due to traffic disruption. Reported at Kolkata facility during shift 3.,In Progress,Ahmedabad
575,Warehouse Issue,Medium,Warehouse stock mismatch identified. Reported at Kolkata facility during shift 1.,Open,Mumbai
576,Shipment Delay,High,Rail transport delay impacted delivery timeline. Reported at Mumbai facility during shift 2.,In Progress,Kolkata
577,Damaged Goods,Medium,Pallet collapse resulted in product damage. Reported at Ahmedabad facility during shift 3.,Open,Delhi
578,Damaged Goods,Medium,Pallet collapse resulted in product damage. Reported at Delhi facility during shift 3.,Resolved,Kolkata
579,Shipment Delay,Low,Delivery delayed due to traffic disruption. Reported at Pune facility during shift 3.,Resolved,Ahmedabad
580,Damaged Goods,Medium,Receiving inspection identified damaged goods. Reported at Pune facility during shift 1.,In Progress,Hyderabad
581,Damaged Goods,Medium,Transit vibration caused product defects. Reported at Ahmedabad facility during shift 3.,Open,Delhi
582,Damaged Goods,Low,Packaging failure led to damaged products. Reported at Ahmedabad facility during shift 2.,In Progress,Mumbai
583,Inventory Shortage,High,Inventory forecast underestimated demand. Reported at Bengaluru facility during shift 2.,Resolved,Pune
584,Warehouse Issue,Medium,Warehouse stock mismatch identified. Reported at Delhi facility during shift 1.,Resolved,Kolkata
585,Inventory Shortage,Low,Unexpected order spike exhausted stock. Reported at Chennai facility during shift 1.,Open,Chennai
586,Inventory Shortage,Critical,Warehouse stock shortage detected. Reported at Ahmedabad facility during shift 1.,Resolved,Bengaluru
587,Damaged Goods,Medium,Water exposure damaged packaged goods. Reported at Ahmedabad facility during shift 3.,Open,Chennai
588,Inventory Shortage,Medium,Safety stock threshold breached. Reported at Ahmedabad facility during shift 3.,In Progress,Pune
589,Damaged Goods,High,Goods arrived with visible damage. Reported at Hyderabad facility during shift 3.,Open,Hyderabad
590,Shipment Delay,High,Delivery delayed due to traffic disruption. Reported at Chennai facility during shift 1.,Open,Bengaluru
591,Customs Issue,Medium,Border inspection extended shipment hold. Reported at Bengaluru facility during shift 2.,Resolved,Chennai
592,Warehouse Issue,Critical,Space constraint affected storage operations. Reported at Chennai facility during shift 2.,Resolved,Delhi
593,Documentation Error,Low,Invoice value discrepancy identified. Reported at Chennai facility during shift 1.,In Progress,Hyderabad
594,Transportation Failure,Medium,Trailer availability issue delayed dispatch. Reported at Kolkata facility during shift 2.,Open,Ahmedabad
595,Damaged Goods,Low,Fragile goods mishandled during unloading. Reported at Kolkata facility during shift 3.,Resolved,Pune
596,Documentation Error,Medium,Missing certificate delayed shipment release. Reported at Hyderabad facility during shift 2.,In Progress,Mumbai
597,Damaged Goods,Low,Shipment contents damaged in transit. Reported at Pune facility during shift 2.,Resolved,Hyderabad
598,Inventory Shortage,High,Inventory replenishment delayed. Reported at Bengaluru facility during shift 1.,Resolved,Kolkata
599,Customs Issue,Low,Customs requested additional documentation. Reported at Delhi facility during shift 3.,In Progress,Hyderabad
600,Damaged Goods,Medium,Receiving inspection identified damaged goods. Reported at Kolkata facility during shift 2.,Open,Bengaluru
601,Damaged Goods,Medium,Packaging failure led to damaged products. Reported at Bengaluru facility during shift 3.,In Progress,Pune
602,Documentation Error,High,Required compliance document missing. Reported at Delhi facility during shift 3.,Open,Hyderabad
603,Shipment Delay,Low,Last-mile delivery partner unavailable. Reported at Delhi facility during shift 3.,Resolved,Delhi
604,Customs Issue,Low,Country-specific restriction affected import. Reported at Pune facility during shift 3.,In Progress,Bengaluru
605,Customs Issue,High,Trade compliance review delayed processing. Reported at Hyderabad facility during shift 2.,In Progress,Pune
606,Damaged Goods,High,Container impact damaged shipment contents. Reported at Hyderabad facility during shift 2.,In Progress,Chennai
607,Warehouse Issue,High,Dock congestion slowed warehouse throughput. Reported at Mumbai facility during shift 2.,Resolved,Mumbai
608,Warehouse Issue,Low,Dock congestion slowed warehouse throughput. Reported at Kolkata facility during shift 3.,Open,Delhi
609,Inventory Shortage,Critical,Demand exceeded available stock levels. Reported at Pune facility during shift 2.,In Progress,Delhi
610,Damaged Goods,Medium,Transit vibration caused product defects. Reported at Delhi facility during shift 1.,Resolved,Delhi
611,Damaged Goods,Medium,Fragile goods mishandled during unloading. Reported at Chennai facility during shift 1.,Open,Delhi
612,Documentation Error,High,Invoice value discrepancy identified. Reported at Delhi facility during shift 2.,Open,Delhi
613,Documentation Error,Medium,Purchase order details inconsistent. Reported at Kolkata facility during shift 2.,In Progress,Kolkata
614,Shipment Delay,Medium,Shipment delayed due to customs inspection. Reported at Bengaluru facility during shift 3.,Open,Pune
615,Warehouse Issue,Medium,Warehouse staffing shortage reported. Reported at Bengaluru facility during shift 1.,Resolved,Bengaluru
616,Inventory Shortage,Low,Procurement delay affected inventory availability. Reported at Pune facility during shift 2.,In Progress,Hyderabad
617,Inventory Shortage,Critical,Product unavailable due to inventory mismatch. Reported at Chennai facility during shift 2.,In Progress,Pune
618,Transportation Failure,Critical,Trailer availability issue delayed dispatch. Reported at Delhi facility during shift 2.,In Progress,Pune
619,Warehouse Issue,Low,Warehouse processing backlog reported. Reported at Delhi facility during shift 2.,Open,Delhi
620,Inventory Shortage,Medium,Procurement delay affected inventory availability. Reported at Chennai facility during shift 3.,Open,Pune
621,Customs Issue,High,Customs valuation dispute identified. Reported at Chennai facility during shift 2.,In Progress,Chennai
622,Documentation Error,High,Incorrect shipping documentation submitted. Reported at Mumbai facility during shift 3.,Open,Mumbai
623,Transportation Failure,Medium,Fleet utilization exceeded available capacity. Reported at Kolkata facility during shift 1.,In Progress,Delhi
624,Inventory Shortage,Medium,Procurement delay affected inventory availability. Reported at Chennai facility during shift 2.,Open,Hyderabad
625,Documentation Error,High,Documentation approval pending correction. Reported at Delhi facility during shift 2.,Open,Mumbai
626,Damaged Goods,Low,Product packaging torn during loading. Reported at Mumbai facility during shift 2.,Open,Hyderabad
627,Warehouse Issue,High,Inventory misplaced within storage area. Reported at Bengaluru facility during shift 2.,In Progress,Delhi
628,Shipment Delay,Medium,Cargo loading completed behind schedule. Reported at Ahmedabad facility during shift 1.,In Progress,Pune
629,Inventory Shortage,Low,Warehouse stock shortage detected. Reported at Chennai facility during shift 3.,Open,Ahmedabad
630,Inventory Shortage,High,Product unavailable due to inventory mismatch. Reported at Mumbai facility during shift 3.,In Progress,Bengaluru
631,Transportation Failure,Low,Vehicle maintenance issue halted delivery. Reported at Hyderabad facility during shift 2.,Open,Chennai
632,Warehouse Issue,Medium,Inventory allocation issue detected. Reported at Pune facility during shift 3.,Resolved,Mumbai
633,Shipment Delay,High,Holiday demand surge caused shipping delays. Reported at Chennai facility during shift 1.,Resolved,Delhi
634,Damaged Goods,Low,Water exposure damaged packaged goods. Reported at Ahmedabad facility during shift 3.,Resolved,Mumbai
635,Damaged Goods,Low,Transit vibration caused product defects. Reported at Pune facility during shift 1.,In Progress,Ahmedabad
636,Damaged Goods,High,Transit vibration caused product defects. Reported at Kolkata facility during shift 3.,In Progress,Delhi
637,Shipment Delay,Low,Port congestion delayed shipment arrival. Reported at Chennai facility during shift 1.,Resolved,Ahmedabad
638,Warehouse Issue,Medium,Cycle count discrepancy identified. Reported at Ahmedabad facility during shift 1.,In Progress,Chennai
639,Warehouse Issue,Critical,Dock congestion slowed warehouse throughput. Reported at Delhi facility during shift 2.,Open,Kolkata
640,Transportation Failure,Medium,Delivery vehicle breakdown reported. Reported at Mumbai facility during shift 2.,Open,Bengaluru
641,Customs Issue,Medium,Trade compliance review delayed processing. Reported at Pune facility during shift 3.,Resolved,Mumbai
642,Transportation Failure,Medium,Accident blocked scheduled delivery route. Reported at Bengaluru facility during shift 2.,Resolved,Kolkata
643,Inventory Shortage,Medium,Inventory reservation conflict identified. Reported at Chennai facility during shift 1.,Open,Ahmedabad
644,Warehouse Issue,High,Warehouse management system outage reported. Reported at Delhi facility during shift 1.,In Progress,Bengaluru
645,Damaged Goods,Low,Shipment contents damaged in transit. Reported at Chennai facility during shift 3.,Resolved,Kolkata
646,Transportation Failure,Medium,Transportation network disruption reported. Reported at Bengaluru facility during shift 1.,Resolved,Ahmedabad
647,Shipment Delay,Medium,Holiday demand surge caused shipping delays. Reported at Ahmedabad facility during shift 2.,In Progress,Chennai
648,Shipment Delay,Medium,Delivery delayed due to traffic disruption. Reported at Kolkata facility during shift 1.,Open,Mumbai
649,Warehouse Issue,Medium,Cycle count discrepancy identified. Reported at Hyderabad facility during shift 3.,Resolved,Ahmedabad
650,Damaged Goods,High,Water exposure damaged packaged goods. Reported at Chennai facility during shift 1.,In Progress,Ahmedabad
651,Customs Issue,Medium,Customs valuation dispute identified. Reported at Pune facility during shift 3.,Open,Bengaluru
652,Shipment Delay,Critical,Container missed connecting vessel. Reported at Pune facility during shift 3.,In Progress,Pune
653,Customs Issue,Medium,Customs clearance process delayed. Reported at Chennai facility during shift 1.,Resolved,Kolkata
654,Shipment Delay,Low,Carrier scheduling issue caused shipment delay. Reported at Bengaluru facility during shift 1.,In Progress,Bengaluru
655,Transportation Failure,Medium,Transportation network disruption reported. Reported at Bengaluru facility during shift 3.,In Progress,Chennai
656,Customs Issue,Medium,Trade compliance review delayed processing. Reported at Mumbai facility during shift 2.,Resolved,Delhi
657,Transportation Failure,Critical,Delivery vehicle breakdown reported. Reported at Chennai facility during shift 3.,Resolved,Ahmedabad
658,Documentation Error,Medium,Invoice value discrepancy identified. Reported at Delhi facility during shift 3.,Resolved,Delhi
659,Shipment Delay,High,Delivery delayed due to traffic disruption. Reported at Pune facility during shift 3.,In Progress,Bengaluru
660,Damaged Goods,Medium,Pallet collapse resulted in product damage. Reported at Pune facility during shift 2.,Open,Delhi
661,Transportation Failure,Medium,Route planning error delayed movement. Reported at Hyderabad facility during shift 3.,In Progress,Bengaluru
662,Inventory Shortage,Medium,Demand exceeded available stock levels. Reported at Hyderabad facility during shift 3.,Resolved,Delhi
663,Customs Issue,Medium,Customs valuation dispute identified. Reported at Delhi facility during shift 3.,Resolved,Pune
664,Customs Issue,Medium,Customs clearance process delayed. Reported at Pune facility during shift 3.,Resolved,Kolkata
665,Customs Issue,High,Regulatory approval pending clearance. Reported at Hyderabad facility during shift 2.,Resolved,Mumbai
666,Shipment Delay,Medium,Delivery delayed due to traffic disruption. Reported at Delhi facility during shift 1.,Open,Hyderabad
667,Warehouse Issue,Medium,Space constraint affected storage operations. Reported at Delhi facility during shift 2.,Open,Chennai
668,Customs Issue,High,Shipment selected for random inspection. Reported at Hyderabad facility during shift 1.,Open,Pune
669,Warehouse Issue,High,Warehouse management system outage reported. Reported at Mumbai facility during shift 3.,Resolved,Bengaluru
670,Customs Issue,Medium,Customs valuation dispute identified. Reported at Kolkata facility during shift 1.,Resolved,Hyderabad
671,Customs Issue,Medium,Customs valuation dispute identified. Reported at Chennai facility during shift 2.,Resolved,Pune
672,Documentation Error,Low,Incorrect shipping documentation submitted. Reported at Chennai facility during shift 3.,Resolved,Ahmedabad
673,Warehouse Issue,Medium,Warehouse processing backlog reported. Reported at Pune facility during shift 3.,Resolved,Bengaluru
674,Warehouse Issue,Medium,Put-away process delayed inventory availability. Reported at Bengaluru facility during shift 2.,Resolved,Mumbai
675,Inventory Shortage,Low,Inventory replenishment delayed. Reported at Mumbai facility during shift 2.,In Progress,Hyderabad
676,Inventory Shortage,Medium,Inventory replenishment delayed. Reported at Hyderabad facility during shift 1.,Resolved,Delhi
677,Shipment Delay,Low,Port congestion delayed shipment arrival. Reported at Pune facility during shift 3.,Resolved,Hyderabad
678,Transportation Failure,High,Third-party carrier cancelled shipment booking. Reported at Pune facility during shift 1.,In Progress,Bengaluru
679,Inventory Shortage,Low,Backordered items unavailable for dispatch. Reported at Mumbai facility during shift 3.,Resolved,Kolkata
680,Shipment Delay,Medium,Container missed connecting vessel. Reported at Bengaluru facility during shift 1.,In Progress,Pune
681,Damaged Goods,High,Forklift accident damaged inventory. Reported at Ahmedabad facility during shift 3.,Resolved,Chennai
682,Shipment Delay,Low,Shipment rerouted causing additional transit time. Reported at Pune facility during shift 2.,Resolved,Bengaluru
683,Shipment Delay,Critical,Shipment rerouted causing additional transit time. Reported at Pune facility during shift 2.,Open,Kolkata
684,Damaged Goods,Critical,Temperature excursion affected product quality. Reported at Hyderabad facility during shift 1.,In Progress,Ahmedabad
685,Transportation Failure,Low,Delivery vehicle breakdown reported. Reported at Hyderabad facility during shift 3.,Resolved,Mumbai
686,Shipment Delay,Low,Port congestion delayed shipment arrival. Reported at Chennai facility during shift 3.,Resolved,Bengaluru
687,Warehouse Issue,Low,Dock congestion slowed warehouse throughput. Reported at Kolkata facility during shift 1.,Resolved,Kolkata
688,Customs Issue,Medium,Trade compliance review delayed processing. Reported at Mumbai facility during shift 3.,Open,Ahmedabad
689,Customs Issue,Low,Customs requested additional documentation. Reported at Chennai facility during shift 1.,Open,Hyderabad
690,Documentation Error,Medium,Missing invoice delayed processing. Reported at Bengaluru facility during shift 2.,In Progress,Kolkata
691,Transportation Failure,Medium,Driver unavailable for scheduled route. Reported at Chennai facility during shift 2.,Resolved,Chennai
692,Customs Issue,Medium,Regulatory approval pending clearance. Reported at Mumbai facility during shift 3.,Resolved,Mumbai
693,Damaged Goods,High,Receiving inspection identified damaged goods. Reported at Mumbai facility during shift 2.,In Progress,Mumbai
694,Damaged Goods,Medium,Warehouse accident damaged stored inventory. Reported at Ahmedabad facility during shift 2.,Resolved,Chennai
695,Transportation Failure,High,Carrier failed to pick up shipment. Reported at Bengaluru facility during shift 1.,Resolved,Hyderabad
696,Customs Issue,High,Import documentation under review. Reported at Hyderabad facility during shift 3.,Resolved,Pune
697,Shipment Delay,Low,Cargo loading completed behind schedule. Reported at Delhi facility during shift 1.,Resolved,Kolkata
698,Documentation Error,Low,Labeling information did not match shipment. Reported at Mumbai facility during shift 2.,Resolved,Pune
699,Inventory Shortage,Low,Supplier delay created inventory gap. Reported at Delhi facility during shift 1.,Resolved,Hyderabad
700,Inventory Shortage,High,Product unavailable due to inventory mismatch. Reported at Delhi facility during shift 3.,Open,Ahmedabad
701,Customs Issue,Medium,Shipment flagged for compliance audit. Reported at Mumbai facility during shift 2.,In Progress,Mumbai
702,Inventory Shortage,Medium,Procurement delay affected inventory availability. Reported at Ahmedabad facility during shift 2.,Resolved,Bengaluru
703,Shipment Delay,Medium,Carrier scheduling issue caused shipment delay. Reported at Mumbai facility during shift 1.,In Progress,Pune
704,Documentation Error,Medium,Missing certificate delayed shipment release. Reported at Hyderabad facility during shift 3.,Resolved,Pune
705,Warehouse Issue,Low,Receiving delay impacted warehouse operations. Reported at Kolkata facility during shift 1.,Open,Bengaluru
706,Customs Issue,High,Regulatory approval pending clearance. Reported at Kolkata facility during shift 2.,Open,Pune
707,Transportation Failure,High,Fleet utilization exceeded available capacity. Reported at Ahmedabad facility during shift 2.,In Progress,Mumbai
708,Inventory Shortage,High,Raw material shortage impacted production. Reported at Mumbai facility during shift 2.,Open,Bengaluru
709,Damaged Goods,Low,Packaging failure led to damaged products. Reported at Mumbai facility during shift 3.,Open,Chennai
710,Warehouse Issue,Low,Cycle count discrepancy identified. Reported at Kolkata facility during shift 3.,Open,Hyderabad
711,Documentation Error,High,Shipping label generated with incorrect address. Reported at Ahmedabad facility during shift 3.,In Progress,Kolkata
712,Inventory Shortage,Medium,Warehouse unable to fulfill requested quantity. Reported at Hyderabad facility during shift 1.,Resolved,Mumbai
713,Transportation Failure,Low,Driver unavailable for scheduled route. Reported at Chennai facility during shift 3.,Resolved,Delhi
714,Warehouse Issue,Low,Inventory misplaced within storage area. Reported at Delhi facility during shift 2.,Resolved,Delhi
715,Customs Issue,Low,Regulatory approval pending clearance. Reported at Ahmedabad facility during shift 2.,In Progress,Bengaluru
716,Shipment Delay,Low,Carrier scheduling issue caused shipment delay. Reported at Pune facility during shift 1.,Open,Pune
717,Transportation Failure,Low,Fleet utilization exceeded available capacity. Reported at Ahmedabad facility during shift 1.,Resolved,Pune
718,Shipment Delay,Low,Dispatch process delayed at origin facility. Reported at Hyderabad facility during shift 3.,Resolved,Delhi
719,Transportation Failure,Medium,Accident blocked scheduled delivery route. Reported at Kolkata facility during shift 2.,Open,Hyderabad
720,Transportation Failure,Medium,Trailer availability issue delayed dispatch. Reported at Bengaluru facility during shift 3.,In Progress,Ahmedabad
721,Warehouse Issue,High,Warehouse management system outage reported. Reported at Chennai facility during shift 3.,In Progress,Delhi
722,Inventory Shortage,Low,Product unavailable due to inventory mismatch. Reported at Hyderabad facility during shift 1.,Open,Pune
723,Documentation Error,Low,Data entry error impacted shipment records. Reported at Mumbai facility during shift 3.,In Progress,Mumbai
724,Transportation Failure,Low,Accident blocked scheduled delivery route. Reported at Ahmedabad facility during shift 2.,Open,Kolkata
725,Shipment Delay,Medium,Unexpected weather conditions slowed transportation. Reported at Chennai facility during shift 1.,Open,Delhi
726,Customs Issue,Low,Shipment flagged for compliance audit. Reported at Chennai facility during shift 3.,Open,Hyderabad
727,Inventory Shortage,Critical,Backordered items unavailable for dispatch. Reported at Kolkata facility during shift 3.,Resolved,Chennai
728,Customs Issue,Low,Regulatory approval pending clearance. Reported at Hyderabad facility during shift 1.,Resolved,Ahmedabad
729,Warehouse Issue,High,Warehouse management system outage reported. Reported at Delhi facility during shift 1.,Resolved,Delhi
730,Warehouse Issue,Medium,Cycle count discrepancy identified. Reported at Delhi facility during shift 3.,In Progress,Delhi
731,Customs Issue,Medium,Customs valuation dispute identified. Reported at Pune facility during shift 2.,Open,Bengaluru
732,Transportation Failure,Low,Fuel supply issue interrupted transportation. Reported at Delhi facility during shift 1.,Resolved,Kolkata
733,Warehouse Issue,Medium,Storage location information incorrect. Reported at Mumbai facility during shift 1.,Resolved,Chennai
734,Warehouse Issue,Medium,Inventory misplaced within storage area. Reported at Mumbai facility during shift 1.,Open,Chennai
735,Warehouse Issue,Medium,Dock congestion slowed warehouse throughput. Reported at Kolkata facility during shift 3.,Open,Kolkata
736,Inventory Shortage,Medium,Unexpected order spike exhausted stock. Reported at Ahmedabad facility during shift 2.,Resolved,Mumbai
737,Transportation Failure,High,Carrier failed to pick up shipment. Reported at Hyderabad facility during shift 2.,Open,Hyderabad
738,Documentation Error,Low,Shipping label generated with incorrect address. Reported at Kolkata facility during shift 2.,Resolved,Chennai
739,Documentation Error,Low,Labeling information did not match shipment. Reported at Mumbai facility during shift 3.,Resolved,Bengaluru
740,Customs Issue,Medium,Shipment selected for random inspection. Reported at Pune facility during shift 2.,Open,Kolkata
741,Customs Issue,High,Border security inspection caused delay. Reported at Hyderabad facility during shift 2.,In Progress,Pune
742,Documentation Error,Medium,Required compliance document missing. Reported at Kolkata facility during shift 1.,Resolved,Ahmedabad
743,Inventory Shortage,Critical,Safety stock threshold breached. Reported at Ahmedabad facility during shift 2.,Resolved,Pune
744,Warehouse Issue,Low,Put-away process delayed inventory availability. Reported at Kolkata facility during shift 3.,Resolved,Mumbai
745,Customs Issue,Critical,Border inspection extended shipment hold. Reported at Ahmedabad facility during shift 3.,Open,Bengaluru
746,Documentation Error,Medium,Purchase order details inconsistent. Reported at Pune facility during shift 3.,Resolved,Chennai
747,Inventory Shortage,High,Supplier delay created inventory gap. Reported at Chennai facility during shift 1.,In Progress,Kolkata
748,Shipment Delay,Medium,Truck breakdown caused delivery delay. Reported at Hyderabad facility during shift 1.,Resolved,Chennai
749,Customs Issue,Medium,Tariff classification review in progress. Reported at Kolkata facility during shift 3.,In Progress,Chennai
750,Warehouse Issue,Medium,Warehouse staffing shortage reported. Reported at Delhi facility during shift 3.,Open,Bengaluru
751,Warehouse Issue,Low,Dock congestion slowed warehouse throughput. Reported at Hyderabad facility during shift 1.,Resolved,Bengaluru
752,Documentation Error,Low,Customs paperwork contained errors. Reported at Chennai facility during shift 2.,Open,Delhi
753,Shipment Delay,Medium,Carrier scheduling issue caused shipment delay. Reported at Kolkata facility during shift 2.,In Progress,Bengaluru
754,Documentation Error,Medium,Incorrect shipping documentation submitted. Reported at Mumbai facility during shift 1.,Resolved,Pune
755,Damaged Goods,Medium,Transit vibration caused product defects. Reported at Hyderabad facility during shift 1.,Open,Ahmedabad
756,Transportation Failure,Low,Route planning error delayed movement. Reported at Chennai facility during shift 2.,Resolved,Mumbai
757,Documentation Error,Critical,Missing invoice delayed processing. Reported at Hyderabad facility during shift 2.,Resolved,Hyderabad
758,Documentation Error,Medium,Manifest information incomplete. Reported at Hyderabad facility during shift 3.,In Progress,Ahmedabad
759,Warehouse Issue,Medium,Warehouse processing backlog reported. Reported at Pune facility during shift 2.,Resolved,Chennai
760,Transportation Failure,Medium,Transport route disruption due to road closure. Reported at Hyderabad facility during shift 1.,Open,Bengaluru
761,Warehouse Issue,Medium,Receiving delay impacted warehouse operations. Reported at Kolkata facility during shift 2.,Open,Hyderabad
762,Inventory Shortage,Medium,Stockout occurred at fulfillment center. Reported at Mumbai facility during shift 2.,In Progress,Mumbai
763,Documentation Error,Medium,Shipping label generated with incorrect address. Reported at Delhi facility during shift 2.,Open,Hyderabad
764,Inventory Shortage,High,Procurement delay affected inventory availability. Reported at Bengaluru facility during shift 2.,Open,Bengaluru
765,Warehouse Issue,Low,Inventory allocation issue detected. Reported at Bengaluru facility during shift 1.,Open,Pune
766,Inventory Shortage,Critical,Unexpected order spike exhausted stock. Reported at Mumbai facility during shift 1.,Resolved,Ahmedabad
767,Documentation Error,Medium,Incorrect shipping documentation submitted. Reported at Chennai facility during shift 2.,In Progress,Ahmedabad
768,Documentation Error,Low,Manifest information incomplete. Reported at Hyderabad facility during shift 2.,Resolved,Hyderabad
769,Transportation Failure,Medium,Logistics partner experienced operational failure. Reported at Delhi facility during shift 1.,In Progress,Ahmedabad
770,Documentation Error,High,Incorrect shipping documentation submitted. Reported at Pune facility during shift 2.,Open,Ahmedabad
771,Shipment Delay,Medium,Dispatch process delayed at origin facility. Reported at Ahmedabad facility during shift 2.,Open,Bengaluru
772,Transportation Failure,Medium,Route planning error delayed movement. Reported at Mumbai facility during shift 2.,In Progress,Delhi
773,Documentation Error,Medium,Required compliance document missing. Reported at Bengaluru facility during shift 2.,Resolved,Pune
774,Damaged Goods,Low,Goods arrived with visible damage. Reported at Ahmedabad facility during shift 2.,Resolved,Pune
775,Damaged Goods,Medium,Transit vibration caused product defects. Reported at Kolkata facility during shift 2.,Resolved,Delhi
776,Documentation Error,High,Missing certificate delayed shipment release. Reported at Bengaluru facility during shift 1.,Open,Kolkata
777,Warehouse Issue,High,Order picking queue exceeded capacity. Reported at Bengaluru facility during shift 1.,Resolved,Delhi
778,Transportation Failure,Medium,Third-party carrier cancelled shipment booking. Reported at Chennai facility during shift 1.,Open,Pune
779,Warehouse Issue,Medium,Warehouse management system outage reported. Reported at Hyderabad facility during shift 2.,Resolved,Chennai
780,Transportation Failure,Low,Transport route disruption due to road closure. Reported at Delhi facility during shift 1.,In Progress,Ahmedabad
781,Warehouse Issue,High,Dock congestion slowed warehouse throughput. Reported at Mumbai facility during shift 2.,In Progress,Pune
782,Damaged Goods,Low,Temperature excursion affected product quality. Reported at Hyderabad facility during shift 2.,Open,Pune
783,Warehouse Issue,Medium,Dock congestion slowed warehouse throughput. Reported at Bengaluru facility during shift 3.,Resolved,Delhi
784,Warehouse Issue,Medium,Inventory allocation issue detected. Reported at Pune facility during shift 2.,In Progress,Ahmedabad
785,Shipment Delay,Medium,Delivery delayed due to traffic disruption. Reported at Hyderabad facility during shift 2.,Open,Delhi
786,Customs Issue,Medium,Shipment selected for random inspection. Reported at Pune facility during shift 2.,Resolved,Kolkata
787,Warehouse Issue,Low,Order consolidation process delayed shipment. Reported at Mumbai facility during shift 1.,Open,Pune
788,Damaged Goods,Low,Fragile goods mishandled during unloading. Reported at Hyderabad facility during shift 3.,Resolved,Kolkata
789,Damaged Goods,High,Receiving inspection identified damaged goods. Reported at Ahmedabad facility during shift 2.,Resolved,Ahmedabad
790,Transportation Failure,Low,Carrier failed to pick up shipment. Reported at Delhi facility during shift 1.,Open,Hyderabad
791,Customs Issue,Low,Regulatory approval pending clearance. Reported at Mumbai facility during shift 1.,Open,Mumbai
792,Shipment Delay,Low,Mechanical failure delayed freight movement. Reported at Ahmedabad facility during shift 3.,In Progress,Mumbai
793,Shipment Delay,Medium,Carrier scheduling issue caused shipment delay. Reported at Delhi facility during shift 1.,In Progress,Hyderabad
794,Inventory Shortage,Medium,Demand exceeded available stock levels. Reported at Hyderabad facility during shift 2.,Open,Delhi
795,Shipment Delay,High,Shipment delayed due to customs inspection. Reported at Pune facility during shift 2.,In Progress,Hyderabad
796,Documentation Error,Medium,Export declaration contained errors. Reported at Delhi facility during shift 3.,Resolved,Ahmedabad
797,Customs Issue,Medium,Regulatory approval pending clearance. Reported at Kolkata facility during shift 3.,Resolved,Hyderabad
798,Damaged Goods,Medium,Improper handling caused item breakage. Reported at Bengaluru facility during shift 1.,In Progress,Kolkata
799,Damaged Goods,Low,Goods arrived with visible damage. Reported at Hyderabad facility during shift 1.,Open,Pune
800,Damaged Goods,Critical,Improper handling caused item breakage. Reported at Chennai facility during shift 3.,In Progress,Hyderabad
801,Shipment Delay,Medium,Driver shortage affected transportation schedule. Reported at Kolkata facility during shift 2.,Open,Pune
802,Inventory Shortage,Low,Supplier delay created inventory gap. Reported at Kolkata facility during shift 2.,Resolved,Kolkata
803,Warehouse Issue,Low,Order picking queue exceeded capacity. Reported at Bengaluru facility during shift 2.,Resolved,Bengaluru
804,Documentation Error,Medium,Invoice value discrepancy identified. Reported at Hyderabad facility during shift 2.,Resolved,Hyderabad
805,Transportation Failure,Low,Logistics partner experienced operational failure. Reported at Mumbai facility during shift 1.,Open,Ahmedabad
806,Documentation Error,Medium,Export declaration contained errors. Reported at Hyderabad facility during shift 3.,Open,Pune
807,Shipment Delay,Low,Port congestion delayed shipment arrival. Reported at Chennai facility during shift 3.,Open,Hyderabad
808,Damaged Goods,Low,Goods arrived with visible damage. Reported at Ahmedabad facility during shift 3.,Open,Delhi
809,Shipment Delay,Medium,Last-mile delivery partner unavailable. Reported at Bengaluru facility during shift 2.,In Progress,Pune
810,Transportation Failure,Low,Equipment malfunction impacted transport operations. Reported at Chennai facility during shift 2.,Open,Chennai
811,Damaged Goods,Medium,Warehouse accident damaged stored inventory. Reported at Kolkata facility during shift 1.,Open,Bengaluru
812,Warehouse Issue,Low,Inventory allocation issue detected. Reported at Kolkata facility during shift 1.,Resolved,Bengaluru
813,Transportation Failure,High,Third-party carrier cancelled shipment booking. Reported at Ahmedabad facility during shift 1.,Open,Bengaluru
814,Transportation Failure,Medium,Equipment malfunction impacted transport operations. Reported at Mumbai facility during shift 3.,Open,Ahmedabad
815,Transportation Failure,Low,Accident blocked scheduled delivery route. Reported at Hyderabad facility during shift 2.,Resolved,Chennai
816,Customs Issue,Medium,Country-specific restriction affected import. Reported at Mumbai facility during shift 2.,In Progress,Bengaluru
817,Damaged Goods,Low,Receiving inspection identified damaged goods. Reported at Chennai facility during shift 3.,Open,Bengaluru
818,Customs Issue,Low,Tariff classification review in progress. Reported at Pune facility during shift 1.,In Progress,Mumbai
819,Transportation Failure,Critical,Third-party carrier cancelled shipment booking. Reported at Bengaluru facility during shift 1.,Resolved,Ahmedabad
820,Customs Issue,High,Border security inspection caused delay. Reported at Delhi facility during shift 2.,Open,Delhi
821,Transportation Failure,Low,Transport route disruption due to road closure. Reported at Pune facility during shift 3.,In Progress,Delhi
822,Customs Issue,Medium,Shipment flagged for compliance audit. Reported at Mumbai facility during shift 1.,In Progress,Pune
823,Warehouse Issue,Low,Order consolidation process delayed shipment. Reported at Ahmedabad facility during shift 3.,Resolved,Kolkata
824,Damaged Goods,High,Packaging failure led to damaged products. Reported at Delhi facility during shift 2.,In Progress,Ahmedabad
825,Documentation Error,Medium,Required compliance document missing. Reported at Ahmedabad facility during shift 1.,Resolved,Pune
826,Damaged Goods,High,Packaging failure led to damaged products. Reported at Ahmedabad facility during shift 2.,Resolved,Delhi
827,Shipment Delay,Low,Cargo loading completed behind schedule. Reported at Delhi facility during shift 2.,In Progress,Pune
828,Transportation Failure,Low,Delivery vehicle breakdown reported. Reported at Kolkata facility during shift 3.,Open,Pune
829,Warehouse Issue,High,Cycle count discrepancy identified. Reported at Bengaluru facility during shift 2.,Resolved,Kolkata
830,Inventory Shortage,Low,Backordered items unavailable for dispatch. Reported at Ahmedabad facility during shift 3.,In Progress,Pune
831,Transportation Failure,Low,Accident blocked scheduled delivery route. Reported at Pune facility during shift 1.,Resolved,Mumbai
832,Shipment Delay,High,Holiday demand surge caused shipping delays. Reported at Delhi facility during shift 1.,Open,Mumbai
833,Transportation Failure,Medium,Logistics partner experienced operational failure. Reported at Mumbai facility during shift 1.,In Progress,Ahmedabad
834,Documentation Error,Medium,Documentation approval pending correction. Reported at Hyderabad facility during shift 1.,Resolved,Mumbai
835,Shipment Delay,Medium,Mechanical failure delayed freight movement. Reported at Bengaluru facility during shift 3.,Open,Ahmedabad
836,Warehouse Issue,Medium,Dock congestion slowed warehouse throughput. Reported at Chennai facility during shift 2.,In Progress,Pune
837,Warehouse Issue,Low,Put-away process delayed inventory availability. Reported at Chennai facility during shift 3.,Open,Mumbai
838,Warehouse Issue,Critical,Inventory allocation issue detected. Reported at Mumbai facility during shift 1.,Open,Mumbai
839,Customs Issue,Low,Border inspection extended shipment hold. Reported at Kolkata facility during shift 1.,Resolved,Bengaluru
840,Documentation Error,High,Missing certificate delayed shipment release. Reported at Delhi facility during shift 3.,In Progress,Mumbai
841,Warehouse Issue,Medium,Dock congestion slowed warehouse throughput. Reported at Pune facility during shift 3.,Resolved,Kolkata
842,Shipment Delay,Medium,Port congestion delayed shipment arrival. Reported at Delhi facility during shift 3.,In Progress,Delhi
843,Documentation Error,Critical,Documentation approval pending correction. Reported at Ahmedabad facility during shift 2.,Resolved,Pune
844,Warehouse Issue,Medium,Receiving delay impacted warehouse operations. Reported at Kolkata facility during shift 3.,Resolved,Pune
845,Documentation Error,High,Bill of lading information mismatch detected. Reported at Bengaluru facility during shift 2.,Resolved,Hyderabad
846,Damaged Goods,Low,Improper handling caused item breakage. Reported at Ahmedabad facility during shift 2.,Open,Hyderabad
847,Documentation Error,Low,Incorrect shipping documentation submitted. Reported at Delhi facility during shift 2.,Open,Bengaluru
848,Warehouse Issue,High,Receiving delay impacted warehouse operations. Reported at Chennai facility during shift 3.,Resolved,Delhi
849,Shipment Delay,Low,Shipment delayed due to customs inspection. Reported at Ahmedabad facility during shift 2.,In Progress,Pune
850,Documentation Error,High,Bill of lading information mismatch detected. Reported at Bengaluru facility during shift 2.,Open,Kolkata
851,Documentation Error,Low,Shipping label generated with incorrect address. Reported at Bengaluru facility during shift 3.,In Progress,Ahmedabad
852,Inventory Shortage,Medium,Inventory forecast underestimated demand. Reported at Mumbai facility during shift 3.,Open,Kolkata
853,Shipment Delay,Medium,Driver shortage affected transportation schedule. Reported at Chennai facility during shift 2.,In Progress,Kolkata
854,Warehouse Issue,Medium,Picking error occurred in warehouse. Reported at Bengaluru facility during shift 3.,Resolved,Chennai
855,Customs Issue,Medium,Shipment selected for random inspection. Reported at Kolkata facility during shift 1.,Open,Pune
856,Documentation Error,Medium,Documentation approval pending correction. Reported at Delhi facility during shift 2.,Open,Delhi
857,Shipment Delay,High,Shipment rerouted causing additional transit time. Reported at Kolkata facility during shift 2.,Resolved,Mumbai
858,Inventory Shortage,Low,Supplier delay created inventory gap. Reported at Hyderabad facility during shift 2.,In Progress,Mumbai
859,Transportation Failure,Medium,Route planning error delayed movement. Reported at Chennai facility during shift 3.,Open,Kolkata
860,Documentation Error,Medium,Purchase order details inconsistent. Reported at Delhi facility during shift 1.,Open,Ahmedabad
861,Transportation Failure,Medium,Accident blocked scheduled delivery route. Reported at Bengaluru facility during shift 3.,Resolved,Bengaluru
862,Inventory Shortage,Medium,Product unavailable due to inventory mismatch. Reported at Hyderabad facility during shift 2.,Resolved,Mumbai
863,Shipment Delay,Medium,Shipment rerouted causing additional transit time. Reported at Kolkata facility during shift 2.,Open,Pune
864,Damaged Goods,Low,Container impact damaged shipment contents. Reported at Chennai facility during shift 2.,In Progress,Ahmedabad
865,Documentation Error,Critical,Customs paperwork contained errors. Reported at Ahmedabad facility during shift 1.,Open,Bengaluru
866,Customs Issue,High,Customs requested additional documentation. Reported at Delhi facility during shift 3.,Open,Chennai
867,Inventory Shortage,Low,Cycle count revealed stock deficiency. Reported at Delhi facility during shift 2.,Resolved,Mumbai
868,Damaged Goods,Medium,Improper handling caused item breakage. Reported at Ahmedabad facility during shift 1.,Resolved,Bengaluru
869,Inventory Shortage,Medium,Backordered items unavailable for dispatch. Reported at Hyderabad facility during shift 3.,Resolved,Delhi
870,Customs Issue,Medium,Regulatory approval pending clearance. Reported at Chennai facility during shift 2.,Resolved,Chennai
871,Damaged Goods,Low,Goods arrived with visible damage. Reported at Chennai facility during shift 2.,Resolved,Hyderabad
872,Shipment Delay,Medium,Last-mile delivery partner unavailable. Reported at Chennai facility during shift 1.,In Progress,Pune
873,Warehouse Issue,High,Picking error occurred in warehouse. Reported at Chennai facility during shift 2.,Resolved,Kolkata
874,Inventory Shortage,Medium,Supplier delay created inventory gap. Reported at Mumbai facility during shift 2.,Resolved,Mumbai
875,Inventory Shortage,Critical,Demand exceeded available stock levels. Reported at Ahmedabad facility during shift 3.,Open,Chennai
876,Inventory Shortage,Medium,Warehouse unable to fulfill requested quantity. Reported at Hyderabad facility during shift 2.,Resolved,Delhi
877,Shipment Delay,Medium,Container missed connecting vessel. Reported at Pune facility during shift 2.,Open,Hyderabad
878,Warehouse Issue,High,Warehouse stock mismatch identified. Reported at Hyderabad facility during shift 2.,Open,Hyderabad
879,Inventory Shortage,Medium,Inventory replenishment delayed. Reported at Pune facility during shift 2.,Open,Kolkata
880,Documentation Error,Low,Missing certificate delayed shipment release. Reported at Bengaluru facility during shift 2.,Open,Kolkata
881,Damaged Goods,Medium,Receiving inspection identified damaged goods. Reported at Pune facility during shift 2.,Open,Delhi
882,Documentation Error,Medium,Labeling information did not match shipment. Reported at Bengaluru facility during shift 1.,Resolved,Delhi
883,Transportation Failure,Critical,Trailer availability issue delayed dispatch. Reported at Delhi facility during shift 3.,Open,Pune
884,Shipment Delay,Medium,Cargo loading completed behind schedule. Reported at Mumbai facility during shift 1.,Open,Chennai
885,Warehouse Issue,Medium,Receiving delay impacted warehouse operations. Reported at Kolkata facility during shift 2.,Resolved,Hyderabad
886,Inventory Shortage,Low,Unexpected order spike exhausted stock. Reported at Bengaluru facility during shift 1.,Open,Hyderabad
887,Documentation Error,Low,Documentation approval pending correction. Reported at Bengaluru facility during shift 3.,Resolved,Chennai
888,Damaged Goods,Medium,Product packaging torn during loading. Reported at Ahmedabad facility during shift 1.,Resolved,Ahmedabad
889,Customs Issue,High,Customs valuation dispute identified. Reported at Pune facility during shift 1.,In Progress,Ahmedabad
890,Inventory Shortage,Low,Inventory replenishment delayed. Reported at Bengaluru facility during shift 1.,Open,Hyderabad
891,Transportation Failure,Low,Logistics partner experienced operational failure. Reported at Bengaluru facility during shift 1.,In Progress,Ahmedabad
892,Customs Issue,Medium,Customs requested additional documentation. Reported at Ahmedabad facility during shift 1.,Open,Kolkata
893,Customs Issue,Critical,Customs requested additional documentation. Reported at Kolkata facility during shift 3.,Resolved,Chennai
894,Documentation Error,High,Missing invoice delayed processing. Reported at Ahmedabad facility during shift 2.,Open,Bengaluru
895,Documentation Error,Low,Labeling information did not match shipment. Reported at Kolkata facility during shift 3.,In Progress,Chennai
896,Inventory Shortage,High,Stockout occurred at fulfillment center. Reported at Ahmedabad facility during shift 2.,In Progress,Ahmedabad
897,Inventory Shortage,Critical,Supplier delay created inventory gap. Reported at Hyderabad facility during shift 3.,Resolved,Delhi
898,Transportation Failure,High,Transportation network disruption reported. Reported at Ahmedabad facility during shift 1.,Open,Delhi
899,Warehouse Issue,Medium,Cycle count discrepancy identified. Reported at Delhi facility during shift 2.,In Progress,Chennai
900,Inventory Shortage,Low,Inventory forecast underestimated demand. Reported at Bengaluru facility during shift 2.,In Progress,Delhi
901,Customs Issue,Low,Regulatory approval pending clearance. Reported at Mumbai facility during shift 1.,In Progress,Pune
902,Shipment Delay,High,Cargo loading completed behind schedule. Reported at Kolkata facility during shift 3.,Resolved,Delhi
903,Transportation Failure,High,Transportation vendor system outage reported. Reported at Kolkata facility during shift 1.,In Progress,Delhi
904,Inventory Shortage,High,Inventory reservation conflict identified. Reported at Delhi facility during shift 1.,Open,Kolkata
905,Damaged Goods,Medium,Shipment contents damaged in transit. Reported at Ahmedabad facility during shift 2.,Open,Delhi
906,Inventory Shortage,Medium,Warehouse stock shortage detected. Reported at Hyderabad facility during shift 1.,In Progress,Chennai
907,Documentation Error,Low,Shipping label generated with incorrect address. Reported at Ahmedabad facility during shift 1.,Resolved,Ahmedabad
908,Transportation Failure,Medium,Fuel supply issue interrupted transportation. Reported at Ahmedabad facility during shift 1.,Open,Bengaluru
909,Documentation Error,Low,Required compliance document missing. Reported at Bengaluru facility during shift 1.,Open,Pune
910,Shipment Delay,Medium,Port congestion delayed shipment arrival. Reported at Chennai facility during shift 3.,Resolved,Hyderabad
911,Damaged Goods,Low,Receiving inspection identified damaged goods. Reported at Mumbai facility during shift 1.,Open,Delhi
912,Customs Issue,High,Regulatory verification delayed release. Reported at Delhi facility during shift 2.,In Progress,Chennai
913,Shipment Delay,Medium,Driver shortage affected transportation schedule. Reported at Hyderabad facility during shift 2.,In Progress,Mumbai
914,Warehouse Issue,Medium,Order picking queue exceeded capacity. Reported at Mumbai facility during shift 2.,Open,Hyderabad
915,Damaged Goods,Low,Temperature excursion affected product quality. Reported at Kolkata facility during shift 3.,Open,Chennai
916,Shipment Delay,High,Rail transport delay impacted delivery timeline. Reported at Mumbai facility during shift 2.,Resolved,Hyderabad
917,Transportation Failure,Medium,Route planning error delayed movement. Reported at Pune facility during shift 2.,Resolved,Pune
918,Inventory Shortage,High,Cycle count revealed stock deficiency. Reported at Ahmedabad facility during shift 3.,In Progress,Ahmedabad
919,Warehouse Issue,Low,Storage location information incorrect. Reported at Bengaluru facility during shift 3.,Open,Chennai
920,Shipment Delay,High,Shipment delayed due to customs inspection. Reported at Ahmedabad facility during shift 3.,Resolved,Bengaluru
921,Warehouse Issue,Low,Cycle count discrepancy identified. Reported at Kolkata facility during shift 2.,In Progress,Bengaluru
922,Shipment Delay,Low,Shipment rerouted causing additional transit time. Reported at Bengaluru facility during shift 3.,Open,Hyderabad
923,Damaged Goods,Low,Temperature excursion affected product quality. Reported at Pune facility during shift 1.,In Progress,Pune
924,Transportation Failure,Low,Equipment malfunction impacted transport operations. Reported at Chennai facility during shift 1.,In Progress,Ahmedabad
925,Transportation Failure,Low,Third-party carrier cancelled shipment booking. Reported at Chennai facility during shift 3.,Open,Ahmedabad
926,Warehouse Issue,High,Inventory misplaced within storage area. Reported at Pune facility during shift 2.,In Progress,Chennai
927,Warehouse Issue,High,Inventory misplaced within storage area. Reported at Hyderabad facility during shift 3.,In Progress,Chennai
928,Inventory Shortage,Low,Cycle count revealed stock deficiency. Reported at Pune facility during shift 2.,Open,Hyderabad
929,Warehouse Issue,Medium,Warehouse stock mismatch identified. Reported at Pune facility during shift 2.,Open,Kolkata
930,Inventory Shortage,High,Cycle count revealed stock deficiency. Reported at Mumbai facility during shift 2.,In Progress,Chennai
931,Damaged Goods,High,Pallet collapse resulted in product damage. Reported at Mumbai facility during shift 2.,In Progress,Ahmedabad
932,Warehouse Issue,Medium,Inventory allocation issue detected. Reported at Bengaluru facility during shift 3.,Open,Pune
933,Warehouse Issue,Medium,Warehouse stock mismatch identified. Reported at Bengaluru facility during shift 1.,Open,Ahmedabad
934,Documentation Error,Critical,Customs paperwork contained errors. Reported at Bengaluru facility during shift 2.,Resolved,Hyderabad
935,Warehouse Issue,High,Receiving delay impacted warehouse operations. Reported at Delhi facility during shift 1.,Resolved,Delhi
936,Inventory Shortage,Medium,Procurement delay affected inventory availability. Reported at Chennai facility during shift 2.,Resolved,Mumbai
937,Shipment Delay,High,Carrier scheduling issue caused shipment delay. Reported at Chennai facility during shift 3.,Open,Pune
938,Transportation Failure,Medium,Trailer availability issue delayed dispatch. Reported at Chennai facility during shift 1.,Resolved,Hyderabad
939,Shipment Delay,High,Rail transport delay impacted delivery timeline. Reported at Hyderabad facility during shift 3.,In Progress,Bengaluru
940,Inventory Shortage,Medium,Stockout occurred at fulfillment center. Reported at Hyderabad facility during shift 3.,In Progress,Mumbai
941,Damaged Goods,Low,Goods arrived with visible damage. Reported at Delhi facility during shift 2.,Resolved,Mumbai
942,Inventory Shortage,Medium,Backordered items unavailable for dispatch. Reported at Pune facility during shift 3.,Open,Hyderabad
943,Documentation Error,Medium,Bill of lading information mismatch detected. Reported at Delhi facility during shift 1.,In Progress,Ahmedabad
944,Shipment Delay,Critical,Port congestion delayed shipment arrival. Reported at Chennai facility during shift 2.,Open,Mumbai
945,Transportation Failure,Medium,Delivery vehicle breakdown reported. Reported at Mumbai facility during shift 2.,Resolved,Ahmedabad
946,Documentation Error,High,Incorrect consignee information provided. Reported at Hyderabad facility during shift 2.,Resolved,Mumbai
947,Warehouse Issue,Low,Space constraint affected storage operations. Reported at Ahmedabad facility during shift 3.,Resolved,Ahmedabad
948,Shipment Delay,Medium,Last-mile delivery partner unavailable. Reported at Hyderabad facility during shift 3.,In Progress,Ahmedabad
949,Inventory Shortage,Low,Demand exceeded available stock levels. Reported at Delhi facility during shift 3.,In Progress,Kolkata
950,Inventory Shortage,Medium,Procurement delay affected inventory availability. Reported at Pune facility during shift 2.,Open,Mumbai
951,Transportation Failure,Medium,Transport route disruption due to road closure. Reported at Pune facility during shift 2.,Open,Hyderabad
952,Warehouse Issue,Low,Receiving delay impacted warehouse operations. Reported at Delhi facility during shift 3.,Resolved,Mumbai
953,Damaged Goods,Medium,Temperature excursion affected product quality. Reported at Mumbai facility during shift 2.,In Progress,Kolkata
954,Inventory Shortage,Low,Cycle count revealed stock deficiency. Reported at Bengaluru facility during shift 3.,In Progress,Kolkata
955,Shipment Delay,Medium,Container missed connecting vessel. Reported at Bengaluru facility during shift 3.,In Progress,Pune
956,Documentation Error,Medium,Data entry error impacted shipment records. Reported at Bengaluru facility during shift 1.,Open,Ahmedabad
957,Shipment Delay,Medium,Rail transport delay impacted delivery timeline. Reported at Ahmedabad facility during shift 2.,In Progress,Delhi
958,Damaged Goods,Low,Pallet collapse resulted in product damage. Reported at Mumbai facility during shift 3.,Resolved,Kolkata
959,Damaged Goods,Low,Improper handling caused item breakage. Reported at Chennai facility during shift 1.,Open,Chennai
960,Warehouse Issue,Medium,Storage location information incorrect. Reported at Delhi facility during shift 2.,In Progress,Ahmedabad
961,Inventory Shortage,Medium,Demand exceeded available stock levels. Reported at Pune facility during shift 2.,Resolved,Hyderabad
962,Transportation Failure,Medium,Equipment malfunction impacted transport operations. Reported at Pune facility during shift 1.,Resolved,Kolkata
963,Warehouse Issue,Medium,Storage location information incorrect. Reported at Hyderabad facility during shift 1.,Resolved,Chennai
964,Shipment Delay,High,Dispatch process delayed at origin facility. Reported at Pune facility during shift 1.,Open,Bengaluru
965,Transportation Failure,Medium,Equipment malfunction impacted transport operations. Reported at Kolkata facility during shift 3.,In Progress,Kolkata
966,Transportation Failure,Low,Fuel supply issue interrupted transportation. Reported at Bengaluru facility during shift 3.,Open,Bengaluru
967,Documentation Error,Low,Purchase order details inconsistent. Reported at Pune facility during shift 2.,Resolved,Delhi
968,Inventory Shortage,Low,Warehouse stock shortage detected. Reported at Mumbai facility during shift 3.,Resolved,Ahmedabad
969,Customs Issue,Low,Tariff classification review in progress. Reported at Delhi facility during shift 1.,In Progress,Ahmedabad
970,Warehouse Issue,Low,Put-away process delayed inventory availability. Reported at Kolkata facility during shift 3.,Resolved,Kolkata
971,Documentation Error,Medium,Manifest information incomplete. Reported at Ahmedabad facility during shift 2.,Open,Kolkata
972,Documentation Error,Low,Incorrect shipping documentation submitted. Reported at Ahmedabad facility during shift 3.,Resolved,Hyderabad
973,Transportation Failure,Critical,Trailer availability issue delayed dispatch. Reported at Pune facility during shift 1.,Resolved,Ahmedabad
974,Customs Issue,Medium,Customs requested additional documentation. Reported at Mumbai facility during shift 3.,Resolved,Mumbai
975,Inventory Shortage,Medium,Procurement delay affected inventory availability. Reported at Hyderabad facility during shift 2.,Resolved,Mumbai
976,Inventory Shortage,Medium,Inventory forecast underestimated demand. Reported at Mumbai facility during shift 3.,Resolved,Hyderabad
977,Documentation Error,High,Incorrect shipping documentation submitted. Reported at Pune facility during shift 3.,In Progress,Ahmedabad
978,Documentation Error,High,Shipping label generated with incorrect address. Reported at Ahmedabad facility during shift 3.,In Progress,Pune
979,Warehouse Issue,Low,Inventory allocation issue detected. Reported at Hyderabad facility during shift 1.,Resolved,Hyderabad
980,Customs Issue,Medium,Shipment selected for random inspection. Reported at Hyderabad facility during shift 1.,Resolved,Delhi
981,Documentation Error,Medium,Incorrect shipping documentation submitted. Reported at Hyderabad facility during shift 3.,In Progress,Ahmedabad
982,Shipment Delay,Low,Port congestion delayed shipment arrival. Reported at Mumbai facility during shift 2.,Resolved,Hyderabad
983,Damaged Goods,High,Transit vibration caused product defects. Reported at Hyderabad facility during shift 1.,Resolved,Delhi
984,Documentation Error,Medium,Data entry error impacted shipment records. Reported at Delhi facility during shift 3.,Open,Hyderabad
985,Warehouse Issue,Low,Put-away process delayed inventory availability. Reported at Bengaluru facility during shift 2.,Resolved,Chennai
986,Damaged Goods,Critical,Product packaging torn during loading. Reported at Delhi facility during shift 3.,Open,Ahmedabad
987,Warehouse Issue,Medium,Order picking queue exceeded capacity. Reported at Kolkata facility during shift 1.,Resolved,Delhi
988,Inventory Shortage,Medium,Cycle count revealed stock deficiency. Reported at Pune facility during shift 1.,Open,Chennai
989,Inventory Shortage,Medium,Inventory forecast underestimated demand. Reported at Kolkata facility during shift 2.,Resolved,Bengaluru
990,Transportation Failure,Low,Accident blocked scheduled delivery route. Reported at Kolkata facility during shift 2.,Resolved,Kolkata
991,Shipment Delay,Medium,Carrier scheduling issue caused shipment delay. Reported at Ahmedabad facility during shift 2.,Resolved,Chennai
992,Shipment Delay,Medium,Mechanical failure delayed freight movement. Reported at Pune facility during shift 2.,Resolved,Hyderabad
993,Damaged Goods,Low,Shipment contents damaged in transit. Reported at Hyderabad facility during shift 1.,Resolved,Kolkata
994,Transportation Failure,Medium,Third-party carrier cancelled shipment booking. Reported at Bengaluru facility during shift 3.,Open,Pune
995,Customs Issue,Medium,Regulatory approval pending clearance. Reported at Delhi facility during shift 2.,Resolved,Chennai
996,Warehouse Issue,Low,Picking error occurred in warehouse. Reported at Chennai facility during shift 2.,Open,Ahmedabad
997,Damaged Goods,Low,Forklift accident damaged inventory. Reported at Hyderabad facility during shift 2.,Open,Mumbai
998,Shipment Delay,Medium,Rail transport delay impacted delivery timeline. Reported at Bengaluru facility during shift 3.,Resolved,Mumbai
999,Shipment Delay,Medium,Holiday demand surge caused shipping delays. Reported at Delhi facility during shift 2.,Resolved,Delhi
1000,Shipment Delay,Low,Dispatch process delayed at origin facility. Reported at Delhi facility during shift 2.,Resolved,Mumbai
1001,Customs Issue,Medium,Import permit approval pending. Reported at Hyderabad facility during shift 2.,Resolved,Pune
1002,Damaged Goods,High,Goods arrived with visible damage. Reported at Mumbai facility during shift 2.,In Progress,Kolkata
1003,Damaged Goods,Low,Package damaged during transportation. Reported at Hyderabad facility during shift 2.,Open,Ahmedabad
1004,Inventory Shortage,Medium,Cycle count revealed stock deficiency. Reported at Kolkata facility during shift 1.,Open,Delhi
1005,Documentation Error,Medium,Invoice value discrepancy identified. Reported at Kolkata facility during shift 1.,Open,Ahmedabad
1006,Customs Issue,Low,Regulatory verification delayed release. Reported at Mumbai facility during shift 1.,Resolved,Hyderabad
1007,Warehouse Issue,Low,Warehouse management system outage reported. Reported at Chennai facility during shift 2.,Resolved,Chennai
1008,Shipment Delay,Low,Shipment rerouted causing additional transit time. Reported at Kolkata facility during shift 2.,In Progress,Kolkata
1009,Documentation Error,Medium,Incorrect shipping documentation submitted. Reported at Ahmedabad facility during shift 2.,Resolved,Mumbai
1010,Documentation Error,Critical,Bill of lading information mismatch detected. Reported at Chennai facility during shift 2.,In Progress,Mumbai
1011,Documentation Error,Medium,Labeling information did not match shipment. Reported at Pune facility during shift 2.,In Progress,Chennai
1012,Customs Issue,Medium,Customs valuation dispute identified. Reported at Mumbai facility during shift 2.,In Progress,Mumbai
1013,Warehouse Issue,Low,Warehouse management system outage reported. Reported at Hyderabad facility during shift 3.,Resolved,Chennai
1014,Transportation Failure,Medium,Accident blocked scheduled delivery route. Reported at Bengaluru facility during shift 2.,Open,Pune
1015,Transportation Failure,Low,Transport route disruption due to road closure. Reported at Ahmedabad facility during shift 3.,Open,Bengaluru
1016,Shipment Delay,Medium,Dispatch process delayed at origin facility. Reported at Bengaluru facility during shift 2.,Resolved,Hyderabad
1017,Transportation Failure,Low,Transportation vendor system outage reported. Reported at Ahmedabad facility during shift 1.,Open,Pune
1018,Warehouse Issue,Low,Put-away process delayed inventory availability. Reported at Chennai facility during shift 2.,Resolved,Ahmedabad
1019,Customs Issue,Medium,Trade compliance review delayed processing. Reported at Delhi facility during shift 3.,Open,Chennai
1020,Customs Issue,Low,Import documentation under review. Reported at Ahmedabad facility during shift 3.,Resolved,Chennai
1021,Inventory Shortage,Low,Procurement delay affected inventory availability. Reported at Delhi facility during shift 1.,Open,Hyderabad
1022,Warehouse Issue,Medium,Space constraint affected storage operations. Reported at Mumbai facility during shift 2.,Resolved,Mumbai
1023,Warehouse Issue,Medium,Warehouse staffing shortage reported. Reported at Mumbai facility during shift 1.,Resolved,Bengaluru
1024,Shipment Delay,Medium,Driver shortage affected transportation schedule. Reported at Bengaluru facility during shift 2.,Resolved,Kolkata
1025,Damaged Goods,High,Product packaging torn during loading. Reported at Delhi facility during shift 2.,Open,Chennai
1026,Documentation Error,Low,Customs paperwork contained errors. Reported at Pune facility during shift 1.,Open,Kolkata
1027,Inventory Shortage,Low,Procurement delay affected inventory availability. Reported at Pune facility during shift 3.,Open,Chennai
1028,Inventory Shortage,Low,Product unavailable due to inventory mismatch. Reported at Kolkata facility during shift 1.,In Progress,Mumbai
1029,Shipment Delay,High,Shipment delayed due to customs inspection. Reported at Delhi facility during shift 1.,Resolved,Hyderabad
1030,Transportation Failure,Low,Equipment malfunction impacted transport operations. Reported at Ahmedabad facility during shift 3.,Open,Hyderabad
1031,Documentation Error,Critical,Export declaration contained errors. Reported at Kolkata facility during shift 1.,Resolved,Chennai
1032,Documentation Error,Critical,Customs paperwork contained errors. Reported at Ahmedabad facility during shift 3.,Resolved,Hyderabad
1033,Damaged Goods,Low,Pallet collapse resulted in product damage. Reported at Chennai facility during shift 3.,Open,Mumbai
1034,Documentation Error,High,Incorrect consignee information provided. Reported at Bengaluru facility during shift 2.,Resolved,Bengaluru
1035,Damaged Goods,High,Package damaged during transportation. Reported at Bengaluru facility during shift 1.,Resolved,Ahmedabad
1036,Transportation Failure,Critical,Carrier failed to pick up shipment. Reported at Delhi facility during shift 3.,Open,Pune
1037,Damaged Goods,Medium,Forklift accident damaged inventory. Reported at Kolkata facility during shift 2.,In Progress,Chennai
1038,Shipment Delay,Low,Dispatch process delayed at origin facility. Reported at Chennai facility during shift 3.,Open,Ahmedabad
1039,Documentation Error,High,Missing invoice delayed processing. Reported at Mumbai facility during shift 1.,Resolved,Pune
1040,Transportation Failure,High,Logistics partner experienced operational failure. Reported at Pune facility during shift 1.,In Progress,Bengaluru
1041,Shipment Delay,Medium,Unexpected weather conditions slowed transportation. Reported at Kolkata facility during shift 1.,Open,Mumbai
1042,Transportation Failure,High,Route planning error delayed movement. Reported at Ahmedabad facility during shift 1.,Open,Bengaluru
1043,Documentation Error,Medium,Export declaration contained errors. Reported at Delhi facility during shift 2.,In Progress,Bengaluru
1044,Customs Issue,Medium,Customs requested additional documentation. Reported at Hyderabad facility during shift 1.,Open,Chennai
1045,Damaged Goods,Medium,Goods arrived with visible damage. Reported at Mumbai facility during shift 2.,Open,Pune
1046,Inventory Shortage,Low,Warehouse unable to fulfill requested quantity. Reported at Hyderabad facility during shift 3.,Resolved,Delhi
1047,Documentation Error,Medium,Labeling information did not match shipment. Reported at Bengaluru facility during shift 1.,Resolved,Ahmedabad
1048,Warehouse Issue,Low,Warehouse processing backlog reported. Reported at Ahmedabad facility during shift 2.,Resolved,Kolkata
1049,Customs Issue,Medium,Trade compliance review delayed processing. Reported at Bengaluru facility during shift 1.,Resolved,Bengaluru
1050,Documentation Error,Critical,Customs paperwork contained errors. Reported at Chennai facility during shift 2.,Open,Ahmedabad
1051,Customs Issue,Medium,Shipment selected for random inspection. Reported at Chennai facility during shift 2.,In Progress,Mumbai
1052,Transportation Failure,Medium,Fleet utilization exceeded available capacity. Reported at Bengaluru facility during shift 1.,Open,Kolkata
1053,Inventory Shortage,Low,Inventory replenishment delayed. Reported at Pune facility during shift 2.,Open,Chennai
1054,Transportation Failure,High,Accident blocked scheduled delivery route. Reported at Hyderabad facility during shift 1.,Resolved,Chennai
1055,Transportation Failure,Medium,Fleet utilization exceeded available capacity. Reported at Delhi facility during shift 3.,In Progress,Ahmedabad
1056,Customs Issue,Low,Customs valuation dispute identified. Reported at Chennai facility during shift 3.,Resolved,Pune
1057,Documentation Error,High,Incorrect shipping documentation submitted. Reported at Hyderabad facility during shift 2.,Resolved,Bengaluru
1058,Warehouse Issue,High,Dock congestion slowed warehouse throughput. Reported at Mumbai facility during shift 3.,Resolved,Chennai
1059,Documentation Error,Low,Shipping label generated with incorrect address. Reported at Pune facility during shift 1.,In Progress,Ahmedabad
1060,Documentation Error,Low,Incorrect shipping documentation submitted. Reported at Pune facility during shift 2.,Resolved,Mumbai
1061,Documentation Error,Critical,Data entry error impacted shipment records. Reported at Bengaluru facility during shift 1.,Open,Mumbai
1062,Customs Issue,High,Import permit approval pending. Reported at Bengaluru facility during shift 3.,In Progress,Pune
1063,Damaged Goods,Low,Temperature excursion affected product quality. Reported at Kolkata facility during shift 2.,In Progress,Pune
1064,Transportation Failure,High,Fleet utilization exceeded available capacity. Reported at Mumbai facility during shift 2.,Resolved,Hyderabad
1065,Transportation Failure,Critical,Route planning error delayed movement. Reported at Pune facility during shift 3.,Open,Bengaluru
1066,Transportation Failure,High,Transport route disruption due to road closure. Reported at Mumbai facility during shift 2.,In Progress,Mumbai
1067,Shipment Delay,Medium,Port congestion delayed shipment arrival. Reported at Hyderabad facility during shift 1.,In Progress,Delhi
1068,Warehouse Issue,Medium,Warehouse processing backlog reported. Reported at Chennai facility during shift 2.,Resolved,Delhi
1069,Transportation Failure,High,Driver unavailable for scheduled route. Reported at Kolkata facility during shift 2.,Open,Hyderabad
1070,Inventory Shortage,High,Product unavailable due to inventory mismatch. Reported at Chennai facility during shift 1.,Resolved,Pune
1071,Transportation Failure,Medium,Route planning error delayed movement. Reported at Pune facility during shift 3.,In Progress,Ahmedabad
1072,Documentation Error,Medium,Missing certificate delayed shipment release. Reported at Ahmedabad facility during shift 2.,Open,Hyderabad
1073,Inventory Shortage,Medium,Unexpected order spike exhausted stock. Reported at Hyderabad facility during shift 1.,In Progress,Chennai
1074,Inventory Shortage,Critical,Safety stock threshold breached. Reported at Hyderabad facility during shift 2.,Resolved,Delhi
1075,Customs Issue,Critical,Shipment flagged for compliance audit. Reported at Hyderabad facility during shift 1.,Resolved,Delhi
1076,Inventory Shortage,Critical,Demand exceeded available stock levels. Reported at Mumbai facility during shift 1.,Resolved,Delhi
1077,Transportation Failure,Low,Vehicle maintenance issue halted delivery. Reported at Pune facility during shift 1.,Resolved,Chennai
1078,Customs Issue,Medium,Customs requested additional documentation. Reported at Pune facility during shift 1.,Resolved,Delhi
1079,Documentation Error,Medium,Required compliance document missing. Reported at Mumbai facility during shift 1.,In Progress,Delhi
1080,Transportation Failure,Low,Trailer availability issue delayed dispatch. Reported at Pune facility during shift 1.,Resolved,Pune
1081,Customs Issue,High,Regulatory approval pending clearance. Reported at Hyderabad facility during shift 2.,Resolved,Delhi
1082,Warehouse Issue,Medium,Cycle count discrepancy identified. Reported at Ahmedabad facility during shift 2.,Resolved,Ahmedabad
1083,Shipment Delay,Low,Port congestion delayed shipment arrival. Reported at Mumbai facility during shift 2.,Resolved,Bengaluru
1084,Transportation Failure,Low,Driver unavailable for scheduled route. Reported at Mumbai facility during shift 2.,Resolved,Bengaluru
1085,Documentation Error,Low,Labeling information did not match shipment. Reported at Bengaluru facility during shift 2.,Open,Ahmedabad
1086,Customs Issue,Medium,Customs valuation dispute identified. Reported at Mumbai facility during shift 3.,In Progress,Pune
1087,Documentation Error,Medium,Documentation approval pending correction. Reported at Chennai facility during shift 3.,Open,Kolkata
1088,Damaged Goods,Low,Pallet collapse resulted in product damage. Reported at Pune facility during shift 1.,In Progress,Hyderabad
1089,Transportation Failure,High,Transportation network disruption reported. Reported at Mumbai facility during shift 1.,In Progress,Kolkata
1090,Warehouse Issue,High,Warehouse management system outage reported. Reported at Hyderabad facility during shift 1.,In Progress,Kolkata
1091,Inventory Shortage,Low,Inventory reservation conflict identified. Reported at Mumbai facility during shift 1.,In Progress,Pune
1092,Shipment Delay,Low,Mechanical failure delayed freight movement. Reported at Kolkata facility during shift 1.,Resolved,Hyderabad
1093,Transportation Failure,Medium,Carrier failed to pick up shipment. Reported at Ahmedabad facility during shift 3.,Open,Bengaluru
1094,Inventory Shortage,Medium,Inventory reservation conflict identified. Reported at Kolkata facility during shift 2.,Open,Hyderabad
1095,Warehouse Issue,Medium,Cycle count discrepancy identified. Reported at Hyderabad facility during shift 2.,In Progress,Bengaluru
1096,Shipment Delay,Low,Driver shortage affected transportation schedule. Reported at Chennai facility during shift 1.,Resolved,Ahmedabad
1097,Shipment Delay,Low,Shipment rerouted causing additional transit time. Reported at Hyderabad facility during shift 2.,Resolved,Bengaluru
1098,Shipment Delay,Critical,Truck breakdown caused delivery delay. Reported at Hyderabad facility during shift 2.,Open,Pune
1099,Documentation Error,Medium,Export declaration contained errors. Reported at Kolkata facility during shift 2.,In Progress,Mumbai
1100,Damaged Goods,Low,Temperature excursion affected product quality. Reported at Chennai facility during shift 2.,Open,Delhi
1101,Damaged Goods,Low,Improper handling caused item breakage. Reported at Delhi facility during shift 2.,In Progress,Pune
1102,Transportation Failure,Low,Accident blocked scheduled delivery route. Reported at Pune facility during shift 1.,Resolved,Mumbai
1103,Documentation Error,Medium,Bill of lading information mismatch detected. Reported at Delhi facility during shift 1.,Open,Pune
1104,Warehouse Issue,Medium,Receiving delay impacted warehouse operations. Reported at Hyderabad facility during shift 2.,Resolved,Pune
1105,Shipment Delay,Low,Cargo loading completed behind schedule. Reported at Pune facility during shift 1.,Resolved,Hyderabad
1106,Damaged Goods,Medium,Warehouse accident damaged stored inventory. Reported at Ahmedabad facility during shift 2.,Open,Mumbai
1107,Inventory Shortage,High,Inventory replenishment delayed. Reported at Bengaluru facility during shift 1.,Resolved,Mumbai
1108,Transportation Failure,High,Fleet utilization exceeded available capacity. Reported at Mumbai facility during shift 1.,Open,Ahmedabad
1109,Damaged Goods,High,Shipment contents damaged in transit. Reported at Pune facility during shift 1.,Resolved,Pune
1110,Inventory Shortage,High,Procurement delay affected inventory availability. Reported at Hyderabad facility during shift 1.,Open,Bengaluru
1111,Inventory Shortage,Low,Inventory reservation conflict identified. Reported at Delhi facility during shift 3.,Open,Bengaluru
1112,Inventory Shortage,High,Product unavailable due to inventory mismatch. Reported at Kolkata facility during shift 3.,Open,Mumbai
1113,Shipment Delay,Low,Driver shortage affected transportation schedule. Reported at Ahmedabad facility during shift 2.,Open,Chennai
1114,Warehouse Issue,Low,Dock congestion slowed warehouse throughput. Reported at Chennai facility during shift 2.,In Progress,Chennai
1115,Shipment Delay,High,Carrier scheduling issue caused shipment delay. Reported at Chennai facility during shift 1.,Resolved,Bengaluru
1116,Documentation Error,Medium,Shipping label generated with incorrect address. Reported at Bengaluru facility during shift 1.,Open,Mumbai
1117,Inventory Shortage,Medium,Inventory reservation conflict identified. Reported at Hyderabad facility during shift 3.,Open,Bengaluru
1118,Documentation Error,High,Documentation approval pending correction. Reported at Mumbai facility during shift 1.,Open,Bengaluru
1119,Customs Issue,Critical,Border inspection extended shipment hold. Reported at Hyderabad facility during shift 1.,Resolved,Chennai
1120,Customs Issue,High,Customs clearance process delayed. Reported at Bengaluru facility during shift 3.,In Progress,Pune
1121,Customs Issue,Medium,Border security inspection caused delay. Reported at Delhi facility during shift 2.,Open,Delhi
1122,Warehouse Issue,Low,Receiving delay impacted warehouse operations. Reported at Kolkata facility during shift 2.,Open,Kolkata
1123,Shipment Delay,Medium,Driver shortage affected transportation schedule. Reported at Pune facility during shift 1.,Resolved,Delhi
1124,Transportation Failure,Low,Third-party carrier cancelled shipment booking. Reported at Pune facility during shift 3.,Resolved,Chennai
1125,Shipment Delay,Medium,Container missed connecting vessel. Reported at Ahmedabad facility during shift 1.,In Progress,Hyderabad
1126,Customs Issue,Medium,Trade compliance review delayed processing. Reported at Ahmedabad facility during shift 1.,In Progress,Kolkata
1127,Inventory Shortage,Critical,Inventory reservation conflict identified. Reported at Mumbai facility during shift 2.,In Progress,Delhi
1128,Shipment Delay,Low,Shipment rerouted causing additional transit time. Reported at Ahmedabad facility during shift 3.,In Progress,Mumbai
1129,Shipment Delay,Medium,Port congestion delayed shipment arrival. Reported at Kolkata facility during shift 2.,Open,Delhi
1130,Shipment Delay,Low,Container missed connecting vessel. Reported at Bengaluru facility during shift 2.,In Progress,Mumbai
1131,Inventory Shortage,Medium,Inventory reservation conflict identified. Reported at Kolkata facility during shift 3.,Resolved,Hyderabad
1132,Warehouse Issue,Medium,Space constraint affected storage operations. Reported at Kolkata facility during shift 2.,Resolved,Kolkata
1133,Transportation Failure,High,Transportation vendor system outage reported. Reported at Hyderabad facility during shift 1.,Open,Mumbai
1134,Damaged Goods,Medium,Improper handling caused item breakage. Reported at Ahmedabad facility during shift 1.,Open,Chennai
1135,Shipment Delay,Medium,Dispatch process delayed at origin facility. Reported at Chennai facility during shift 1.,Open,Delhi
1136,Transportation Failure,Medium,Route planning error delayed movement. Reported at Pune facility during shift 1.,Resolved,Mumbai
1137,Warehouse Issue,Low,Picking error occurred in warehouse. Reported at Ahmedabad facility during shift 2.,Resolved,Ahmedabad
1138,Transportation Failure,Medium,Transportation vendor system outage reported. Reported at Hyderabad facility during shift 3.,Resolved,Chennai
1139,Warehouse Issue,Medium,Warehouse stock mismatch identified. Reported at Kolkata facility during shift 1.,In Progress,Kolkata
1140,Transportation Failure,Low,Fleet utilization exceeded available capacity. Reported at Chennai facility during shift 1.,Resolved,Hyderabad
1141,Customs Issue,Low,Import documentation under review. Reported at Ahmedabad facility during shift 2.,Resolved,Kolkata
1142,Transportation Failure,Medium,Third-party carrier cancelled shipment booking. Reported at Mumbai facility during shift 3.,Resolved,Ahmedabad
1143,Transportation Failure,Low,Transportation vendor system outage reported. Reported at Delhi facility during shift 3.,In Progress,Ahmedabad
1144,Documentation Error,Medium,Purchase order details inconsistent. Reported at Pune facility during shift 2.,Open,Chennai
1145,Inventory Shortage,High,Inventory reservation conflict identified. Reported at Pune facility during shift 2.,Resolved,Chennai
1146,Warehouse Issue,Low,Order consolidation process delayed shipment. Reported at Pune facility during shift 2.,In Progress,Pune
1147,Transportation Failure,Low,Driver unavailable for scheduled route. Reported at Chennai facility during shift 3.,Open,Hyderabad
1148,Documentation Error,Low,Missing invoice delayed processing. Reported at Mumbai facility during shift 2.,Open,Chennai
1149,Documentation Error,Medium,Incorrect consignee information provided. Reported at Chennai facility during shift 2.,In Progress,Kolkata
1150,Damaged Goods,Low,Package damaged during transportation. Reported at Ahmedabad facility during shift 3.,In Progress,Kolkata
1151,Documentation Error,Low,Purchase order details inconsistent. Reported at Pune facility during shift 3.,In Progress,Mumbai
1152,Customs Issue,Medium,Customs valuation dispute identified. Reported at Bengaluru facility during shift 2.,Resolved,Pune
1153,Inventory Shortage,Critical,Cycle count revealed stock deficiency. Reported at Hyderabad facility during shift 2.,Open,Ahmedabad
1154,Customs Issue,Low,Trade compliance review delayed processing. Reported at Mumbai facility during shift 3.,In Progress,Chennai
1155,Damaged Goods,Medium,Container impact damaged shipment contents. Reported at Kolkata facility during shift 1.,Open,Mumbai
1156,Documentation Error,Medium,Incorrect consignee information provided. Reported at Hyderabad facility during shift 1.,Resolved,Ahmedabad
1157,Transportation Failure,Medium,Logistics partner experienced operational failure. Reported at Pune facility during shift 1.,In Progress,Hyderabad
1158,Transportation Failure,Medium,Accident blocked scheduled delivery route. Reported at Pune facility during shift 1.,In Progress,Ahmedabad
1159,Customs Issue,Medium,Shipment selected for random inspection. Reported at Delhi facility during shift 1.,Resolved,Delhi
1160,Documentation Error,Critical,Export declaration contained errors. Reported at Bengaluru facility during shift 3.,Resolved,Ahmedabad
1161,Damaged Goods,High,Receiving inspection identified damaged goods. Reported at Kolkata facility during shift 3.,Open,Bengaluru
1162,Damaged Goods,Low,Improper handling caused item breakage. Reported at Delhi facility during shift 1.,Resolved,Hyderabad
1163,Warehouse Issue,High,Order picking queue exceeded capacity. Reported at Kolkata facility during shift 2.,Open,Bengaluru
1164,Warehouse Issue,Medium,Order picking queue exceeded capacity. Reported at Hyderabad facility during shift 2.,In Progress,Bengaluru
1165,Transportation Failure,Low,Logistics partner experienced operational failure. Reported at Mumbai facility during shift 1.,Open,Hyderabad
1166,Transportation Failure,Medium,Fleet utilization exceeded available capacity. Reported at Kolkata facility during shift 2.,Open,Bengaluru
1167,Inventory Shortage,Low,Stockout occurred at fulfillment center. Reported at Delhi facility during shift 1.,In Progress,Delhi
1168,Customs Issue,Medium,Trade compliance review delayed processing. Reported at Chennai facility during shift 3.,Open,Chennai
1169,Warehouse Issue,Medium,Order consolidation process delayed shipment. Reported at Mumbai facility during shift 2.,Open,Kolkata
1170,Damaged Goods,Critical,Fragile goods mishandled during unloading. Reported at Mumbai facility during shift 2.,Resolved,Delhi
1171,Inventory Shortage,Medium,Product unavailable due to inventory mismatch. Reported at Mumbai facility during shift 3.,Resolved,Hyderabad
1172,Transportation Failure,Medium,Trailer availability issue delayed dispatch. Reported at Mumbai facility during shift 1.,In Progress,Pune
1173,Warehouse Issue,High,Cycle count discrepancy identified. Reported at Kolkata facility during shift 3.,In Progress,Bengaluru
1174,Inventory Shortage,Critical,Product unavailable due to inventory mismatch. Reported at Delhi facility during shift 1.,In Progress,Kolkata
1175,Damaged Goods,Medium,Transit vibration caused product defects. Reported at Chennai facility during shift 2.,Resolved,Mumbai
1176,Damaged Goods,Medium,Temperature excursion affected product quality. Reported at Kolkata facility during shift 2.,In Progress,Delhi
1177,Damaged Goods,Low,Improper handling caused item breakage. Reported at Pune facility during shift 2.,Resolved,Chennai
1178,Warehouse Issue,Critical,Put-away process delayed inventory availability. Reported at Chennai facility during shift 3.,Resolved,Bengaluru
1179,Damaged Goods,Medium,Temperature excursion affected product quality. Reported at Kolkata facility during shift 2.,Resolved,Pune
1180,Warehouse Issue,High,Dock congestion slowed warehouse throughput. Reported at Mumbai facility during shift 3.,In Progress,Kolkata
1181,Shipment Delay,Medium,Mechanical failure delayed freight movement. Reported at Kolkata facility during shift 2.,Open,Hyderabad
1182,Inventory Shortage,Medium,Inventory reservation conflict identified. Reported at Delhi facility during shift 2.,Resolved,Kolkata
1183,Warehouse Issue,High,Warehouse stock mismatch identified. Reported at Hyderabad facility during shift 1.,In Progress,Ahmedabad
1184,Customs Issue,Medium,Tariff classification review in progress. Reported at Pune facility during shift 3.,Open,Delhi
1185,Customs Issue,Medium,Regulatory verification delayed release. Reported at Mumbai facility during shift 2.,Resolved,Pune
1186,Transportation Failure,Medium,Equipment malfunction impacted transport operations. Reported at Chennai facility during shift 1.,Open,Ahmedabad
1187,Warehouse Issue,Medium,Dock congestion slowed warehouse throughput. Reported at Delhi facility during shift 1.,Resolved,Hyderabad
1188,Damaged Goods,Low,Container impact damaged shipment contents. Reported at Mumbai facility during shift 1.,Resolved,Delhi
1189,Warehouse Issue,Medium,Cycle count discrepancy identified. Reported at Kolkata facility during shift 2.,Resolved,Delhi
1190,Damaged Goods,Low,Goods arrived with visible damage. Reported at Pune facility during shift 2.,In Progress,Pune
1191,Inventory Shortage,Low,Supplier delay created inventory gap. Reported at Kolkata facility during shift 3.,Open,Bengaluru
1192,Shipment Delay,High,Last-mile delivery partner unavailable. Reported at Bengaluru facility during shift 2.,Open,Chennai
1193,Transportation Failure,Low,Route planning error delayed movement. Reported at Kolkata facility during shift 3.,Open,Pune
1194,Inventory Shortage,High,Cycle count revealed stock deficiency. Reported at Mumbai facility during shift 1.,In Progress,Ahmedabad
1195,Warehouse Issue,Low,Dock congestion slowed warehouse throughput. Reported at Ahmedabad facility during shift 1.,Open,Bengaluru
1196,Warehouse Issue,High,Warehouse staffing shortage reported. Reported at Hyderabad facility during shift 2.,In Progress,Delhi
1197,Transportation Failure,Low,Transportation network disruption reported. Reported at Bengaluru facility during shift 3.,In Progress,Bengaluru
1198,Transportation Failure,Low,Carrier failed to pick up shipment. Reported at Kolkata facility during shift 1.,In Progress,Bengaluru
1199,Documentation Error,Medium,Export declaration contained errors. Reported at Bengaluru facility during shift 2.,Resolved,Ahmedabad
1200,Shipment Delay,High,Shipment delayed due to customs inspection. Reported at Ahmedabad facility during shift 1.,Resolved,Kolkata
1201,Customs Issue,Medium,Border inspection extended shipment hold. Reported at Kolkata facility during shift 3.,Resolved,Hyderabad
1202,Shipment Delay,Medium,Truck breakdown caused delivery delay. Reported at Chennai facility during shift 1.,Open,Ahmedabad
1203,Damaged Goods,Low,Container impact damaged shipment contents. Reported at Chennai facility during shift 1.,Resolved,Kolkata
1204,Damaged Goods,Critical,Pallet collapse resulted in product damage. Reported at Pune facility during shift 1.,Resolved,Chennai
1205,Documentation Error,Medium,Customs paperwork contained errors. Reported at Hyderabad facility during shift 1.,In Progress,Ahmedabad
1206,Inventory Shortage,Medium,Product unavailable due to inventory mismatch. Reported at Pune facility during shift 3.,Open,Hyderabad
1207,Shipment Delay,Medium,Container missed connecting vessel. Reported at Chennai facility during shift 1.,In Progress,Pune
1208,Transportation Failure,High,Vehicle maintenance issue halted delivery. Reported at Hyderabad facility during shift 3.,In Progress,Pune
1209,Transportation Failure,High,Trailer availability issue delayed dispatch. Reported at Delhi facility during shift 2.,In Progress,Delhi
1210,Documentation Error,Low,Manifest information incomplete. Reported at Ahmedabad facility during shift 1.,Open,Bengaluru
1211,Inventory Shortage,Low,Warehouse stock shortage detected. Reported at Ahmedabad facility during shift 2.,In Progress,Kolkata
1212,Shipment Delay,Medium,Mechanical failure delayed freight movement. Reported at Ahmedabad facility during shift 1.,Resolved,Ahmedabad
1213,Transportation Failure,High,Fleet utilization exceeded available capacity. Reported at Mumbai facility during shift 3.,Open,Pune
1214,Shipment Delay,High,Unexpected weather conditions slowed transportation. Reported at Hyderabad facility during shift 1.,Resolved,Hyderabad
1215,Documentation Error,Critical,Shipping label generated with incorrect address. Reported at Bengaluru facility during shift 3.,Open,Delhi
1216,Transportation Failure,High,Trailer availability issue delayed dispatch. Reported at Mumbai facility during shift 1.,Resolved,Mumbai
1217,Damaged Goods,Critical,Package damaged during transportation. Reported at Hyderabad facility during shift 3.,Open,Kolkata
1218,Damaged Goods,Low,Container impact damaged shipment contents. Reported at Mumbai facility during shift 2.,Open,Ahmedabad
1219,Warehouse Issue,Medium,Put-away process delayed inventory availability. Reported at Ahmedabad facility during shift 2.,In Progress,Chennai
1220,Damaged Goods,Critical,Package damaged during transportation. Reported at Ahmedabad facility during shift 2.,Resolved,Delhi
1221,Inventory Shortage,Low,Inventory reservation conflict identified. Reported at Chennai facility during shift 3.,Open,Mumbai
1222,Documentation Error,Medium,Documentation approval pending correction. Reported at Kolkata facility during shift 1.,Open,Bengaluru
1223,Warehouse Issue,Low,Warehouse staffing shortage reported. Reported at Kolkata facility during shift 1.,Open,Delhi
1224,Transportation Failure,Medium,Third-party carrier cancelled shipment booking. Reported at Kolkata facility during shift 2.,Resolved,Delhi
1225,Shipment Delay,High,Carrier scheduling issue caused shipment delay. Reported at Ahmedabad facility during shift 2.,In Progress,Delhi
1226,Damaged Goods,Medium,Fragile goods mishandled during unloading. Reported at Mumbai facility during shift 2.,In Progress,Ahmedabad
1227,Transportation Failure,Medium,Fleet utilization exceeded available capacity. Reported at Hyderabad facility during shift 3.,Open,Kolkata
1228,Warehouse Issue,Medium,Receiving delay impacted warehouse operations. Reported at Delhi facility during shift 2.,Open,Chennai
1229,Documentation Error,Low,Incorrect consignee information provided. Reported at Ahmedabad facility during shift 3.,Resolved,Delhi
1230,Transportation Failure,Medium,Transportation vendor system outage reported. Reported at Mumbai facility during shift 2.,Open,Ahmedabad
1231,Damaged Goods,Critical,Goods arrived with visible damage. Reported at Delhi facility during shift 3.,Open,Kolkata
1232,Damaged Goods,Low,Container impact damaged shipment contents. Reported at Chennai facility during shift 3.,Open,Mumbai
1233,Documentation Error,Medium,Purchase order details inconsistent. Reported at Kolkata facility during shift 1.,Resolved,Hyderabad
1234,Damaged Goods,Low,Shipment contents damaged in transit. Reported at Mumbai facility during shift 3.,Resolved,Ahmedabad
1235,Inventory Shortage,Low,Unexpected order spike exhausted stock. Reported at Delhi facility during shift 2.,In Progress,Hyderabad
1236,Damaged Goods,Medium,Container impact damaged shipment contents. Reported at Ahmedabad facility during shift 3.,In Progress,Pune
1237,Warehouse Issue,Low,Space constraint affected storage operations. Reported at Delhi facility during shift 1.,Resolved,Hyderabad
1238,Warehouse Issue,Medium,Dock congestion slowed warehouse throughput. Reported at Mumbai facility during shift 2.,Open,Kolkata
1239,Shipment Delay,Medium,Shipment delayed due to customs inspection. Reported at Delhi facility during shift 3.,Resolved,Kolkata
1240,Warehouse Issue,Medium,Dock congestion slowed warehouse throughput. Reported at Ahmedabad facility during shift 2.,Resolved,Pune
1241,Customs Issue,Low,Customs valuation dispute identified. Reported at Kolkata facility during shift 2.,Open,Chennai
1242,Inventory Shortage,Critical,Product unavailable due to inventory mismatch. Reported at Chennai facility during shift 3.,Open,Bengaluru
1243,Transportation Failure,Low,Accident blocked scheduled delivery route. Reported at Delhi facility during shift 3.,Resolved,Bengaluru
1244,Shipment Delay,Medium,Carrier scheduling issue caused shipment delay. Reported at Ahmedabad facility during shift 1.,Open,Mumbai
1245,Inventory Shortage,High,Warehouse unable to fulfill requested quantity. Reported at Delhi facility during shift 3.,In Progress,Ahmedabad
1246,Shipment Delay,Low,Holiday demand surge caused shipping delays. Reported at Ahmedabad facility during shift 3.,In Progress,Kolkata
1247,Shipment Delay,Medium,Container missed connecting vessel. Reported at Chennai facility during shift 1.,Resolved,Kolkata
1248,Transportation Failure,Medium,Transportation network disruption reported. Reported at Ahmedabad facility during shift 3.,Resolved,Hyderabad
1249,Shipment Delay,Medium,Last-mile delivery partner unavailable. Reported at Kolkata facility during shift 2.,Resolved,Ahmedabad
1250,Inventory Shortage,Low,Procurement delay affected inventory availability. Reported at Chennai facility during shift 3.,Resolved,Pune
1251,Documentation Error,Medium,Missing invoice delayed processing. Reported at Hyderabad facility during shift 3.,In Progress,Mumbai
1252,Transportation Failure,Medium,Route planning error delayed movement. Reported at Pune facility during shift 2.,Open,Delhi
1253,Damaged Goods,Medium,Packaging failure led to damaged products. Reported at Bengaluru facility during shift 2.,Open,Bengaluru
1254,Documentation Error,High,Shipping label generated with incorrect address. Reported at Pune facility during shift 3.,Resolved,Ahmedabad
1255,Inventory Shortage,High,Warehouse unable to fulfill requested quantity. Reported at Hyderabad facility during shift 3.,In Progress,Pune
1256,Warehouse Issue,Low,Warehouse management system outage reported. Reported at Delhi facility during shift 3.,Resolved,Mumbai
1257,Customs Issue,Low,Import permit approval pending. Reported at Delhi facility during shift 1.,Resolved,Ahmedabad
1258,Shipment Delay,Medium,Driver shortage affected transportation schedule. Reported at Kolkata facility during shift 2.,Open,Chennai
1259,Shipment Delay,Medium,Container missed connecting vessel. Reported at Hyderabad facility during shift 2.,Open,Chennai
1260,Warehouse Issue,Low,Picking error occurred in warehouse. Reported at Pune facility during shift 2.,Open,Mumbai
1261,Documentation Error,Critical,Bill of lading information mismatch detected. Reported at Ahmedabad facility during shift 2.,In Progress,Chennai
1262,Warehouse Issue,High,Order consolidation process delayed shipment. Reported at Hyderabad facility during shift 1.,Resolved,Mumbai
1263,Customs Issue,Critical,Shipment held by customs authorities. Reported at Ahmedabad facility during shift 2.,Open,Mumbai
1264,Warehouse Issue,Low,Cycle count discrepancy identified. Reported at Mumbai facility during shift 3.,Open,Delhi
1265,Customs Issue,Low,Customs clearance process delayed. Reported at Bengaluru facility during shift 2.,In Progress,Ahmedabad
1266,Warehouse Issue,High,Inventory misplaced within storage area. Reported at Ahmedabad facility during shift 3.,Open,Pune
1267,Damaged Goods,High,Transit vibration caused product defects. Reported at Delhi facility during shift 1.,In Progress,Kolkata
1268,Warehouse Issue,High,Space constraint affected storage operations. Reported at Chennai facility during shift 1.,In Progress,Pune
1269,Damaged Goods,Low,Temperature excursion affected product quality. Reported at Delhi facility during shift 1.,Resolved,Kolkata
1270,Damaged Goods,High,Fragile goods mishandled during unloading. Reported at Bengaluru facility during shift 1.,Resolved,Kolkata
1271,Warehouse Issue,Medium,Warehouse processing backlog reported. Reported at Delhi facility during shift 2.,In Progress,Ahmedabad
1272,Warehouse Issue,Medium,Inventory misplaced within storage area. Reported at Pune facility during shift 1.,Open,Mumbai
1273,Shipment Delay,Critical,Container missed connecting vessel. Reported at Pune facility during shift 2.,Open,Kolkata
1274,Shipment Delay,Critical,Delivery delayed due to traffic disruption. Reported at Chennai facility during shift 3.,Open,Chennai
1275,Customs Issue,Medium,Regulatory approval pending clearance. Reported at Hyderabad facility during shift 2.,Resolved,Hyderabad
1276,Customs Issue,Low,Regulatory approval pending clearance. Reported at Pune facility during shift 2.,In Progress,Delhi
1277,Customs Issue,Low,Tariff classification review in progress. Reported at Ahmedabad facility during shift 3.,Resolved,Ahmedabad
1278,Customs Issue,High,Customs requested additional documentation. Reported at Kolkata facility during shift 1.,Open,Chennai
1279,Documentation Error,High,Incorrect consignee information provided. Reported at Kolkata facility during shift 3.,Open,Hyderabad
1280,Inventory Shortage,Medium,Product unavailable due to inventory mismatch. Reported at Hyderabad facility during shift 3.,Resolved,Delhi
1281,Shipment Delay,High,Shipment delayed due to customs inspection. Reported at Hyderabad facility during shift 1.,In Progress,Kolkata
1282,Documentation Error,Low,Missing invoice delayed processing. Reported at Chennai facility during shift 2.,Resolved,Pune
1283,Shipment Delay,Low,Shipment delayed due to customs inspection. Reported at Mumbai facility during shift 2.,Resolved,Chennai
1284,Transportation Failure,Critical,Driver unavailable for scheduled route. Reported at Bengaluru facility during shift 3.,Resolved,Bengaluru
1285,Damaged Goods,High,Shipment contents damaged in transit. Reported at Hyderabad facility during shift 3.,Resolved,Delhi
1286,Customs Issue,Medium,Tariff classification review in progress. Reported at Bengaluru facility during shift 1.,Resolved,Bengaluru
1287,Warehouse Issue,Low,Space constraint affected storage operations. Reported at Pune facility during shift 2.,Resolved,Kolkata
1288,Warehouse Issue,Low,Order picking queue exceeded capacity. Reported at Mumbai facility during shift 1.,Open,Ahmedabad
1289,Inventory Shortage,Medium,Inventory forecast underestimated demand. Reported at Mumbai facility during shift 2.,In Progress,Kolkata
1290,Warehouse Issue,Medium,Inventory allocation issue detected. Reported at Ahmedabad facility during shift 3.,In Progress,Ahmedabad
1291,Customs Issue,Medium,Tariff classification review in progress. Reported at Delhi facility during shift 1.,In Progress,Ahmedabad
1292,Inventory Shortage,Low,Procurement delay affected inventory availability. Reported at Mumbai facility during shift 3.,In Progress,Chennai
1293,Customs Issue,Medium,Import documentation under review. Reported at Pune facility during shift 1.,In Progress,Mumbai
1294,Shipment Delay,Medium,Container missed connecting vessel. Reported at Hyderabad facility during shift 1.,Open,Pune
1295,Damaged Goods,Medium,Water exposure damaged packaged goods. Reported at Hyderabad facility during shift 2.,Open,Delhi
1296,Warehouse Issue,Critical,Cycle count discrepancy identified. Reported at Kolkata facility during shift 1.,In Progress,Hyderabad
1297,Inventory Shortage,Low,Inventory replenishment delayed. Reported at Ahmedabad facility during shift 1.,In Progress,Mumbai
1298,Warehouse Issue,Medium,Warehouse stock mismatch identified. Reported at Kolkata facility during shift 2.,Resolved,Ahmedabad
1299,Damaged Goods,High,Warehouse accident damaged stored inventory. Reported at Kolkata facility during shift 2.,Resolved,Delhi
1300,Warehouse Issue,Medium,Storage location information incorrect. Reported at Ahmedabad facility during shift 2.,Open,Pune
1301,Shipment Delay,Low,Driver shortage affected transportation schedule. Reported at Kolkata facility during shift 2.,In Progress,Pune
1302,Documentation Error,Low,Incorrect shipping documentation submitted. Reported at Ahmedabad facility during shift 3.,Open,Delhi
1303,Customs Issue,Medium,Shipment held by customs authorities. Reported at Hyderabad facility during shift 3.,Resolved,Mumbai
1304,Inventory Shortage,Medium,Cycle count revealed stock deficiency. Reported at Chennai facility during shift 3.,In Progress,Chennai
1305,Shipment Delay,Low,Shipment rerouted causing additional transit time. Reported at Delhi facility during shift 1.,Open,Bengaluru
1306,Warehouse Issue,High,Put-away process delayed inventory availability. Reported at Ahmedabad facility during shift 1.,Resolved,Pune
1307,Transportation Failure,High,Route planning error delayed movement. Reported at Chennai facility during shift 2.,Open,Pune
1308,Transportation Failure,High,Carrier failed to pick up shipment. Reported at Kolkata facility during shift 1.,In Progress,Kolkata
1309,Damaged Goods,Medium,Product packaging torn during loading. Reported at Mumbai facility during shift 1.,In Progress,Delhi
1310,Inventory Shortage,Medium,Stockout occurred at fulfillment center. Reported at Mumbai facility during shift 1.,In Progress,Delhi
1311,Shipment Delay,Low,Rail transport delay impacted delivery timeline. Reported at Pune facility during shift 1.,Open,Hyderabad
1312,Transportation Failure,Medium,Transport route disruption due to road closure. Reported at Pune facility during shift 1.,In Progress,Hyderabad
1313,Transportation Failure,Low,Transportation network disruption reported. Reported at Mumbai facility during shift 1.,Resolved,Bengaluru
1314,Transportation Failure,Low,Transportation vendor system outage reported. Reported at Kolkata facility during shift 1.,In Progress,Ahmedabad
1315,Documentation Error,Low,Purchase order details inconsistent. Reported at Mumbai facility during shift 2.,Resolved,Bengaluru
1316,Shipment Delay,High,Carrier scheduling issue caused shipment delay. Reported at Mumbai facility during shift 1.,Resolved,Delhi
1317,Damaged Goods,Low,Container impact damaged shipment contents. Reported at Kolkata facility during shift 2.,Resolved,Bengaluru
1318,Warehouse Issue,Critical,Storage location information incorrect. Reported at Pune facility during shift 3.,Open,Kolkata
1319,Documentation Error,High,Export declaration contained errors. Reported at Chennai facility during shift 1.,Resolved,Hyderabad
1320,Customs Issue,Critical,Import documentation under review. Reported at Chennai facility during shift 1.,In Progress,Hyderabad
1321,Documentation Error,High,Required compliance document missing. Reported at Kolkata facility during shift 2.,Open,Hyderabad
1322,Shipment Delay,Low,Port congestion delayed shipment arrival. Reported at Mumbai facility during shift 2.,Resolved,Mumbai
1323,Warehouse Issue,Low,Storage location information incorrect. Reported at Hyderabad facility during shift 2.,Resolved,Pune
1324,Customs Issue,Medium,Customs requested additional documentation. Reported at Hyderabad facility during shift 3.,Open,Pune
1325,Damaged Goods,Medium,Forklift accident damaged inventory. Reported at Ahmedabad facility during shift 3.,Resolved,Delhi
1326,Customs Issue,Medium,Country-specific restriction affected import. Reported at Chennai facility during shift 3.,Open,Delhi
1327,Transportation Failure,Medium,Transportation vendor system outage reported. Reported at Ahmedabad facility during shift 2.,Resolved,Mumbai
1328,Documentation Error,Low,Incorrect shipping documentation submitted. Reported at Ahmedabad facility during shift 3.,In Progress,Pune
1329,Transportation Failure,Medium,Carrier failed to pick up shipment. Reported at Chennai facility during shift 1.,Open,Ahmedabad
1330,Shipment Delay,Medium,Unexpected weather conditions slowed transportation. Reported at Chennai facility during shift 2.,Resolved,Pune
1331,Inventory Shortage,Low,Product unavailable due to inventory mismatch. Reported at Hyderabad facility during shift 3.,In Progress,Pune
1332,Shipment Delay,High,Carrier scheduling issue caused shipment delay. Reported at Ahmedabad facility during shift 3.,Open,Chennai
1333,Inventory Shortage,High,Inventory reservation conflict identified. Reported at Kolkata facility during shift 1.,Resolved,Ahmedabad
1334,Inventory Shortage,High,Backordered items unavailable for dispatch. Reported at Bengaluru facility during shift 3.,Resolved,Delhi
1335,Shipment Delay,Low,Rail transport delay impacted delivery timeline. Reported at Delhi facility during shift 3.,In Progress,Bengaluru
1336,Documentation Error,High,Data entry error impacted shipment records. Reported at Hyderabad facility during shift 1.,Open,Hyderabad
1337,Customs Issue,Critical,Shipment flagged for compliance audit. Reported at Ahmedabad facility during shift 1.,Resolved,Chennai
1338,Warehouse Issue,Low,Receiving delay impacted warehouse operations. Reported at Kolkata facility during shift 2.,Resolved,Ahmedabad
1339,Transportation Failure,Low,Driver unavailable for scheduled route. Reported at Chennai facility during shift 3.,In Progress,Kolkata
1340,Documentation Error,Medium,Export declaration contained errors. Reported at Pune facility during shift 1.,In Progress,Mumbai
1341,Documentation Error,Low,Invoice value discrepancy identified. Reported at Chennai facility during shift 3.,Resolved,Kolkata
1342,Shipment Delay,Low,Mechanical failure delayed freight movement. Reported at Bengaluru facility during shift 1.,In Progress,Mumbai
1343,Customs Issue,Medium,Customs valuation dispute identified. Reported at Mumbai facility during shift 1.,Open,Pune
1344,Warehouse Issue,Medium,Inventory allocation issue detected. Reported at Bengaluru facility during shift 1.,In Progress,Chennai
1345,Warehouse Issue,High,Receiving delay impacted warehouse operations. Reported at Bengaluru facility during shift 1.,Resolved,Ahmedabad
1346,Warehouse Issue,Low,Picking error occurred in warehouse. Reported at Ahmedabad facility during shift 3.,Open,Chennai
1347,Transportation Failure,Low,Driver unavailable for scheduled route. Reported at Mumbai facility during shift 1.,In Progress,Chennai
1348,Damaged Goods,Low,Container impact damaged shipment contents. Reported at Kolkata facility during shift 1.,Open,Chennai
1349,Damaged Goods,Low,Transit vibration caused product defects. Reported at Kolkata facility during shift 2.,In Progress,Bengaluru
1350,Warehouse Issue,Medium,Cycle count discrepancy identified. Reported at Chennai facility during shift 2.,In Progress,Mumbai
1351,Damaged Goods,Medium,Fragile goods mishandled during unloading. Reported at Chennai facility during shift 2.,Resolved,Bengaluru
1352,Shipment Delay,High,Truck breakdown caused delivery delay. Reported at Chennai facility during shift 3.,Resolved,Bengaluru
1353,Documentation Error,Medium,Customs paperwork contained errors. Reported at Hyderabad facility during shift 2.,Resolved,Ahmedabad
1354,Inventory Shortage,Low,Demand exceeded available stock levels. Reported at Delhi facility during shift 1.,In Progress,Kolkata
1355,Documentation Error,Medium,Missing certificate delayed shipment release. Reported at Pune facility during shift 2.,Resolved,Delhi
1356,Inventory Shortage,Medium,Inventory forecast underestimated demand. Reported at Hyderabad facility during shift 3.,In Progress,Chennai
1357,Documentation Error,Low,Documentation approval pending correction. Reported at Delhi facility during shift 1.,Resolved,Chennai
1358,Transportation Failure,Medium,Driver unavailable for scheduled route. Reported at Bengaluru facility during shift 1.,Open,Mumbai
1359,Damaged Goods,Medium,Forklift accident damaged inventory. Reported at Ahmedabad facility during shift 3.,In Progress,Pune
1360,Warehouse Issue,Low,Cycle count discrepancy identified. Reported at Pune facility during shift 3.,In Progress,Delhi
1361,Shipment Delay,Low,Last-mile delivery partner unavailable. Reported at Chennai facility during shift 2.,Open,Bengaluru
1362,Customs Issue,Low,Border inspection extended shipment hold. Reported at Ahmedabad facility during shift 3.,In Progress,Pune
1363,Warehouse Issue,Medium,Put-away process delayed inventory availability. Reported at Kolkata facility during shift 1.,Open,Pune
1364,Shipment Delay,Medium,Truck breakdown caused delivery delay. Reported at Pune facility during shift 1.,Open,Hyderabad
1365,Transportation Failure,Critical,Logistics partner experienced operational failure. Reported at Pune facility during shift 1.,Open,Bengaluru
1366,Damaged Goods,High,Goods arrived with visible damage. Reported at Bengaluru facility during shift 2.,In Progress,Bengaluru
1367,Inventory Shortage,High,Demand exceeded available stock levels. Reported at Chennai facility during shift 1.,Open,Chennai
1368,Warehouse Issue,Medium,Dock congestion slowed warehouse throughput. Reported at Delhi facility during shift 2.,Open,Pune
1369,Inventory Shortage,Medium,Stockout occurred at fulfillment center. Reported at Ahmedabad facility during shift 1.,In Progress,Delhi
1370,Documentation Error,Low,Invoice value discrepancy identified. Reported at Kolkata facility during shift 3.,Open,Delhi
1371,Warehouse Issue,Medium,Warehouse processing backlog reported. Reported at Bengaluru facility during shift 3.,In Progress,Pune
1372,Documentation Error,High,Purchase order details inconsistent. Reported at Bengaluru facility during shift 1.,Resolved,Bengaluru
1373,Warehouse Issue,Medium,Inventory misplaced within storage area. Reported at Hyderabad facility during shift 1.,Open,Hyderabad
1374,Warehouse Issue,High,Storage location information incorrect. Reported at Ahmedabad facility during shift 1.,In Progress,Mumbai
1375,Inventory Shortage,High,Backordered items unavailable for dispatch. Reported at Kolkata facility during shift 3.,In Progress,Ahmedabad
1376,Documentation Error,High,Export declaration contained errors. Reported at Delhi facility during shift 2.,Resolved,Ahmedabad
1377,Customs Issue,Medium,Import permit approval pending. Reported at Ahmedabad facility during shift 2.,Resolved,Chennai
1378,Inventory Shortage,High,Demand exceeded available stock levels. Reported at Bengaluru facility during shift 2.,In Progress,Bengaluru
1379,Damaged Goods,Low,Pallet collapse resulted in product damage. Reported at Kolkata facility during shift 3.,In Progress,Hyderabad
1380,Documentation Error,Low,Missing invoice delayed processing. Reported at Delhi facility during shift 1.,Resolved,Pune
1381,Inventory Shortage,Medium,Cycle count revealed stock deficiency. Reported at Chennai facility during shift 2.,In Progress,Kolkata
1382,Transportation Failure,Medium,Fleet utilization exceeded available capacity. Reported at Kolkata facility during shift 2.,In Progress,Pune
1383,Damaged Goods,Medium,Pallet collapse resulted in product damage. Reported at Chennai facility during shift 1.,In Progress,Mumbai
1384,Damaged Goods,High,Receiving inspection identified damaged goods. Reported at Mumbai facility during shift 2.,Resolved,Mumbai
1385,Warehouse Issue,Low,Inventory allocation issue detected. Reported at Bengaluru facility during shift 1.,In Progress,Chennai
1386,Documentation Error,Medium,Bill of lading information mismatch detected. Reported at Pune facility during shift 1.,In Progress,Hyderabad
1387,Customs Issue,High,Trade compliance review delayed processing. Reported at Hyderabad facility during shift 1.,Open,Hyderabad
1388,Shipment Delay,High,Driver shortage affected transportation schedule. Reported at Hyderabad facility during shift 2.,In Progress,Kolkata
1389,Warehouse Issue,Medium,Cycle count discrepancy identified. Reported at Chennai facility during shift 2.,Open,Kolkata
1390,Inventory Shortage,Low,Demand exceeded available stock levels. Reported at Bengaluru facility during shift 2.,Resolved,Ahmedabad
1391,Customs Issue,High,Trade compliance review delayed processing. Reported at Ahmedabad facility during shift 2.,In Progress,Bengaluru
1392,Transportation Failure,Medium,Third-party carrier cancelled shipment booking. Reported at Kolkata facility during shift 1.,Resolved,Chennai
1393,Damaged Goods,Critical,Goods arrived with visible damage. Reported at Delhi facility during shift 2.,Open,Ahmedabad
1394,Warehouse Issue,Low,Dock congestion slowed warehouse throughput. Reported at Pune facility during shift 2.,In Progress,Kolkata
1395,Warehouse Issue,Medium,Space constraint affected storage operations. Reported at Hyderabad facility during shift 2.,Resolved,Chennai
1396,Inventory Shortage,Medium,Inventory replenishment delayed. Reported at Pune facility during shift 3.,Resolved,Kolkata
1397,Transportation Failure,Medium,Logistics partner experienced operational failure. Reported at Kolkata facility during shift 1.,Open,Ahmedabad
1398,Shipment Delay,High,Container missed connecting vessel. Reported at Ahmedabad facility during shift 3.,Open,Delhi
1399,Shipment Delay,High,Shipment rerouted causing additional transit time. Reported at Delhi facility during shift 1.,Resolved,Ahmedabad
1400,Shipment Delay,Critical,Port congestion delayed shipment arrival. Reported at Bengaluru facility during shift 1.,In Progress,Hyderabad
1401,Inventory Shortage,Medium,Demand exceeded available stock levels. Reported at Hyderabad facility during shift 3.,In Progress,Chennai
1402,Damaged Goods,Medium,Temperature excursion affected product quality. Reported at Chennai facility during shift 1.,In Progress,Kolkata
1403,Inventory Shortage,Medium,Product unavailable due to inventory mismatch. Reported at Delhi facility during shift 3.,Resolved,Mumbai
1404,Transportation Failure,High,Trailer availability issue delayed dispatch. Reported at Bengaluru facility during shift 1.,In Progress,Kolkata
1405,Warehouse Issue,Medium,Put-away process delayed inventory availability. Reported at Ahmedabad facility during shift 1.,In Progress,Bengaluru
1406,Documentation Error,Low,Data entry error impacted shipment records. Reported at Ahmedabad facility during shift 2.,Open,Ahmedabad
1407,Shipment Delay,High,Holiday demand surge caused shipping delays. Reported at Kolkata facility during shift 3.,Resolved,Pune
1408,Documentation Error,Medium,Shipping label generated with incorrect address. Reported at Ahmedabad facility during shift 2.,Open,Mumbai
1409,Damaged Goods,High,Fragile goods mishandled during unloading. Reported at Ahmedabad facility during shift 2.,Resolved,Hyderabad
1410,Transportation Failure,Low,Route planning error delayed movement. Reported at Delhi facility during shift 2.,Resolved,Kolkata
1411,Transportation Failure,Medium,Fuel supply issue interrupted transportation. Reported at Delhi facility during shift 3.,In Progress,Chennai
1412,Inventory Shortage,High,Warehouse unable to fulfill requested quantity. Reported at Delhi facility during shift 2.,Resolved,Hyderabad
1413,Customs Issue,High,Country-specific restriction affected import. Reported at Mumbai facility during shift 3.,Open,Ahmedabad
1414,Transportation Failure,Low,Third-party carrier cancelled shipment booking. Reported at Mumbai facility during shift 2.,Open,Pune
1415,Transportation Failure,Low,Fleet utilization exceeded available capacity. Reported at Delhi facility during shift 2.,Open,Ahmedabad
1416,Shipment Delay,Medium,Truck breakdown caused delivery delay. Reported at Ahmedabad facility during shift 2.,In Progress,Bengaluru
1417,Transportation Failure,Low,Delivery vehicle breakdown reported. Reported at Chennai facility during shift 2.,Open,Pune
1418,Customs Issue,Medium,Regulatory approval pending clearance. Reported at Ahmedabad facility during shift 2.,Open,Bengaluru
1419,Customs Issue,High,Import permit approval pending. Reported at Delhi facility during shift 2.,Open,Delhi
1420,Warehouse Issue,Low,Warehouse stock mismatch identified. Reported at Mumbai facility during shift 1.,Resolved,Kolkata
1421,Inventory Shortage,Low,Product unavailable due to inventory mismatch. Reported at Chennai facility during shift 3.,In Progress,Pune
1422,Inventory Shortage,Medium,Demand exceeded available stock levels. Reported at Chennai facility during shift 3.,In Progress,Chennai
1423,Warehouse Issue,Medium,Dock congestion slowed warehouse throughput. Reported at Mumbai facility during shift 2.,In Progress,Chennai
1424,Documentation Error,High,Incorrect shipping documentation submitted. Reported at Chennai facility during shift 2.,Open,Pune
1425,Inventory Shortage,Medium,Demand exceeded available stock levels. Reported at Mumbai facility during shift 1.,Open,Pune
1426,Warehouse Issue,Critical,Warehouse processing backlog reported. Reported at Mumbai facility during shift 1.,Open,Delhi
1427,Customs Issue,Medium,Import documentation under review. Reported at Chennai facility during shift 2.,In Progress,Pune
1428,Documentation Error,Low,Missing certificate delayed shipment release. Reported at Bengaluru facility during shift 3.,Resolved,Kolkata
1429,Transportation Failure,Low,Transport route disruption due to road closure. Reported at Bengaluru facility during shift 1.,In Progress,Delhi
1430,Shipment Delay,Medium,Delivery delayed due to traffic disruption. Reported at Pune facility during shift 1.,In Progress,Bengaluru
1431,Shipment Delay,Medium,Shipment rerouted causing additional transit time. Reported at Hyderabad facility during shift 3.,Open,Mumbai
1432,Inventory Shortage,Medium,Supplier delay created inventory gap. Reported at Hyderabad facility during shift 3.,Open,Delhi
1433,Damaged Goods,Medium,Product packaging torn during loading. Reported at Pune facility during shift 3.,Resolved,Delhi
1434,Damaged Goods,Medium,Goods arrived with visible damage. Reported at Pune facility during shift 3.,In Progress,Chennai
1435,Documentation Error,Medium,Shipping label generated with incorrect address. Reported at Ahmedabad facility during shift 2.,Resolved,Bengaluru
1436,Documentation Error,Low,Documentation approval pending correction. Reported at Chennai facility during shift 1.,Open,Hyderabad
1437,Inventory Shortage,Medium,Procurement delay affected inventory availability. Reported at Kolkata facility during shift 1.,Open,Delhi
1438,Damaged Goods,Low,Improper handling caused item breakage. Reported at Hyderabad facility during shift 1.,Open,Chennai
1439,Inventory Shortage,High,Warehouse unable to fulfill requested quantity. Reported at Ahmedabad facility during shift 3.,Open,Hyderabad
1440,Damaged Goods,High,Fragile goods mishandled during unloading. Reported at Chennai facility during shift 3.,In Progress,Hyderabad
1441,Warehouse Issue,Medium,Warehouse stock mismatch identified. Reported at Bengaluru facility during shift 3.,Open,Bengaluru
1442,Documentation Error,Medium,Incorrect shipping documentation submitted. Reported at Bengaluru facility during shift 3.,Open,Kolkata
1443,Documentation Error,Medium,Incorrect consignee information provided. Reported at Delhi facility during shift 2.,Open,Ahmedabad
1444,Shipment Delay,Critical,Unexpected weather conditions slowed transportation. Reported at Chennai facility during shift 3.,Open,Delhi
1445,Shipment Delay,Medium,Port congestion delayed shipment arrival. Reported at Bengaluru facility during shift 1.,In Progress,Ahmedabad
1446,Damaged Goods,Medium,Goods arrived with visible damage. Reported at Bengaluru facility during shift 1.,Resolved,Bengaluru
1447,Damaged Goods,Low,Shipment contents damaged in transit. Reported at Ahmedabad facility during shift 3.,In Progress,Mumbai
1448,Damaged Goods,Medium,Pallet collapse resulted in product damage. Reported at Kolkata facility during shift 1.,In Progress,Kolkata
1449,Warehouse Issue,High,Storage location information incorrect. Reported at Ahmedabad facility during shift 1.,In Progress,Mumbai
1450,Warehouse Issue,Medium,Order consolidation process delayed shipment. Reported at Hyderabad facility during shift 3.,Resolved,Delhi
1451,Damaged Goods,Medium,Pallet collapse resulted in product damage. Reported at Ahmedabad facility during shift 2.,In Progress,Ahmedabad
1452,Shipment Delay,Medium,Container missed connecting vessel. Reported at Delhi facility during shift 3.,Open,Bengaluru
1453,Shipment Delay,Medium,Shipment delayed due to customs inspection. Reported at Pune facility during shift 2.,In Progress,Kolkata
1454,Customs Issue,Medium,Customs requested additional documentation. Reported at Kolkata facility during shift 2.,Resolved,Mumbai
1455,Transportation Failure,Medium,Trailer availability issue delayed dispatch. Reported at Chennai facility during shift 1.,Resolved,Delhi
1456,Inventory Shortage,High,Unexpected order spike exhausted stock. Reported at Kolkata facility during shift 2.,Resolved,Pune
1457,Documentation Error,Medium,Data entry error impacted shipment records. Reported at Ahmedabad facility during shift 3.,Resolved,Chennai
1458,Customs Issue,Low,Tariff classification review in progress. Reported at Kolkata facility during shift 3.,In Progress,Chennai
1459,Warehouse Issue,Medium,Receiving delay impacted warehouse operations. Reported at Chennai facility during shift 3.,Open,Hyderabad
1460,Documentation Error,Low,Export declaration contained errors. Reported at Delhi facility during shift 2.,Resolved,Delhi
1461,Shipment Delay,High,Truck breakdown caused delivery delay. Reported at Mumbai facility during shift 3.,In Progress,Kolkata
1462,Customs Issue,Critical,Border security inspection caused delay. Reported at Mumbai facility during shift 3.,In Progress,Delhi
1463,Warehouse Issue,Medium,Order picking queue exceeded capacity. Reported at Hyderabad facility during shift 3.,Resolved,Kolkata
1464,Documentation Error,High,Required compliance document missing. Reported at Kolkata facility during shift 3.,Open,Pune
1465,Warehouse Issue,Low,Storage location information incorrect. Reported at Hyderabad facility during shift 3.,Resolved,Kolkata
1466,Customs Issue,High,Regulatory verification delayed release. Reported at Chennai facility during shift 1.,Open,Mumbai
1467,Shipment Delay,Medium,Driver shortage affected transportation schedule. Reported at Kolkata facility during shift 3.,In Progress,Kolkata
1468,Inventory Shortage,High,Inventory replenishment delayed. Reported at Pune facility during shift 1.,Open,Ahmedabad
1469,Inventory Shortage,Medium,Backordered items unavailable for dispatch. Reported at Mumbai facility during shift 2.,Open,Delhi
1470,Inventory Shortage,Low,Warehouse stock shortage detected. Reported at Delhi facility during shift 1.,In Progress,Ahmedabad
1471,Customs Issue,Low,Country-specific restriction affected import. Reported at Mumbai facility during shift 3.,In Progress,Mumbai
1472,Transportation Failure,Medium,Transport route disruption due to road closure. Reported at Hyderabad facility during shift 1.,Resolved,Bengaluru
1473,Transportation Failure,Low,Fleet utilization exceeded available capacity. Reported at Mumbai facility during shift 1.,Open,Chennai
1474,Shipment Delay,Medium,Unexpected weather conditions slowed transportation. Reported at Chennai facility during shift 2.,In Progress,Ahmedabad
1475,Transportation Failure,Medium,Third-party carrier cancelled shipment booking. Reported at Pune facility during shift 3.,In Progress,Pune
1476,Damaged Goods,Medium,Transit vibration caused product defects. Reported at Bengaluru facility during shift 2.,In Progress,Chennai
1477,Damaged Goods,Low,Transit vibration caused product defects. Reported at Pune facility during shift 1.,Resolved,Kolkata
1478,Customs Issue,Medium,Trade compliance review delayed processing. Reported at Delhi facility during shift 1.,Resolved,Hyderabad
1479,Customs Issue,Medium,Shipment selected for random inspection. Reported at Bengaluru facility during shift 2.,Resolved,Ahmedabad
1480,Documentation Error,Critical,Purchase order details inconsistent. Reported at Bengaluru facility during shift 1.,In Progress,Chennai
1481,Customs Issue,Medium,Customs requested additional documentation. Reported at Chennai facility during shift 3.,In Progress,Bengaluru
1482,Documentation Error,Medium,Export declaration contained errors. Reported at Kolkata facility during shift 3.,Open,Pune
1483,Transportation Failure,High,Trailer availability issue delayed dispatch. Reported at Ahmedabad facility during shift 3.,Open,Kolkata
1484,Damaged Goods,Low,Container impact damaged shipment contents. Reported at Bengaluru facility during shift 3.,Resolved,Chennai
1485,Inventory Shortage,High,Inventory forecast underestimated demand. Reported at Mumbai facility during shift 2.,Resolved,Ahmedabad
1486,Inventory Shortage,Medium,Warehouse unable to fulfill requested quantity. Reported at Ahmedabad facility during shift 1.,Resolved,Bengaluru
1487,Inventory Shortage,Medium,Demand exceeded available stock levels. Reported at Delhi facility during shift 3.,Open,Kolkata
1488,Customs Issue,Critical,Shipment held by customs authorities. Reported at Delhi facility during shift 2.,In Progress,Bengaluru
1489,Customs Issue,Low,Regulatory verification delayed release. Reported at Ahmedabad facility during shift 3.,Open,Ahmedabad
1490,Shipment Delay,Critical,Driver shortage affected transportation schedule. Reported at Pune facility during shift 1.,Resolved,Mumbai
1491,Customs Issue,High,Customs requested additional documentation. Reported at Kolkata facility during shift 3.,Resolved,Kolkata
1492,Customs Issue,Low,Customs valuation dispute identified. Reported at Kolkata facility during shift 1.,Open,Hyderabad
1493,Shipment Delay,High,Truck breakdown caused delivery delay. Reported at Mumbai facility during shift 2.,Open,Mumbai
1494,Documentation Error,Critical,Incorrect consignee information provided. Reported at Delhi facility during shift 2.,Resolved,Chennai
1495,Damaged Goods,Critical,Package damaged during transportation. Reported at Bengaluru facility during shift 2.,In Progress,Pune
1496,Warehouse Issue,Medium,Dock congestion slowed warehouse throughput. Reported at Delhi facility during shift 3.,Resolved,Bengaluru
1497,Shipment Delay,High,Delivery delayed due to traffic disruption. Reported at Chennai facility during shift 3.,In Progress,Delhi
1498,Warehouse Issue,Medium,Inventory allocation issue detected. Reported at Bengaluru facility during shift 2.,Open,Hyderabad
1499,Inventory Shortage,Medium,Procurement delay affected inventory availability. Reported at Chennai facility during shift 3.,Resolved,Mumbai
1500,Damaged Goods,High,Transit vibration caused product defects. Reported at Ahmedabad facility during shift 3.,In Progress,Hyderabad
1501,Customs Issue,Low,Tariff classification review in progress. Reported at Chennai facility during shift 2.,Resolved,Bengaluru
1502,Warehouse Issue,High,Put-away process delayed inventory availability. Reported at Bengaluru facility during shift 3.,Open,Ahmedabad
1503,Customs Issue,Critical,Tariff classification review in progress. Reported at Hyderabad facility during shift 3.,Open,Chennai
1504,Documentation Error,Medium,Purchase order details inconsistent. Reported at Pune facility during shift 2.,In Progress,Kolkata
1505,Transportation Failure,Medium,Transport route disruption due to road closure. Reported at Hyderabad facility during shift 2.,Open,Kolkata
1506,Shipment Delay,High,Port congestion delayed shipment arrival. Reported at Pune facility during shift 3.,Open,Hyderabad
1507,Transportation Failure,Low,Accident blocked scheduled delivery route. Reported at Delhi facility during shift 3.,Resolved,Ahmedabad
1508,Damaged Goods,Low,Receiving inspection identified damaged goods. Reported at Delhi facility during shift 1.,Resolved,Bengaluru
1509,Customs Issue,High,Customs valuation dispute identified. Reported at Chennai facility during shift 2.,Resolved,Mumbai
1510,Customs Issue,Critical,Shipment selected for random inspection. Reported at Delhi facility during shift 2.,In Progress,Delhi
1511,Shipment Delay,Low,Truck breakdown caused delivery delay. Reported at Pune facility during shift 2.,Open,Mumbai
1512,Documentation Error,Medium,Missing certificate delayed shipment release. Reported at Pune facility during shift 3.,Open,Kolkata
1513,Inventory Shortage,Medium,Warehouse stock shortage detected. Reported at Mumbai facility during shift 1.,In Progress,Delhi
1514,Customs Issue,Critical,Regulatory approval pending clearance. Reported at Kolkata facility during shift 3.,Resolved,Mumbai
1515,Warehouse Issue,Medium,Warehouse management system outage reported. Reported at Kolkata facility during shift 2.,In Progress,Pune
1516,Shipment Delay,Low,Truck breakdown caused delivery delay. Reported at Mumbai facility during shift 1.,Resolved,Bengaluru
1517,Shipment Delay,Medium,Rail transport delay impacted delivery timeline. Reported at Ahmedabad facility during shift 2.,Open,Delhi
1518,Transportation Failure,Medium,Fleet utilization exceeded available capacity. Reported at Kolkata facility during shift 2.,Open,Pune
1519,Shipment Delay,High,Dispatch process delayed at origin facility. Reported at Delhi facility during shift 2.,Open,Kolkata
1520,Documentation Error,Medium,Manifest information incomplete. Reported at Ahmedabad facility during shift 1.,Resolved,Mumbai
1521,Warehouse Issue,High,Space constraint affected storage operations. Reported at Bengaluru facility during shift 3.,Open,Delhi
1522,Shipment Delay,Low,Cargo loading completed behind schedule. Reported at Ahmedabad facility during shift 2.,Open,Bengaluru
1523,Customs Issue,Low,Import documentation under review. Reported at Mumbai facility during shift 3.,Open,Mumbai
1524,Shipment Delay,Critical,Cargo loading completed behind schedule. Reported at Hyderabad facility during shift 2.,Open,Kolkata
1525,Customs Issue,Low,Shipment held by customs authorities. Reported at Bengaluru facility during shift 2.,Resolved,Hyderabad
1526,Customs Issue,Medium,Shipment flagged for compliance audit. Reported at Ahmedabad facility during shift 1.,Resolved,Pune
1527,Documentation Error,Medium,Shipping label generated with incorrect address. Reported at Pune facility during shift 3.,Open,Mumbai
1528,Customs Issue,Low,Trade compliance review delayed processing. Reported at Chennai facility during shift 1.,Open,Hyderabad
1529,Warehouse Issue,Medium,Warehouse staffing shortage reported. Reported at Bengaluru facility during shift 1.,Open,Pune
1530,Damaged Goods,Medium,Goods arrived with visible damage. Reported at Kolkata facility during shift 1.,In Progress,Kolkata
1531,Customs Issue,Medium,Country-specific restriction affected import. Reported at Delhi facility during shift 2.,In Progress,Kolkata
1532,Customs Issue,Medium,Import documentation under review. Reported at Bengaluru facility during shift 1.,In Progress,Bengaluru
1533,Customs Issue,High,Customs requested additional documentation. Reported at Delhi facility during shift 2.,In Progress,Kolkata
1534,Transportation Failure,Low,Delivery vehicle breakdown reported. Reported at Bengaluru facility during shift 1.,Resolved,Mumbai
1535,Customs Issue,Medium,Shipment flagged for compliance audit. Reported at Kolkata facility during shift 1.,Open,Pune
1536,Damaged Goods,High,Warehouse accident damaged stored inventory. Reported at Hyderabad facility during shift 1.,Open,Hyderabad
1537,Shipment Delay,Medium,Truck breakdown caused delivery delay. Reported at Kolkata facility during shift 1.,Open,Mumbai
1538,Inventory Shortage,High,Backordered items unavailable for dispatch. Reported at Hyderabad facility during shift 3.,In Progress,Mumbai
1539,Documentation Error,Low,Incorrect consignee information provided. Reported at Hyderabad facility during shift 3.,Open,Chennai
1540,Inventory Shortage,Medium,Safety stock threshold breached. Reported at Kolkata facility during shift 1.,Resolved,Kolkata
1541,Transportation Failure,Low,Route planning error delayed movement. Reported at Delhi facility during shift 2.,Resolved,Delhi
1542,Customs Issue,Medium,Import documentation under review. Reported at Delhi facility during shift 2.,In Progress,Chennai
1543,Customs Issue,High,Customs valuation dispute identified. Reported at Pune facility during shift 3.,Resolved,Kolkata
1544,Customs Issue,Critical,Import permit approval pending. Reported at Delhi facility during shift 2.,In Progress,Hyderabad
1545,Damaged Goods,Medium,Pallet collapse resulted in product damage. Reported at Bengaluru facility during shift 2.,Open,Hyderabad
1546,Transportation Failure,Medium,Third-party carrier cancelled shipment booking. Reported at Pune facility during shift 1.,Open,Bengaluru
1547,Shipment Delay,High,Port congestion delayed shipment arrival. Reported at Chennai facility during shift 1.,Resolved,Ahmedabad
1548,Warehouse Issue,Medium,Warehouse staffing shortage reported. Reported at Chennai facility during shift 2.,Resolved,Delhi
1549,Transportation Failure,Low,Fleet utilization exceeded available capacity. Reported at Mumbai facility during shift 2.,Open,Chennai
1550,Customs Issue,Critical,Tariff classification review in progress. Reported at Pune facility during shift 1.,Resolved,Chennai
1551,Documentation Error,Critical,Export declaration contained errors. Reported at Delhi facility during shift 3.,Resolved,Bengaluru
1552,Inventory Shortage,Medium,Product unavailable due to inventory mismatch. Reported at Pune facility during shift 1.,Open,Kolkata
1553,Transportation Failure,Critical,Fuel supply issue interrupted transportation. Reported at Delhi facility during shift 2.,In Progress,Bengaluru
1554,Warehouse Issue,Low,Inventory misplaced within storage area. Reported at Mumbai facility during shift 2.,In Progress,Hyderabad
1555,Inventory Shortage,Critical,Warehouse stock shortage detected. Reported at Kolkata facility during shift 1.,Resolved,Chennai
1556,Transportation Failure,Medium,Trailer availability issue delayed dispatch. Reported at Ahmedabad facility during shift 1.,Resolved,Ahmedabad
1557,Damaged Goods,Low,Shipment contents damaged in transit. Reported at Pune facility during shift 1.,Resolved,Delhi
1558,Transportation Failure,Medium,Driver unavailable for scheduled route. Reported at Chennai facility during shift 1.,Open,Mumbai
1559,Documentation Error,Low,Labeling information did not match shipment. Reported at Delhi facility during shift 2.,In Progress,Chennai
1560,Inventory Shortage,Medium,Unexpected order spike exhausted stock. Reported at Hyderabad facility during shift 1.,In Progress,Hyderabad
1561,Damaged Goods,High,Pallet collapse resulted in product damage. Reported at Delhi facility during shift 3.,Open,Ahmedabad
1562,Customs Issue,Low,Trade compliance review delayed processing. Reported at Ahmedabad facility during shift 1.,Resolved,Kolkata
1563,Shipment Delay,Low,Container missed connecting vessel. Reported at Bengaluru facility during shift 1.,Open,Delhi
1564,Transportation Failure,Low,Fuel supply issue interrupted transportation. Reported at Pune facility during shift 1.,Open,Ahmedabad
1565,Customs Issue,Medium,Regulatory verification delayed release. Reported at Mumbai facility during shift 2.,In Progress,Delhi
1566,Damaged Goods,High,Warehouse accident damaged stored inventory. Reported at Kolkata facility during shift 3.,Resolved,Kolkata
1567,Inventory Shortage,Low,Product unavailable due to inventory mismatch. Reported at Mumbai facility during shift 1.,In Progress,Chennai
1568,Warehouse Issue,Medium,Dock congestion slowed warehouse throughput. Reported at Bengaluru facility during shift 1.,In Progress,Kolkata
1569,Documentation Error,Medium,Data entry error impacted shipment records. Reported at Chennai facility during shift 2.,In Progress,Ahmedabad
1570,Shipment Delay,Medium,Driver shortage affected transportation schedule. Reported at Kolkata facility during shift 1.,Resolved,Delhi
1571,Inventory Shortage,Critical,Stockout occurred at fulfillment center. Reported at Mumbai facility during shift 2.,Open,Kolkata
1572,Inventory Shortage,High,Inventory forecast underestimated demand. Reported at Mumbai facility during shift 3.,Resolved,Delhi
1573,Inventory Shortage,Low,Inventory reservation conflict identified. Reported at Delhi facility during shift 1.,In Progress,Chennai
1574,Damaged Goods,Low,Forklift accident damaged inventory. Reported at Delhi facility during shift 2.,Open,Mumbai
1575,Warehouse Issue,Medium,Warehouse stock mismatch identified. Reported at Kolkata facility during shift 2.,Resolved,Bengaluru
1576,Inventory Shortage,Low,Safety stock threshold breached. Reported at Kolkata facility during shift 2.,In Progress,Chennai
1577,Damaged Goods,Low,Product packaging torn during loading. Reported at Hyderabad facility during shift 2.,In Progress,Kolkata
1578,Inventory Shortage,Low,Safety stock threshold breached. Reported at Chennai facility during shift 1.,Open,Pune
1579,Inventory Shortage,Critical,Stockout occurred at fulfillment center. Reported at Ahmedabad facility during shift 2.,Open,Kolkata
1580,Inventory Shortage,Medium,Stockout occurred at fulfillment center. Reported at Ahmedabad facility during shift 2.,Open,Mumbai
1581,Customs Issue,Medium,Shipment held by customs authorities. Reported at Delhi facility during shift 2.,In Progress,Pune
1582,Inventory Shortage,Medium,Raw material shortage impacted production. Reported at Hyderabad facility during shift 1.,Open,Mumbai
1583,Inventory Shortage,Medium,Raw material shortage impacted production. Reported at Mumbai facility during shift 1.,Resolved,Bengaluru
1584,Inventory Shortage,Low,Procurement delay affected inventory availability. Reported at Ahmedabad facility during shift 1.,Resolved,Pune
1585,Damaged Goods,Medium,Packaging failure led to damaged products. Reported at Ahmedabad facility during shift 1.,Open,Chennai
1586,Inventory Shortage,High,Demand exceeded available stock levels. Reported at Kolkata facility during shift 3.,Resolved,Pune
1587,Damaged Goods,Low,Improper handling caused item breakage. Reported at Mumbai facility during shift 2.,In Progress,Chennai
1588,Inventory Shortage,Critical,Cycle count revealed stock deficiency. Reported at Hyderabad facility during shift 3.,In Progress,Chennai
1589,Documentation Error,High,Incorrect shipping documentation submitted. Reported at Bengaluru facility during shift 3.,In Progress,Mumbai
1590,Inventory Shortage,High,Inventory forecast underestimated demand. Reported at Kolkata facility during shift 3.,In Progress,Hyderabad
1591,Inventory Shortage,Medium,Inventory replenishment delayed. Reported at Chennai facility during shift 1.,Resolved,Chennai
1592,Warehouse Issue,High,Inventory misplaced within storage area. Reported at Ahmedabad facility during shift 3.,Resolved,Hyderabad
1593,Damaged Goods,High,Transit vibration caused product defects. Reported at Bengaluru facility during shift 2.,Resolved,Mumbai
1594,Inventory Shortage,Low,Demand exceeded available stock levels. Reported at Chennai facility during shift 3.,Open,Delhi
1595,Damaged Goods,High,Receiving inspection identified damaged goods. Reported at Delhi facility during shift 2.,Open,Bengaluru
1596,Warehouse Issue,Medium,Warehouse processing backlog reported. Reported at Mumbai facility during shift 1.,Resolved,Pune
1597,Damaged Goods,Low,Product packaging torn during loading. Reported at Hyderabad facility during shift 3.,Resolved,Hyderabad
1598,Damaged Goods,Low,Package damaged during transportation. Reported at Chennai facility during shift 2.,In Progress,Delhi
1599,Damaged Goods,High,Package damaged during transportation. Reported at Mumbai facility during shift 3.,In Progress,Hyderabad
1600,Warehouse Issue,Low,Dock congestion slowed warehouse throughput. Reported at Bengaluru facility during shift 2.,In Progress,Bengaluru
1601,Documentation Error,Medium,Missing certificate delayed shipment release. Reported at Kolkata facility during shift 1.,Resolved,Kolkata
1602,Damaged Goods,Medium,Goods arrived with visible damage. Reported at Ahmedabad facility during shift 1.,In Progress,Delhi
1603,Warehouse Issue,Medium,Warehouse staffing shortage reported. Reported at Delhi facility during shift 1.,Resolved,Delhi
1604,Customs Issue,Low,Regulatory verification delayed release. Reported at Chennai facility during shift 2.,Open,Kolkata
1605,Customs Issue,Low,Border security inspection caused delay. Reported at Bengaluru facility during shift 1.,In Progress,Bengaluru
1606,Transportation Failure,High,Trailer availability issue delayed dispatch. Reported at Kolkata facility during shift 1.,Open,Chennai
1607,Documentation Error,Low,Missing invoice delayed processing. Reported at Kolkata facility during shift 2.,Open,Chennai
1608,Inventory Shortage,Low,Demand exceeded available stock levels. Reported at Mumbai facility during shift 2.,Resolved,Chennai
1609,Warehouse Issue,High,Warehouse stock mismatch identified. Reported at Mumbai facility during shift 3.,In Progress,Mumbai
1610,Inventory Shortage,High,Inventory replenishment delayed. Reported at Ahmedabad facility during shift 3.,Open,Hyderabad
1611,Damaged Goods,Low,Improper handling caused item breakage. Reported at Delhi facility during shift 1.,Resolved,Hyderabad
1612,Customs Issue,High,Shipment flagged for compliance audit. Reported at Mumbai facility during shift 1.,Open,Hyderabad
1613,Shipment Delay,Low,Cargo loading completed behind schedule. Reported at Kolkata facility during shift 1.,Open,Chennai
1614,Inventory Shortage,Medium,Supplier delay created inventory gap. Reported at Kolkata facility during shift 1.,In Progress,Bengaluru
1615,Customs Issue,Low,Tariff classification review in progress. Reported at Mumbai facility during shift 2.,Open,Bengaluru
1616,Shipment Delay,Medium,Carrier scheduling issue caused shipment delay. Reported at Pune facility during shift 1.,Open,Pune
1617,Shipment Delay,Low,Mechanical failure delayed freight movement. Reported at Chennai facility during shift 3.,In Progress,Pune
1618,Documentation Error,High,Customs paperwork contained errors. Reported at Kolkata facility during shift 1.,Resolved,Hyderabad
1619,Documentation Error,High,Manifest information incomplete. Reported at Hyderabad facility during shift 2.,In Progress,Ahmedabad
1620,Customs Issue,High,Customs requested additional documentation. Reported at Hyderabad facility during shift 3.,Open,Delhi
1621,Warehouse Issue,Low,Dock congestion slowed warehouse throughput. Reported at Delhi facility during shift 2.,In Progress,Ahmedabad
1622,Warehouse Issue,Medium,Picking error occurred in warehouse. Reported at Mumbai facility during shift 3.,Resolved,Hyderabad
1623,Inventory Shortage,Low,Product unavailable due to inventory mismatch. Reported at Pune facility during shift 1.,In Progress,Pune
1624,Damaged Goods,Medium,Improper handling caused item breakage. Reported at Kolkata facility during shift 2.,In Progress,Pune
1625,Inventory Shortage,Medium,Unexpected order spike exhausted stock. Reported at Bengaluru facility during shift 2.,In Progress,Ahmedabad
1626,Documentation Error,Low,Labeling information did not match shipment. Reported at Bengaluru facility during shift 2.,Resolved,Kolkata
1627,Documentation Error,Low,Documentation approval pending correction. Reported at Bengaluru facility during shift 3.,In Progress,Chennai
1628,Inventory Shortage,Medium,Inventory reservation conflict identified. Reported at Chennai facility during shift 2.,Open,Mumbai
1629,Shipment Delay,High,Mechanical failure delayed freight movement. Reported at Pune facility during shift 2.,Open,Hyderabad
1630,Transportation Failure,Low,Carrier failed to pick up shipment. Reported at Kolkata facility during shift 1.,Open,Chennai
1631,Customs Issue,High,Import documentation under review. Reported at Mumbai facility during shift 3.,In Progress,Chennai
1632,Customs Issue,High,Tariff classification review in progress. Reported at Pune facility during shift 1.,Resolved,Mumbai
1633,Transportation Failure,Low,Transportation network disruption reported. Reported at Delhi facility during shift 1.,Open,Mumbai
1634,Inventory Shortage,High,Product unavailable due to inventory mismatch. Reported at Chennai facility during shift 3.,In Progress,Delhi
1635,Warehouse Issue,Low,Storage location information incorrect. Reported at Ahmedabad facility during shift 3.,Resolved,Hyderabad
1636,Transportation Failure,High,Fuel supply issue interrupted transportation. Reported at Pune facility during shift 2.,Resolved,Chennai
1637,Damaged Goods,High,Product packaging torn during loading. Reported at Delhi facility during shift 1.,Open,Delhi
1638,Documentation Error,High,Customs paperwork contained errors. Reported at Chennai facility during shift 2.,Resolved,Ahmedabad
1639,Documentation Error,Medium,Data entry error impacted shipment records. Reported at Hyderabad facility during shift 3.,Resolved,Bengaluru
1640,Transportation Failure,Critical,Trailer availability issue delayed dispatch. Reported at Delhi facility during shift 2.,Resolved,Kolkata
1641,Inventory Shortage,Medium,Procurement delay affected inventory availability. Reported at Bengaluru facility during shift 2.,Open,Kolkata
1642,Inventory Shortage,Medium,Inventory reservation conflict identified. Reported at Mumbai facility during shift 3.,In Progress,Kolkata
1643,Warehouse Issue,High,Order picking queue exceeded capacity. Reported at Delhi facility during shift 1.,Resolved,Kolkata
1644,Inventory Shortage,Low,Stockout occurred at fulfillment center. Reported at Mumbai facility during shift 1.,Resolved,Pune
1645,Shipment Delay,Medium,Unexpected weather conditions slowed transportation. Reported at Hyderabad facility during shift 1.,Open,Bengaluru
1646,Documentation Error,Medium,Incorrect shipping documentation submitted. Reported at Hyderabad facility during shift 1.,Resolved,Chennai
1647,Inventory Shortage,Medium,Stockout occurred at fulfillment center. Reported at Mumbai facility during shift 3.,Resolved,Ahmedabad
1648,Shipment Delay,Critical,Shipment delayed due to customs inspection. Reported at Pune facility during shift 1.,Open,Pune
1649,Warehouse Issue,Low,Inventory allocation issue detected. Reported at Kolkata facility during shift 3.,In Progress,Pune
1650,Inventory Shortage,Medium,Procurement delay affected inventory availability. Reported at Mumbai facility during shift 2.,Resolved,Mumbai
1651,Documentation Error,Medium,Invoice value discrepancy identified. Reported at Delhi facility during shift 1.,In Progress,Ahmedabad
1652,Documentation Error,Low,Manifest information incomplete. Reported at Chennai facility during shift 2.,Resolved,Ahmedabad
1653,Shipment Delay,Low,Mechanical failure delayed freight movement. Reported at Mumbai facility during shift 3.,Open,Delhi
1654,Warehouse Issue,Medium,Put-away process delayed inventory availability. Reported at Delhi facility during shift 3.,Resolved,Pune
1655,Transportation Failure,Low,Third-party carrier cancelled shipment booking. Reported at Delhi facility during shift 2.,Resolved,Kolkata
1656,Shipment Delay,Low,Mechanical failure delayed freight movement. Reported at Kolkata facility during shift 1.,Resolved,Mumbai
1657,Inventory Shortage,High,Cycle count revealed stock deficiency. Reported at Ahmedabad facility during shift 1.,Open,Hyderabad
1658,Documentation Error,Low,Manifest information incomplete. Reported at Mumbai facility during shift 2.,In Progress,Delhi
1659,Damaged Goods,Medium,Goods arrived with visible damage. Reported at Mumbai facility during shift 2.,In Progress,Mumbai
1660,Shipment Delay,Critical,Port congestion delayed shipment arrival. Reported at Ahmedabad facility during shift 2.,In Progress,Ahmedabad
1661,Customs Issue,Critical,Country-specific restriction affected import. Reported at Delhi facility during shift 1.,In Progress,Chennai
1662,Damaged Goods,Medium,Transit vibration caused product defects. Reported at Hyderabad facility during shift 2.,Resolved,Delhi
1663,Transportation Failure,Low,Driver unavailable for scheduled route. Reported at Pune facility during shift 2.,In Progress,Ahmedabad
1664,Damaged Goods,Critical,Receiving inspection identified damaged goods. Reported at Chennai facility during shift 3.,Open,Bengaluru
1665,Customs Issue,High,Trade compliance review delayed processing. Reported at Chennai facility during shift 1.,In Progress,Kolkata
1666,Inventory Shortage,Low,Cycle count revealed stock deficiency. Reported at Kolkata facility during shift 1.,In Progress,Mumbai
1667,Damaged Goods,Medium,Improper handling caused item breakage. Reported at Ahmedabad facility during shift 3.,In Progress,Mumbai
1668,Shipment Delay,High,Port congestion delayed shipment arrival. Reported at Mumbai facility during shift 2.,Open,Kolkata
1669,Damaged Goods,Critical,Product packaging torn during loading. Reported at Pune facility during shift 2.,In Progress,Bengaluru
1670,Customs Issue,Low,Regulatory approval pending clearance. Reported at Ahmedabad facility during shift 1.,Open,Delhi
1671,Transportation Failure,Medium,Carrier failed to pick up shipment. Reported at Bengaluru facility during shift 2.,Resolved,Kolkata
1672,Shipment Delay,Critical,Mechanical failure delayed freight movement. Reported at Pune facility during shift 2.,Open,Chennai
1673,Inventory Shortage,Medium,Inventory reservation conflict identified. Reported at Chennai facility during shift 3.,In Progress,Delhi
1674,Shipment Delay,Medium,Port congestion delayed shipment arrival. Reported at Mumbai facility during shift 2.,In Progress,Ahmedabad
1675,Warehouse Issue,High,Order picking queue exceeded capacity. Reported at Bengaluru facility during shift 3.,Open,Chennai
1676,Shipment Delay,Critical,Mechanical failure delayed freight movement. Reported at Kolkata facility during shift 2.,In Progress,Delhi
1677,Inventory Shortage,Medium,Safety stock threshold breached. Reported at Kolkata facility during shift 2.,Resolved,Delhi
1678,Customs Issue,Medium,Tariff classification review in progress. Reported at Pune facility during shift 3.,Open,Bengaluru
1679,Shipment Delay,Medium,Dispatch process delayed at origin facility. Reported at Delhi facility during shift 2.,Resolved,Pune
1680,Shipment Delay,Medium,Port congestion delayed shipment arrival. Reported at Ahmedabad facility during shift 1.,In Progress,Mumbai
1681,Warehouse Issue,Medium,Dock congestion slowed warehouse throughput. Reported at Kolkata facility during shift 2.,Open,Ahmedabad
1682,Warehouse Issue,Medium,Warehouse staffing shortage reported. Reported at Delhi facility during shift 3.,Resolved,Mumbai
1683,Shipment Delay,Medium,Unexpected weather conditions slowed transportation. Reported at Bengaluru facility during shift 2.,Open,Kolkata
1684,Inventory Shortage,Critical,Safety stock threshold breached. Reported at Bengaluru facility during shift 1.,Resolved,Chennai
1685,Damaged Goods,Medium,Transit vibration caused product defects. Reported at Pune facility during shift 1.,In Progress,Mumbai
1686,Customs Issue,Medium,Import permit approval pending. Reported at Ahmedabad facility during shift 2.,In Progress,Kolkata
1687,Documentation Error,Critical,Invoice value discrepancy identified. Reported at Pune facility during shift 1.,In Progress,Kolkata
1688,Damaged Goods,Medium,Goods arrived with visible damage. Reported at Delhi facility during shift 3.,In Progress,Kolkata
1689,Customs Issue,High,Regulatory verification delayed release. Reported at Mumbai facility during shift 1.,Open,Mumbai
1690,Customs Issue,Medium,Shipment held by customs authorities. Reported at Kolkata facility during shift 1.,Resolved,Mumbai
1691,Customs Issue,Low,Import permit approval pending. Reported at Chennai facility during shift 3.,In Progress,Bengaluru
1692,Inventory Shortage,Medium,Unexpected order spike exhausted stock. Reported at Ahmedabad facility during shift 3.,Open,Ahmedabad
1693,Shipment Delay,Critical,Container missed connecting vessel. Reported at Ahmedabad facility during shift 2.,Resolved,Kolkata
1694,Shipment Delay,Low,Container missed connecting vessel. Reported at Bengaluru facility during shift 3.,Resolved,Hyderabad
1695,Damaged Goods,Low,Transit vibration caused product defects. Reported at Kolkata facility during shift 3.,In Progress,Chennai
1696,Shipment Delay,High,Shipment delayed due to customs inspection. Reported at Delhi facility during shift 2.,Resolved,Pune
1697,Damaged Goods,Medium,Goods arrived with visible damage. Reported at Kolkata facility during shift 1.,In Progress,Bengaluru
1698,Documentation Error,High,Missing certificate delayed shipment release. Reported at Kolkata facility during shift 1.,Resolved,Kolkata
1699,Inventory Shortage,Low,Raw material shortage impacted production. Reported at Kolkata facility during shift 3.,In Progress,Delhi
1700,Transportation Failure,High,Logistics partner experienced operational failure. Reported at Mumbai facility during shift 3.,Resolved,Mumbai
1701,Customs Issue,Critical,Border security inspection caused delay. Reported at Kolkata facility during shift 3.,Resolved,Delhi
1702,Damaged Goods,Low,Forklift accident damaged inventory. Reported at Mumbai facility during shift 1.,Open,Delhi
1703,Shipment Delay,Medium,Rail transport delay impacted delivery timeline. Reported at Mumbai facility during shift 3.,Resolved,Delhi
1704,Transportation Failure,Low,Accident blocked scheduled delivery route. Reported at Pune facility during shift 1.,Open,Hyderabad
1705,Inventory Shortage,High,Backordered items unavailable for dispatch. Reported at Bengaluru facility during shift 3.,In Progress,Hyderabad
1706,Customs Issue,Critical,Shipment held by customs authorities. Reported at Hyderabad facility during shift 1.,Resolved,Chennai
1707,Customs Issue,Medium,Border security inspection caused delay. Reported at Mumbai facility during shift 1.,Resolved,Mumbai
1708,Shipment Delay,High,Port congestion delayed shipment arrival. Reported at Hyderabad facility during shift 2.,Open,Mumbai
1709,Transportation Failure,Medium,Transportation network disruption reported. Reported at Pune facility during shift 1.,In Progress,Chennai
1710,Transportation Failure,Low,Transport route disruption due to road closure. Reported at Ahmedabad facility during shift 3.,Resolved,Kolkata
1711,Transportation Failure,Critical,Trailer availability issue delayed dispatch. Reported at Pune facility during shift 3.,Open,Delhi
1712,Damaged Goods,Medium,Package damaged during transportation. Reported at Delhi facility during shift 3.,Resolved,Chennai
1713,Shipment Delay,Critical,Container missed connecting vessel. Reported at Pune facility during shift 2.,Resolved,Chennai
1714,Inventory Shortage,Low,Backordered items unavailable for dispatch. Reported at Hyderabad facility during shift 1.,Open,Chennai
1715,Documentation Error,High,Labeling information did not match shipment. Reported at Delhi facility during shift 1.,Open,Bengaluru
1716,Shipment Delay,Low,Container missed connecting vessel. Reported at Delhi facility during shift 1.,Resolved,Delhi
1717,Damaged Goods,Critical,Shipment contents damaged in transit. Reported at Ahmedabad facility during shift 1.,In Progress,Hyderabad
1718,Transportation Failure,Medium,Equipment malfunction impacted transport operations. Reported at Ahmedabad facility during shift 2.,In Progress,Bengaluru
1719,Damaged Goods,High,Goods arrived with visible damage. Reported at Bengaluru facility during shift 3.,Resolved,Hyderabad
1720,Transportation Failure,High,Transport route disruption due to road closure. Reported at Hyderabad facility during shift 1.,Resolved,Ahmedabad
1721,Transportation Failure,Medium,Trailer availability issue delayed dispatch. Reported at Ahmedabad facility during shift 2.,In Progress,Pune
1722,Documentation Error,Low,Missing invoice delayed processing. Reported at Kolkata facility during shift 2.,In Progress,Pune
1723,Customs Issue,Low,Trade compliance review delayed processing. Reported at Mumbai facility during shift 2.,Open,Hyderabad
1724,Documentation Error,High,Purchase order details inconsistent. Reported at Hyderabad facility during shift 3.,Resolved,Pune
1725,Transportation Failure,High,Delivery vehicle breakdown reported. Reported at Mumbai facility during shift 1.,In Progress,Delhi
1726,Damaged Goods,Medium,Forklift accident damaged inventory. Reported at Mumbai facility during shift 1.,In Progress,Delhi
1727,Warehouse Issue,Medium,Receiving delay impacted warehouse operations. Reported at Mumbai facility during shift 1.,Open,Pune
1728,Inventory Shortage,Medium,Inventory forecast underestimated demand. Reported at Pune facility during shift 1.,In Progress,Hyderabad
1729,Documentation Error,Medium,Bill of lading information mismatch detected. Reported at Bengaluru facility during shift 1.,Resolved,Mumbai
1730,Documentation Error,High,Shipping label generated with incorrect address. Reported at Kolkata facility during shift 3.,In Progress,Pune
1731,Inventory Shortage,Medium,Demand exceeded available stock levels. Reported at Chennai facility during shift 2.,In Progress,Kolkata
1732,Shipment Delay,Medium,Truck breakdown caused delivery delay. Reported at Ahmedabad facility during shift 1.,Resolved,Kolkata
1733,Inventory Shortage,Low,Cycle count revealed stock deficiency. Reported at Chennai facility during shift 2.,Resolved,Chennai
1734,Transportation Failure,Low,Vehicle maintenance issue halted delivery. Reported at Delhi facility during shift 2.,Resolved,Chennai
1735,Damaged Goods,Medium,Fragile goods mishandled during unloading. Reported at Chennai facility during shift 1.,In Progress,Hyderabad
1736,Damaged Goods,Low,Water exposure damaged packaged goods. Reported at Pune facility during shift 2.,In Progress,Ahmedabad
1737,Documentation Error,Medium,Incorrect shipping documentation submitted. Reported at Kolkata facility during shift 2.,In Progress,Ahmedabad
1738,Warehouse Issue,Critical,Dock congestion slowed warehouse throughput. Reported at Mumbai facility during shift 2.,Open,Chennai
1739,Inventory Shortage,Low,Warehouse stock shortage detected. Reported at Chennai facility during shift 1.,In Progress,Kolkata
1740,Inventory Shortage,High,Inventory replenishment delayed. Reported at Mumbai facility during shift 1.,In Progress,Chennai
1741,Customs Issue,High,Trade compliance review delayed processing. Reported at Chennai facility during shift 2.,Open,Mumbai
1742,Shipment Delay,Medium,Carrier scheduling issue caused shipment delay. Reported at Mumbai facility during shift 2.,Resolved,Kolkata
1743,Damaged Goods,Medium,Packaging failure led to damaged products. Reported at Delhi facility during shift 1.,Open,Delhi
1744,Damaged Goods,High,Transit vibration caused product defects. Reported at Delhi facility during shift 3.,In Progress,Ahmedabad
1745,Customs Issue,Medium,Customs clearance process delayed. Reported at Bengaluru facility during shift 3.,In Progress,Hyderabad
1746,Damaged Goods,Low,Warehouse accident damaged stored inventory. Reported at Ahmedabad facility during shift 1.,In Progress,Mumbai
1747,Damaged Goods,Medium,Temperature excursion affected product quality. Reported at Bengaluru facility during shift 3.,Open,Mumbai
1748,Shipment Delay,Low,Last-mile delivery partner unavailable. Reported at Chennai facility during shift 1.,Open,Ahmedabad
1749,Warehouse Issue,Low,Order picking queue exceeded capacity. Reported at Bengaluru facility during shift 2.,Open,Pune
1750,Warehouse Issue,Low,Inventory allocation issue detected. Reported at Ahmedabad facility during shift 3.,Resolved,Mumbai
1751,Inventory Shortage,Critical,Demand exceeded available stock levels. Reported at Pune facility during shift 2.,Resolved,Bengaluru
1752,Warehouse Issue,Low,Order picking queue exceeded capacity. Reported at Bengaluru facility during shift 1.,Open,Hyderabad
1753,Warehouse Issue,Medium,Cycle count discrepancy identified. Reported at Mumbai facility during shift 1.,Open,Mumbai
1754,Inventory Shortage,Low,Warehouse stock shortage detected. Reported at Ahmedabad facility during shift 1.,In Progress,Ahmedabad
1755,Damaged Goods,Low,Shipment contents damaged in transit. Reported at Mumbai facility during shift 3.,In Progress,Bengaluru
1756,Inventory Shortage,Medium,Supplier delay created inventory gap. Reported at Kolkata facility during shift 3.,In Progress,Hyderabad
1757,Damaged Goods,Medium,Product packaging torn during loading. Reported at Chennai facility during shift 3.,In Progress,Bengaluru
1758,Damaged Goods,Medium,Forklift accident damaged inventory. Reported at Kolkata facility during shift 1.,Resolved,Ahmedabad
1759,Documentation Error,Low,Purchase order details inconsistent. Reported at Mumbai facility during shift 3.,Open,Mumbai
1760,Inventory Shortage,Medium,Product unavailable due to inventory mismatch. Reported at Chennai facility during shift 1.,Open,Mumbai
1761,Documentation Error,High,Missing invoice delayed processing. Reported at Hyderabad facility during shift 1.,Resolved,Kolkata
1762,Transportation Failure,High,Fuel supply issue interrupted transportation. Reported at Mumbai facility during shift 1.,Resolved,Hyderabad
1763,Transportation Failure,Medium,Logistics partner experienced operational failure. Reported at Delhi facility during shift 1.,In Progress,Hyderabad
1764,Customs Issue,Medium,Shipment held by customs authorities. Reported at Mumbai facility during shift 1.,Resolved,Ahmedabad
1765,Customs Issue,Medium,Regulatory verification delayed release. Reported at Bengaluru facility during shift 1.,Open,Delhi
1766,Inventory Shortage,Critical,Safety stock threshold breached. Reported at Ahmedabad facility during shift 1.,Resolved,Ahmedabad
1767,Transportation Failure,Critical,Driver unavailable for scheduled route. Reported at Chennai facility during shift 1.,Open,Delhi
1768,Customs Issue,Medium,Shipment selected for random inspection. Reported at Chennai facility during shift 3.,In Progress,Chennai
1769,Transportation Failure,Low,Transportation network disruption reported. Reported at Bengaluru facility during shift 2.,Open,Hyderabad
1770,Warehouse Issue,High,Warehouse processing backlog reported. Reported at Delhi facility during shift 1.,Open,Hyderabad
1771,Warehouse Issue,Medium,Put-away process delayed inventory availability. Reported at Pune facility during shift 2.,In Progress,Hyderabad
1772,Customs Issue,Medium,Import permit approval pending. Reported at Hyderabad facility during shift 2.,In Progress,Hyderabad
1773,Customs Issue,Low,Customs requested additional documentation. Reported at Ahmedabad facility during shift 1.,Resolved,Chennai
1774,Inventory Shortage,Critical,Supplier delay created inventory gap. Reported at Bengaluru facility during shift 3.,In Progress,Ahmedabad
1775,Shipment Delay,Low,Unexpected weather conditions slowed transportation. Reported at Kolkata facility during shift 2.,Open,Bengaluru
1776,Transportation Failure,High,Accident blocked scheduled delivery route. Reported at Mumbai facility during shift 2.,Resolved,Ahmedabad
1777,Documentation Error,Medium,Customs paperwork contained errors. Reported at Hyderabad facility during shift 3.,In Progress,Kolkata
1778,Documentation Error,Low,Purchase order details inconsistent. Reported at Hyderabad facility during shift 2.,Resolved,Pune
1779,Warehouse Issue,High,Cycle count discrepancy identified. Reported at Mumbai facility during shift 2.,Resolved,Pune
1780,Damaged Goods,Critical,Product packaging torn during loading. Reported at Chennai facility during shift 2.,Open,Ahmedabad
1781,Customs Issue,Medium,Import documentation under review. Reported at Hyderabad facility during shift 3.,Open,Hyderabad
1782,Transportation Failure,Low,Vehicle maintenance issue halted delivery. Reported at Mumbai facility during shift 2.,Open,Bengaluru
1783,Damaged Goods,Medium,Transit vibration caused product defects. Reported at Mumbai facility during shift 1.,Open,Kolkata
1784,Damaged Goods,Low,Fragile goods mishandled during unloading. Reported at Chennai facility during shift 1.,In Progress,Hyderabad
1785,Warehouse Issue,High,Warehouse staffing shortage reported. Reported at Delhi facility during shift 1.,Open,Bengaluru
1786,Transportation Failure,Low,Route planning error delayed movement. Reported at Mumbai facility during shift 2.,In Progress,Pune
1787,Inventory Shortage,Medium,Unexpected order spike exhausted stock. Reported at Kolkata facility during shift 2.,Open,Hyderabad
1788,Damaged Goods,Medium,Container impact damaged shipment contents. Reported at Hyderabad facility during shift 1.,Resolved,Pune
1789,Warehouse Issue,High,Cycle count discrepancy identified. Reported at Delhi facility during shift 3.,In Progress,Delhi
1790,Transportation Failure,Medium,Transportation vendor system outage reported. Reported at Bengaluru facility during shift 2.,In Progress,Ahmedabad
1791,Documentation Error,Low,Customs paperwork contained errors. Reported at Kolkata facility during shift 2.,Resolved,Ahmedabad
1792,Customs Issue,Medium,Customs requested additional documentation. Reported at Pune facility during shift 2.,In Progress,Kolkata
1793,Transportation Failure,Low,Fleet utilization exceeded available capacity. Reported at Chennai facility during shift 3.,In Progress,Mumbai
1794,Warehouse Issue,Medium,Storage location information incorrect. Reported at Hyderabad facility during shift 1.,In Progress,Delhi
1795,Documentation Error,High,Labeling information did not match shipment. Reported at Hyderabad facility during shift 1.,In Progress,Delhi
1796,Transportation Failure,High,Accident blocked scheduled delivery route. Reported at Chennai facility during shift 2.,Resolved,Ahmedabad
1797,Warehouse Issue,Low,Warehouse stock mismatch identified. Reported at Mumbai facility during shift 1.,Resolved,Mumbai
1798,Damaged Goods,Medium,Container impact damaged shipment contents. Reported at Mumbai facility during shift 2.,Resolved,Pune
1799,Warehouse Issue,Medium,Warehouse stock mismatch identified. Reported at Mumbai facility during shift 3.,Resolved,Chennai
1800,Customs Issue,High,Border inspection extended shipment hold. Reported at Delhi facility during shift 3.,In Progress,Delhi
1801,Inventory Shortage,Medium,Warehouse unable to fulfill requested quantity. Reported at Delhi facility during shift 2.,Resolved,Chennai
1802,Warehouse Issue,Low,Warehouse management system outage reported. Reported at Bengaluru facility during shift 1.,Open,Mumbai
1803,Documentation Error,Low,Missing invoice delayed processing. Reported at Bengaluru facility during shift 1.,Open,Ahmedabad
1804,Transportation Failure,Medium,Delivery vehicle breakdown reported. Reported at Mumbai facility during shift 2.,Open,Bengaluru
1805,Warehouse Issue,Medium,Warehouse staffing shortage reported. Reported at Hyderabad facility during shift 3.,Resolved,Mumbai
1806,Transportation Failure,Low,Carrier failed to pick up shipment. Reported at Chennai facility during shift 1.,Resolved,Bengaluru
1807,Inventory Shortage,Medium,Backordered items unavailable for dispatch. Reported at Bengaluru facility during shift 2.,In Progress,Mumbai
1808,Documentation Error,Low,Export declaration contained errors. Reported at Pune facility during shift 3.,In Progress,Mumbai
1809,Transportation Failure,Low,Fuel supply issue interrupted transportation. Reported at Kolkata facility during shift 1.,In Progress,Mumbai
1810,Documentation Error,Medium,Purchase order details inconsistent. Reported at Chennai facility during shift 3.,Resolved,Ahmedabad
1811,Shipment Delay,Medium,Mechanical failure delayed freight movement. Reported at Pune facility during shift 1.,Resolved,Ahmedabad
1812,Damaged Goods,Medium,Package damaged during transportation. Reported at Delhi facility during shift 2.,Resolved,Bengaluru
1813,Damaged Goods,Low,Receiving inspection identified damaged goods. Reported at Kolkata facility during shift 3.,Resolved,Delhi
1814,Damaged Goods,High,Fragile goods mishandled during unloading. Reported at Pune facility during shift 2.,Open,Hyderabad
1815,Warehouse Issue,Low,Space constraint affected storage operations. Reported at Hyderabad facility during shift 2.,Resolved,Ahmedabad
1816,Transportation Failure,High,Fleet utilization exceeded available capacity. Reported at Delhi facility during shift 3.,Resolved,Hyderabad
1817,Inventory Shortage,Critical,Procurement delay affected inventory availability. Reported at Pune facility during shift 3.,In Progress,Kolkata
1818,Shipment Delay,Low,Shipment delayed due to customs inspection. Reported at Chennai facility during shift 3.,Open,Mumbai
1819,Transportation Failure,High,Trailer availability issue delayed dispatch. Reported at Ahmedabad facility during shift 2.,Resolved,Bengaluru
1820,Shipment Delay,High,Mechanical failure delayed freight movement. Reported at Delhi facility during shift 3.,In Progress,Mumbai
1821,Shipment Delay,Low,Rail transport delay impacted delivery timeline. Reported at Hyderabad facility during shift 1.,Resolved,Mumbai
1822,Transportation Failure,Medium,Third-party carrier cancelled shipment booking. Reported at Pune facility during shift 3.,Open,Delhi
1823,Damaged Goods,Low,Product packaging torn during loading. Reported at Ahmedabad facility during shift 2.,Resolved,Bengaluru
1824,Inventory Shortage,Medium,Stockout occurred at fulfillment center. Reported at Ahmedabad facility during shift 2.,Open,Bengaluru
1825,Customs Issue,High,Import documentation under review. Reported at Kolkata facility during shift 3.,Open,Mumbai
1826,Documentation Error,Low,Incorrect shipping documentation submitted. Reported at Mumbai facility during shift 1.,Open,Chennai
1827,Damaged Goods,Medium,Warehouse accident damaged stored inventory. Reported at Kolkata facility during shift 3.,Open,Pune
1828,Inventory Shortage,High,Raw material shortage impacted production. Reported at Ahmedabad facility during shift 1.,Resolved,Ahmedabad
1829,Documentation Error,High,Incorrect consignee information provided. Reported at Pune facility during shift 3.,Open,Mumbai
1830,Transportation Failure,Medium,Fuel supply issue interrupted transportation. Reported at Kolkata facility during shift 1.,Open,Hyderabad
1831,Shipment Delay,Low,Truck breakdown caused delivery delay. Reported at Ahmedabad facility during shift 1.,Resolved,Pune
1832,Shipment Delay,Medium,Unexpected weather conditions slowed transportation. Reported at Hyderabad facility during shift 2.,In Progress,Mumbai
1833,Warehouse Issue,Low,Warehouse staffing shortage reported. Reported at Delhi facility during shift 2.,Resolved,Bengaluru
1834,Warehouse Issue,Medium,Inventory misplaced within storage area. Reported at Hyderabad facility during shift 2.,Resolved,Mumbai
1835,Documentation Error,Low,Export declaration contained errors. Reported at Hyderabad facility during shift 3.,In Progress,Kolkata
1836,Damaged Goods,Low,Forklift accident damaged inventory. Reported at Pune facility during shift 1.,Resolved,Pune
1837,Warehouse Issue,Medium,Dock congestion slowed warehouse throughput. Reported at Chennai facility during shift 1.,Resolved,Chennai
1838,Damaged Goods,High,Product packaging torn during loading. Reported at Kolkata facility during shift 3.,Open,Ahmedabad
1839,Inventory Shortage,Low,Stockout occurred at fulfillment center. Reported at Chennai facility during shift 1.,Resolved,Bengaluru
1840,Customs Issue,Medium,Customs requested additional documentation. Reported at Kolkata facility during shift 2.,Open,Chennai
1841,Shipment Delay,Medium,Shipment delayed due to customs inspection. Reported at Bengaluru facility during shift 3.,In Progress,Chennai
1842,Documentation Error,High,Export declaration contained errors. Reported at Chennai facility during shift 2.,Resolved,Delhi
1843,Transportation Failure,Low,Equipment malfunction impacted transport operations. Reported at Kolkata facility during shift 3.,In Progress,Mumbai
1844,Documentation Error,Low,Shipping label generated with incorrect address. Reported at Pune facility during shift 2.,In Progress,Chennai
1845,Inventory Shortage,Low,Demand exceeded available stock levels. Reported at Mumbai facility during shift 3.,In Progress,Chennai
1846,Warehouse Issue,Low,Warehouse stock mismatch identified. Reported at Bengaluru facility during shift 1.,Open,Ahmedabad
1847,Inventory Shortage,Medium,Stockout occurred at fulfillment center. Reported at Chennai facility during shift 2.,Resolved,Bengaluru
1848,Damaged Goods,Medium,Goods arrived with visible damage. Reported at Kolkata facility during shift 2.,Resolved,Mumbai
1849,Shipment Delay,High,Carrier scheduling issue caused shipment delay. Reported at Bengaluru facility during shift 2.,In Progress,Bengaluru
1850,Transportation Failure,High,Equipment malfunction impacted transport operations. Reported at Hyderabad facility during shift 2.,In Progress,Bengaluru
1851,Documentation Error,Medium,Shipping label generated with incorrect address. Reported at Hyderabad facility during shift 2.,Resolved,Mumbai
1852,Shipment Delay,Critical,Container missed connecting vessel. Reported at Kolkata facility during shift 3.,In Progress,Hyderabad
1853,Shipment Delay,Low,Unexpected weather conditions slowed transportation. Reported at Delhi facility during shift 3.,Resolved,Bengaluru
1854,Shipment Delay,Critical,Container missed connecting vessel. Reported at Delhi facility during shift 1.,Resolved,Ahmedabad
1855,Customs Issue,Low,Shipment selected for random inspection. Reported at Ahmedabad facility during shift 1.,Open,Hyderabad
1856,Damaged Goods,High,Container impact damaged shipment contents. Reported at Kolkata facility during shift 2.,Open,Chennai
1857,Damaged Goods,Low,Transit vibration caused product defects. Reported at Kolkata facility during shift 2.,In Progress,Kolkata
1858,Transportation Failure,Medium,Delivery vehicle breakdown reported. Reported at Bengaluru facility during shift 1.,Resolved,Kolkata
1859,Documentation Error,Medium,Incorrect shipping documentation submitted. Reported at Hyderabad facility during shift 1.,In Progress,Chennai
1860,Documentation Error,High,Invoice value discrepancy identified. Reported at Pune facility during shift 2.,Resolved,Bengaluru
1861,Warehouse Issue,High,Warehouse stock mismatch identified. Reported at Pune facility during shift 3.,In Progress,Kolkata
1862,Warehouse Issue,Medium,Put-away process delayed inventory availability. Reported at Chennai facility during shift 1.,Resolved,Hyderabad
1863,Warehouse Issue,Medium,Inventory misplaced within storage area. Reported at Ahmedabad facility during shift 2.,Resolved,Hyderabad
1864,Inventory Shortage,Critical,Supplier delay created inventory gap. Reported at Ahmedabad facility during shift 3.,Open,Delhi
1865,Shipment Delay,Critical,Carrier scheduling issue caused shipment delay. Reported at Hyderabad facility during shift 1.,Resolved,Hyderabad
1866,Damaged Goods,Medium,Container impact damaged shipment contents. Reported at Kolkata facility during shift 1.,In Progress,Hyderabad
1867,Customs Issue,Medium,Regulatory verification delayed release. Reported at Chennai facility during shift 1.,Resolved,Pune
1868,Warehouse Issue,Medium,Inventory allocation issue detected. Reported at Delhi facility during shift 2.,In Progress,Chennai
1869,Transportation Failure,Medium,Delivery vehicle breakdown reported. Reported at Pune facility during shift 2.,Resolved,Bengaluru
1870,Transportation Failure,High,Delivery vehicle breakdown reported. Reported at Mumbai facility during shift 2.,Resolved,Pune
1871,Shipment Delay,High,Last-mile delivery partner unavailable. Reported at Delhi facility during shift 2.,In Progress,Hyderabad
1872,Warehouse Issue,Medium,Warehouse management system outage reported. Reported at Delhi facility during shift 1.,Open,Chennai
1873,Inventory Shortage,Medium,Product unavailable due to inventory mismatch. Reported at Chennai facility during shift 1.,In Progress,Pune
1874,Shipment Delay,Critical,Cargo loading completed behind schedule. Reported at Bengaluru facility during shift 1.,In Progress,Hyderabad
1875,Shipment Delay,High,Shipment rerouted causing additional transit time. Reported at Pune facility during shift 3.,Resolved,Bengaluru
1876,Damaged Goods,Medium,Product packaging torn during loading. Reported at Mumbai facility during shift 3.,Resolved,Mumbai
1877,Inventory Shortage,Medium,Demand exceeded available stock levels. Reported at Pune facility during shift 3.,Resolved,Kolkata
1878,Shipment Delay,Low,Shipment rerouted causing additional transit time. Reported at Kolkata facility during shift 2.,In Progress,Pune
1879,Damaged Goods,Critical,Pallet collapse resulted in product damage. Reported at Pune facility during shift 2.,In Progress,Chennai
1880,Inventory Shortage,Critical,Safety stock threshold breached. Reported at Chennai facility during shift 2.,Resolved,Chennai
1881,Shipment Delay,Medium,Rail transport delay impacted delivery timeline. Reported at Bengaluru facility during shift 2.,Resolved,Pune
1882,Inventory Shortage,High,Supplier delay created inventory gap. Reported at Chennai facility during shift 3.,In Progress,Mumbai
1883,Shipment Delay,Medium,Mechanical failure delayed freight movement. Reported at Bengaluru facility during shift 3.,Resolved,Kolkata
1884,Documentation Error,High,Data entry error impacted shipment records. Reported at Mumbai facility during shift 3.,Resolved,Ahmedabad
1885,Customs Issue,Low,Shipment flagged for compliance audit. Reported at Ahmedabad facility during shift 2.,Resolved,Hyderabad
1886,Inventory Shortage,Low,Safety stock threshold breached. Reported at Bengaluru facility during shift 2.,In Progress,Mumbai
1887,Customs Issue,Critical,Border inspection extended shipment hold. Reported at Ahmedabad facility during shift 3.,In Progress,Pune
1888,Shipment Delay,Medium,Container missed connecting vessel. Reported at Mumbai facility during shift 2.,Resolved,Bengaluru
1889,Transportation Failure,Medium,Third-party carrier cancelled shipment booking. Reported at Kolkata facility during shift 1.,Open,Bengaluru
1890,Warehouse Issue,Medium,Order consolidation process delayed shipment. Reported at Kolkata facility during shift 3.,Open,Hyderabad
1891,Warehouse Issue,Low,Inventory allocation issue detected. Reported at Pune facility during shift 2.,In Progress,Kolkata
1892,Documentation Error,High,Customs paperwork contained errors. Reported at Ahmedabad facility during shift 3.,Open,Delhi
1893,Transportation Failure,Medium,Delivery vehicle breakdown reported. Reported at Delhi facility during shift 1.,Resolved,Ahmedabad
1894,Customs Issue,High,Customs clearance process delayed. Reported at Delhi facility during shift 1.,Open,Delhi
1895,Shipment Delay,Medium,Port congestion delayed shipment arrival. Reported at Kolkata facility during shift 2.,In Progress,Bengaluru
1896,Customs Issue,High,Regulatory verification delayed release. Reported at Mumbai facility during shift 2.,In Progress,Mumbai
1897,Customs Issue,Critical,Shipment held by customs authorities. Reported at Mumbai facility during shift 3.,In Progress,Kolkata
1898,Customs Issue,High,Import permit approval pending. Reported at Kolkata facility during shift 2.,Resolved,Delhi
1899,Customs Issue,High,Import documentation under review. Reported at Mumbai facility during shift 1.,Resolved,Pune
1900,Customs Issue,Medium,Customs valuation dispute identified. Reported at Ahmedabad facility during shift 2.,Open,Hyderabad
1901,Warehouse Issue,Medium,Picking error occurred in warehouse. Reported at Bengaluru facility during shift 2.,Open,Kolkata
1902,Damaged Goods,High,Water exposure damaged packaged goods. Reported at Kolkata facility during shift 2.,Open,Chennai
1903,Warehouse Issue,Medium,Put-away process delayed inventory availability. Reported at Bengaluru facility during shift 2.,Resolved,Pune
1904,Shipment Delay,Low,Container missed connecting vessel. Reported at Hyderabad facility during shift 1.,In Progress,Ahmedabad
1905,Transportation Failure,Critical,Logistics partner experienced operational failure. Reported at Delhi facility during shift 2.,In Progress,Mumbai
1906,Inventory Shortage,Low,Raw material shortage impacted production. Reported at Hyderabad facility during shift 1.,Resolved,Delhi
1907,Shipment Delay,Medium,Rail transport delay impacted delivery timeline. Reported at Chennai facility during shift 3.,Open,Chennai
1908,Transportation Failure,Low,Transportation network disruption reported. Reported at Chennai facility during shift 2.,Resolved,Kolkata
1909,Customs Issue,Low,Import permit approval pending. Reported at Delhi facility during shift 2.,Open,Mumbai
1910,Transportation Failure,Low,Trailer availability issue delayed dispatch. Reported at Kolkata facility during shift 2.,Open,Hyderabad
1911,Customs Issue,High,Customs valuation dispute identified. Reported at Mumbai facility during shift 2.,Resolved,Bengaluru
1912,Customs Issue,Medium,Customs clearance process delayed. Reported at Pune facility during shift 1.,In Progress,Ahmedabad
1913,Customs Issue,Medium,Regulatory approval pending clearance. Reported at Mumbai facility during shift 3.,Open,Kolkata
1914,Shipment Delay,High,Mechanical failure delayed freight movement. Reported at Pune facility during shift 1.,Resolved,Chennai
1915,Customs Issue,Low,Customs valuation dispute identified. Reported at Chennai facility during shift 1.,In Progress,Bengaluru
1916,Customs Issue,Low,Border inspection extended shipment hold. Reported at Hyderabad facility during shift 2.,Open,Ahmedabad
1917,Damaged Goods,High,Goods arrived with visible damage. Reported at Bengaluru facility during shift 3.,Resolved,Bengaluru
1918,Shipment Delay,Medium,Delivery delayed due to traffic disruption. Reported at Mumbai facility during shift 2.,Open,Delhi
1919,Shipment Delay,Medium,Delivery delayed due to traffic disruption. Reported at Hyderabad facility during shift 3.,Resolved,Bengaluru
1920,Customs Issue,Medium,Customs requested additional documentation. Reported at Ahmedabad facility during shift 3.,Open,Hyderabad
1921,Warehouse Issue,Medium,Warehouse processing backlog reported. Reported at Hyderabad facility during shift 3.,Resolved,Kolkata
1922,Documentation Error,Low,Incorrect consignee information provided. Reported at Ahmedabad facility during shift 2.,Open,Hyderabad
1923,Transportation Failure,Medium,Fleet utilization exceeded available capacity. Reported at Pune facility during shift 1.,Open,Delhi
1924,Transportation Failure,Medium,Driver unavailable for scheduled route. Reported at Mumbai facility during shift 2.,Resolved,Delhi
1925,Warehouse Issue,Medium,Order consolidation process delayed shipment. Reported at Ahmedabad facility during shift 2.,Resolved,Bengaluru
1926,Shipment Delay,Low,Carrier scheduling issue caused shipment delay. Reported at Hyderabad facility during shift 3.,In Progress,Chennai
1927,Documentation Error,Medium,Invoice value discrepancy identified. Reported at Pune facility during shift 2.,In Progress,Kolkata
1928,Warehouse Issue,Low,Warehouse management system outage reported. Reported at Kolkata facility during shift 2.,Open,Hyderabad
1929,Transportation Failure,Medium,Equipment malfunction impacted transport operations. Reported at Bengaluru facility during shift 2.,Open,Hyderabad
1930,Transportation Failure,High,Fuel supply issue interrupted transportation. Reported at Bengaluru facility during shift 3.,Resolved,Bengaluru
1931,Warehouse Issue,Medium,Dock congestion slowed warehouse throughput. Reported at Mumbai facility during shift 3.,Open,Chennai
1932,Customs Issue,High,Shipment held by customs authorities. Reported at Kolkata facility during shift 1.,In Progress,Pune
1933,Warehouse Issue,Low,Space constraint affected storage operations. Reported at Mumbai facility during shift 3.,Open,Pune
1934,Documentation Error,Medium,Bill of lading information mismatch detected. Reported at Delhi facility during shift 3.,Resolved,Bengaluru
1935,Damaged Goods,Medium,Warehouse accident damaged stored inventory. Reported at Delhi facility during shift 2.,Open,Bengaluru
1936,Shipment Delay,Low,Shipment delayed due to customs inspection. Reported at Chennai facility during shift 3.,In Progress,Ahmedabad
1937,Shipment Delay,Low,Port congestion delayed shipment arrival. Reported at Hyderabad facility during shift 2.,Resolved,Bengaluru
1938,Shipment Delay,Medium,Carrier scheduling issue caused shipment delay. Reported at Mumbai facility during shift 2.,Open,Hyderabad
1939,Warehouse Issue,Medium,Picking error occurred in warehouse. Reported at Mumbai facility during shift 1.,Resolved,Kolkata
1940,Shipment Delay,High,Shipment delayed due to customs inspection. Reported at Delhi facility during shift 1.,In Progress,Bengaluru
1941,Warehouse Issue,Medium,Cycle count discrepancy identified. Reported at Hyderabad facility during shift 2.,Resolved,Chennai
1942,Damaged Goods,Low,Shipment contents damaged in transit. Reported at Ahmedabad facility during shift 1.,Resolved,Ahmedabad
1943,Transportation Failure,Low,Vehicle maintenance issue halted delivery. Reported at Kolkata facility during shift 1.,In Progress,Hyderabad
1944,Transportation Failure,Low,Vehicle maintenance issue halted delivery. Reported at Bengaluru facility during shift 2.,In Progress,Kolkata
1945,Damaged Goods,Low,Warehouse accident damaged stored inventory. Reported at Mumbai facility during shift 2.,Open,Kolkata
1946,Warehouse Issue,Medium,Warehouse processing backlog reported. Reported at Ahmedabad facility during shift 2.,Open,Hyderabad
1947,Damaged Goods,Medium,Goods arrived with visible damage. Reported at Mumbai facility during shift 1.,Open,Ahmedabad
1948,Documentation Error,Medium,Bill of lading information mismatch detected. Reported at Mumbai facility during shift 1.,In Progress,Bengaluru
1949,Shipment Delay,Medium,Driver shortage affected transportation schedule. Reported at Ahmedabad facility during shift 2.,Resolved,Pune
1950,Warehouse Issue,Medium,Storage location information incorrect. Reported at Chennai facility during shift 2.,Resolved,Kolkata
1951,Warehouse Issue,Low,Warehouse stock mismatch identified. Reported at Hyderabad facility during shift 3.,Resolved,Ahmedabad
1952,Documentation Error,Low,Export declaration contained errors. Reported at Pune facility during shift 3.,In Progress,Ahmedabad
1953,Documentation Error,Medium,Labeling information did not match shipment. Reported at Mumbai facility during shift 1.,Open,Kolkata
1954,Inventory Shortage,Medium,Unexpected order spike exhausted stock. Reported at Chennai facility during shift 1.,Open,Delhi
1955,Inventory Shortage,High,Inventory forecast underestimated demand. Reported at Mumbai facility during shift 1.,In Progress,Delhi
1956,Customs Issue,High,Shipment selected for random inspection. Reported at Ahmedabad facility during shift 1.,Resolved,Kolkata
1957,Transportation Failure,Medium,Delivery vehicle breakdown reported. Reported at Hyderabad facility during shift 1.,In Progress,Hyderabad
1958,Documentation Error,Medium,Incorrect consignee information provided. Reported at Pune facility during shift 3.,Open,Hyderabad
1959,Documentation Error,Critical,Missing certificate delayed shipment release. Reported at Bengaluru facility during shift 3.,In Progress,Hyderabad
1960,Transportation Failure,Critical,Fleet utilization exceeded available capacity. Reported at Bengaluru facility during shift 2.,Resolved,Delhi
1961,Inventory Shortage,Medium,Backordered items unavailable for dispatch. Reported at Ahmedabad facility during shift 1.,Open,Delhi
1962,Transportation Failure,High,Transport route disruption due to road closure. Reported at Chennai facility during shift 2.,Open,Mumbai
1963,Documentation Error,Low,Export declaration contained errors. Reported at Pune facility during shift 1.,In Progress,Delhi
1964,Shipment Delay,Medium,Container missed connecting vessel. Reported at Bengaluru facility during shift 2.,Open,Hyderabad
1965,Damaged Goods,High,Transit vibration caused product defects. Reported at Kolkata facility during shift 3.,In Progress,Kolkata
1966,Damaged Goods,Medium,Temperature excursion affected product quality. Reported at Bengaluru facility during shift 1.,Open,Bengaluru
1967,Damaged Goods,Low,Goods arrived with visible damage. Reported at Hyderabad facility during shift 3.,Resolved,Kolkata
1968,Damaged Goods,High,Container impact damaged shipment contents. Reported at Hyderabad facility during shift 3.,Resolved,Ahmedabad
1969,Inventory Shortage,Critical,Inventory replenishment delayed. Reported at Chennai facility during shift 1.,Open,Delhi
1970,Inventory Shortage,Medium,Inventory replenishment delayed. Reported at Ahmedabad facility during shift 1.,Open,Delhi
1971,Documentation Error,Medium,Invoice value discrepancy identified. Reported at Ahmedabad facility during shift 2.,In Progress,Hyderabad
1972,Documentation Error,Medium,Invoice value discrepancy identified. Reported at Mumbai facility during shift 1.,In Progress,Kolkata
1973,Customs Issue,High,Import permit approval pending. Reported at Pune facility during shift 2.,In Progress,Mumbai
1974,Documentation Error,Critical,Manifest information incomplete. Reported at Bengaluru facility during shift 1.,In Progress,Delhi
1975,Warehouse Issue,Medium,Order picking queue exceeded capacity. Reported at Ahmedabad facility during shift 2.,In Progress,Mumbai
1976,Documentation Error,Medium,Shipping label generated with incorrect address. Reported at Kolkata facility during shift 3.,Open,Pune
1977,Warehouse Issue,Medium,Warehouse management system outage reported. Reported at Pune facility during shift 3.,Resolved,Bengaluru
1978,Transportation Failure,Critical,Driver unavailable for scheduled route. Reported at Delhi facility during shift 3.,Open,Ahmedabad
1979,Damaged Goods,Medium,Temperature excursion affected product quality. Reported at Bengaluru facility during shift 1.,In Progress,Mumbai
1980,Damaged Goods,Critical,Receiving inspection identified damaged goods. Reported at Hyderabad facility during shift 3.,Resolved,Hyderabad
1981,Shipment Delay,Medium,Shipment rerouted causing additional transit time. Reported at Hyderabad facility during shift 3.,Open,Hyderabad
1982,Damaged Goods,High,Fragile goods mishandled during unloading. Reported at Chennai facility during shift 3.,Resolved,Ahmedabad
1983,Documentation Error,Low,Missing certificate delayed shipment release. Reported at Ahmedabad facility during shift 2.,Resolved,Mumbai
1984,Shipment Delay,High,Container missed connecting vessel. Reported at Chennai facility during shift 3.,Open,Delhi
1985,Warehouse Issue,Medium,Warehouse staffing shortage reported. Reported at Delhi facility during shift 1.,Open,Chennai
1986,Transportation Failure,Low,Accident blocked scheduled delivery route. Reported at Chennai facility during shift 2.,Resolved,Hyderabad
1987,Warehouse Issue,High,Warehouse processing backlog reported. Reported at Chennai facility during shift 2.,In Progress,Delhi
1988,Documentation Error,Low,Data entry error impacted shipment records. Reported at Pune facility during shift 3.,Resolved,Kolkata
1989,Transportation Failure,Low,Transportation network disruption reported. Reported at Chennai facility during shift 1.,Resolved,Delhi
1990,Customs Issue,Medium,Regulatory verification delayed release. Reported at Mumbai facility during shift 1.,In Progress,Bengaluru
1991,Customs Issue,Medium,Shipment flagged for compliance audit. Reported at Kolkata facility during shift 1.,Open,Hyderabad
1992,Damaged Goods,Medium,Temperature excursion affected product quality. Reported at Pune facility during shift 1.,Resolved,Mumbai
1993,Documentation Error,Low,Shipping label generated with incorrect address. Reported at Ahmedabad facility during shift 1.,Open,Delhi
1994,Customs Issue,Medium,Customs clearance process delayed. Reported at Delhi facility during shift 2.,Open,Delhi
1995,Warehouse Issue,Medium,Warehouse stock mismatch identified. Reported at Bengaluru facility during shift 3.,Open,Bengaluru
1996,Damaged Goods,High,Transit vibration caused product defects. Reported at Bengaluru facility during shift 3.,Open,Hyderabad
1997,Shipment Delay,Low,Delivery delayed due to traffic disruption. Reported at Hyderabad facility during shift 1.,Resolved,Pune
1998,Transportation Failure,High,Logistics partner experienced operational failure. Reported at Bengaluru facility during shift 2.,Open,Hyderabad
1999,Damaged Goods,Low,Packaging failure led to damaged products. Reported at Ahmedabad facility during shift 2.,In Progress,Pune
2000,Damaged Goods,Medium,Warehouse accident damaged stored inventory. Reported at Ahmedabad facility during shift 3.,Open,Chennai
2001,Warehouse Issue,Medium,Cycle count discrepancy identified. Reported at Kolkata facility during shift 1.,Open,Kolkata
2002,Damaged Goods,Medium,Fragile goods mishandled during unloading. Reported at Hyderabad facility during shift 1.,Resolved,Hyderabad
2003,Shipment Delay,Low,Cargo loading completed behind schedule. Reported at Bengaluru facility during shift 2.,In Progress,Chennai
2004,Shipment Delay,Low,Cargo loading completed behind schedule. Reported at Delhi facility during shift 2.,Resolved,Pune
2005,Damaged Goods,Medium,Container impact damaged shipment contents. Reported at Kolkata facility during shift 3.,Open,Pune
2006,Customs Issue,Low,Customs clearance process delayed. Reported at Pune facility during shift 1.,In Progress,Pune
2007,Damaged Goods,Critical,Fragile goods mishandled during unloading. Reported at Mumbai facility during shift 1.,In Progress,Delhi
2008,Transportation Failure,Medium,Transportation vendor system outage reported. Reported at Delhi facility during shift 1.,Resolved,Ahmedabad
2009,Documentation Error,Medium,Documentation approval pending correction. Reported at Kolkata facility during shift 3.,Open,Hyderabad
2010,Customs Issue,Medium,Customs requested additional documentation. Reported at Pune facility during shift 2.,In Progress,Chennai
2011,Inventory Shortage,Medium,Unexpected order spike exhausted stock. Reported at Mumbai facility during shift 2.,In Progress,Kolkata
2012,Documentation Error,Low,Incorrect shipping documentation submitted. Reported at Delhi facility during shift 3.,In Progress,Bengaluru
2013,Documentation Error,Medium,Invoice value discrepancy identified. Reported at Delhi facility during shift 1.,Open,Mumbai
2014,Damaged Goods,Medium,Warehouse accident damaged stored inventory. Reported at Delhi facility during shift 2.,Open,Ahmedabad
2015,Shipment Delay,High,Shipment rerouted causing additional transit time. Reported at Delhi facility during shift 1.,In Progress,Hyderabad
2016,Shipment Delay,Medium,Port congestion delayed shipment arrival. Reported at Bengaluru facility during shift 1.,Resolved,Bengaluru
2017,Inventory Shortage,Medium,Raw material shortage impacted production. Reported at Pune facility during shift 1.,In Progress,Mumbai
2018,Transportation Failure,Low,Transportation vendor system outage reported. Reported at Kolkata facility during shift 3.,In Progress,Kolkata
2019,Warehouse Issue,Medium,Warehouse management system outage reported. Reported at Bengaluru facility during shift 1.,In Progress,Delhi
2020,Transportation Failure,High,Third-party carrier cancelled shipment booking. Reported at Pune facility during shift 2.,Resolved,Kolkata
2021,Documentation Error,Medium,Purchase order details inconsistent. Reported at Mumbai facility during shift 2.,Resolved,Chennai
2022,Inventory Shortage,Medium,Warehouse unable to fulfill requested quantity. Reported at Delhi facility during shift 1.,In Progress,Chennai
2023,Documentation Error,Medium,Documentation approval pending correction. Reported at Kolkata facility during shift 1.,Open,Ahmedabad
2024,Inventory Shortage,Medium,Warehouse stock shortage detected. Reported at Bengaluru facility during shift 2.,In Progress,Kolkata
2025,Customs Issue,Low,Import documentation under review. Reported at Kolkata facility during shift 1.,In Progress,Ahmedabad
2026,Shipment Delay,Low,Carrier scheduling issue caused shipment delay. Reported at Kolkata facility during shift 1.,Resolved,Mumbai
2027,Transportation Failure,Medium,Third-party carrier cancelled shipment booking. Reported at Mumbai facility during shift 2.,Open,Kolkata
2028,Warehouse Issue,Medium,Space constraint affected storage operations. Reported at Chennai facility during shift 1.,Resolved,Kolkata
2029,Customs Issue,Medium,Import permit approval pending. Reported at Chennai facility during shift 2.,Resolved,Kolkata
2030,Transportation Failure,Medium,Third-party carrier cancelled shipment booking. Reported at Chennai facility during shift 2.,Resolved,Mumbai
2031,Documentation Error,Medium,Invoice value discrepancy identified. Reported at Ahmedabad facility during shift 3.,In Progress,Pune
2032,Warehouse Issue,High,Inventory misplaced within storage area. Reported at Pune facility during shift 1.,In Progress,Kolkata
2033,Warehouse Issue,Low,Dock congestion slowed warehouse throughput. Reported at Mumbai facility during shift 1.,Resolved,Hyderabad
2034,Inventory Shortage,Low,Backordered items unavailable for dispatch. Reported at Ahmedabad facility during shift 2.,In Progress,Chennai
2035,Shipment Delay,Medium,Holiday demand surge caused shipping delays. Reported at Ahmedabad facility during shift 2.,Resolved,Pune
2036,Damaged Goods,Low,Pallet collapse resulted in product damage. Reported at Pune facility during shift 3.,Open,Hyderabad
2037,Inventory Shortage,Low,Stockout occurred at fulfillment center. Reported at Pune facility during shift 2.,In Progress,Hyderabad
2038,Customs Issue,High,Shipment held by customs authorities. Reported at Mumbai facility during shift 2.,Resolved,Kolkata
2039,Inventory Shortage,Low,Inventory replenishment delayed. Reported at Mumbai facility during shift 3.,Resolved,Delhi
2040,Customs Issue,Medium,Import permit approval pending. Reported at Kolkata facility during shift 2.,In Progress,Bengaluru
2041,Warehouse Issue,Low,Order consolidation process delayed shipment. Reported at Ahmedabad facility during shift 1.,In Progress,Chennai
2042,Inventory Shortage,Medium,Cycle count revealed stock deficiency. Reported at Mumbai facility during shift 2.,Resolved,Mumbai
2043,Damaged Goods,Medium,Receiving inspection identified damaged goods. Reported at Hyderabad facility during shift 2.,Open,Hyderabad
2044,Customs Issue,Critical,Customs valuation dispute identified. Reported at Mumbai facility during shift 2.,Open,Hyderabad
2045,Damaged Goods,High,Container impact damaged shipment contents. Reported at Bengaluru facility during shift 3.,In Progress,Ahmedabad
2046,Inventory Shortage,High,Unexpected order spike exhausted stock. Reported at Kolkata facility during shift 2.,Open,Hyderabad
2047,Documentation Error,Medium,Missing certificate delayed shipment release. Reported at Chennai facility during shift 3.,Open,Hyderabad
2048,Damaged Goods,Low,Package damaged during transportation. Reported at Kolkata facility during shift 1.,In Progress,Delhi
2049,Damaged Goods,High,Shipment contents damaged in transit. Reported at Ahmedabad facility during shift 3.,Resolved,Pune
2050,Shipment Delay,High,Unexpected weather conditions slowed transportation. Reported at Bengaluru facility during shift 1.,Open,Mumbai
2051,Documentation Error,Medium,Required compliance document missing. Reported at Ahmedabad facility during shift 3.,Resolved,Pune
2052,Documentation Error,Low,Purchase order details inconsistent. Reported at Ahmedabad facility during shift 3.,In Progress,Pune
2053,Damaged Goods,Medium,Transit vibration caused product defects. Reported at Ahmedabad facility during shift 1.,Resolved,Ahmedabad
2054,Inventory Shortage,Medium,Backordered items unavailable for dispatch. Reported at Delhi facility during shift 3.,In Progress,Chennai
2055,Customs Issue,Medium,Trade compliance review delayed processing. Reported at Mumbai facility during shift 3.,In Progress,Mumbai
2056,Inventory Shortage,Low,Procurement delay affected inventory availability. Reported at Pune facility during shift 2.,In Progress,Ahmedabad
2057,Customs Issue,Medium,Import permit approval pending. Reported at Chennai facility during shift 1.,Open,Pune
2058,Documentation Error,High,Purchase order details inconsistent. Reported at Kolkata facility during shift 1.,In Progress,Ahmedabad
2059,Inventory Shortage,Medium,Supplier delay created inventory gap. Reported at Delhi facility during shift 2.,Open,Mumbai
2060,Transportation Failure,Medium,Logistics partner experienced operational failure. Reported at Bengaluru facility during shift 1.,Open,Delhi
2061,Warehouse Issue,Medium,Space constraint affected storage operations. Reported at Kolkata facility during shift 3.,Open,Kolkata
2062,Documentation Error,Medium,Required compliance document missing. Reported at Pune facility during shift 2.,Resolved,Pune
2063,Documentation Error,High,Labeling information did not match shipment. Reported at Kolkata facility during shift 1.,In Progress,Ahmedabad
2064,Damaged Goods,Critical,Transit vibration caused product defects. Reported at Ahmedabad facility during shift 1.,Open,Kolkata
2065,Damaged Goods,Medium,Package damaged during transportation. Reported at Pune facility during shift 2.,Resolved,Mumbai
2066,Transportation Failure,Medium,Route planning error delayed movement. Reported at Kolkata facility during shift 2.,Resolved,Chennai
2067,Documentation Error,Medium,Bill of lading information mismatch detected. Reported at Delhi facility during shift 3.,Open,Kolkata
2068,Shipment Delay,Medium,Container missed connecting vessel. Reported at Bengaluru facility during shift 1.,In Progress,Mumbai
2069,Damaged Goods,Medium,Package damaged during transportation. Reported at Kolkata facility during shift 3.,Open,Delhi
2070,Transportation Failure,Medium,Driver unavailable for scheduled route. Reported at Bengaluru facility during shift 1.,Resolved,Bengaluru
2071,Damaged Goods,High,Goods arrived with visible damage. Reported at Hyderabad facility during shift 1.,Open,Ahmedabad
2072,Transportation Failure,High,Logistics partner experienced operational failure. Reported at Ahmedabad facility during shift 1.,In Progress,Mumbai
2073,Warehouse Issue,Low,Cycle count discrepancy identified. Reported at Pune facility during shift 1.,Resolved,Mumbai
2074,Shipment Delay,Medium,Dispatch process delayed at origin facility. Reported at Chennai facility during shift 3.,Resolved,Ahmedabad
2075,Warehouse Issue,Critical,Order picking queue exceeded capacity. Reported at Mumbai facility during shift 2.,Resolved,Mumbai
2076,Customs Issue,Medium,Shipment selected for random inspection. Reported at Chennai facility during shift 2.,Resolved,Chennai
2077,Damaged Goods,High,Warehouse accident damaged stored inventory. Reported at Kolkata facility during shift 3.,In Progress,Kolkata
2078,Customs Issue,High,Country-specific restriction affected import. Reported at Ahmedabad facility during shift 2.,Open,Delhi
2079,Warehouse Issue,Low,Inventory allocation issue detected. Reported at Mumbai facility during shift 3.,In Progress,Pune
2080,Inventory Shortage,Low,Warehouse unable to fulfill requested quantity. Reported at Bengaluru facility during shift 2.,Open,Pune
2081,Customs Issue,High,Regulatory approval pending clearance. Reported at Mumbai facility during shift 2.,In Progress,Bengaluru
2082,Warehouse Issue,Medium,Inventory allocation issue detected. Reported at Pune facility during shift 2.,In Progress,Ahmedabad
2083,Customs Issue,Low,Regulatory verification delayed release. Reported at Hyderabad facility during shift 3.,Open,Delhi
2084,Documentation Error,High,Required compliance document missing. Reported at Chennai facility during shift 1.,Resolved,Pune
2085,Customs Issue,Low,Regulatory verification delayed release. Reported at Hyderabad facility during shift 3.,Resolved,Hyderabad
2086,Transportation Failure,Low,Equipment malfunction impacted transport operations. Reported at Ahmedabad facility during shift 3.,Resolved,Delhi
2087,Inventory Shortage,Low,Cycle count revealed stock deficiency. Reported at Hyderabad facility during shift 2.,Open,Chennai
2088,Warehouse Issue,Medium,Warehouse processing backlog reported. Reported at Hyderabad facility during shift 1.,In Progress,Pune
2089,Customs Issue,Medium,Shipment flagged for compliance audit. Reported at Kolkata facility during shift 2.,Open,Pune
2090,Customs Issue,Medium,Import documentation under review. Reported at Pune facility during shift 3.,In Progress,Delhi
2091,Warehouse Issue,Medium,Inventory misplaced within storage area. Reported at Ahmedabad facility during shift 1.,In Progress,Chennai
2092,Customs Issue,Medium,Customs clearance process delayed. Reported at Pune facility during shift 1.,Open,Delhi
2093,Damaged Goods,Low,Container impact damaged shipment contents. Reported at Mumbai facility during shift 3.,In Progress,Ahmedabad
2094,Documentation Error,High,Shipping label generated with incorrect address. Reported at Chennai facility during shift 3.,Resolved,Bengaluru
2095,Customs Issue,Low,Border inspection extended shipment hold. Reported at Pune facility during shift 3.,Resolved,Mumbai
2096,Damaged Goods,Medium,Temperature excursion affected product quality. Reported at Mumbai facility during shift 2.,Resolved,Mumbai
2097,Warehouse Issue,Medium,Warehouse stock mismatch identified. Reported at Ahmedabad facility during shift 3.,Open,Hyderabad
2098,Warehouse Issue,Critical,Put-away process delayed inventory availability. Reported at Delhi facility during shift 3.,Open,Bengaluru
2099,Customs Issue,Low,Regulatory approval pending clearance. Reported at Ahmedabad facility during shift 1.,Resolved,Hyderabad
2100,Documentation Error,Low,Required compliance document missing. Reported at Mumbai facility during shift 3.,Open,Delhi
2101,Documentation Error,Low,Required compliance document missing. Reported at Chennai facility during shift 1.,Resolved,Ahmedabad
2102,Transportation Failure,High,Transport route disruption due to road closure. Reported at Chennai facility during shift 2.,Open,Bengaluru
2103,Transportation Failure,Medium,Transport route disruption due to road closure. Reported at Ahmedabad facility during shift 1.,Open,Bengaluru
2104,Documentation Error,Low,Export declaration contained errors. Reported at Hyderabad facility during shift 3.,In Progress,Mumbai
2105,Customs Issue,Low,Country-specific restriction affected import. Reported at Ahmedabad facility during shift 3.,Resolved,Ahmedabad
2106,Shipment Delay,Low,Carrier scheduling issue caused shipment delay. Reported at Kolkata facility during shift 3.,Resolved,Delhi
2107,Damaged Goods,Low,Temperature excursion affected product quality. Reported at Ahmedabad facility during shift 3.,Resolved,Hyderabad
2108,Damaged Goods,Low,Transit vibration caused product defects. Reported at Bengaluru facility during shift 2.,Resolved,Hyderabad
2109,Customs Issue,Medium,Import permit approval pending. Reported at Mumbai facility during shift 1.,In Progress,Ahmedabad
2110,Transportation Failure,High,Carrier failed to pick up shipment. Reported at Delhi facility during shift 1.,Resolved,Hyderabad
2111,Shipment Delay,Medium,Mechanical failure delayed freight movement. Reported at Ahmedabad facility during shift 2.,Resolved,Delhi
2112,Inventory Shortage,Low,Unexpected order spike exhausted stock. Reported at Mumbai facility during shift 1.,Resolved,Hyderabad
2113,Damaged Goods,Medium,Warehouse accident damaged stored inventory. Reported at Ahmedabad facility during shift 1.,Resolved,Bengaluru
2114,Documentation Error,Low,Missing certificate delayed shipment release. Reported at Delhi facility during shift 2.,In Progress,Delhi
2115,Warehouse Issue,Critical,Storage location information incorrect. Reported at Delhi facility during shift 2.,In Progress,Kolkata
2116,Warehouse Issue,Critical,Put-away process delayed inventory availability. Reported at Hyderabad facility during shift 1.,In Progress,Hyderabad
2117,Damaged Goods,High,Goods arrived with visible damage. Reported at Hyderabad facility during shift 2.,Resolved,Pune
2118,Transportation Failure,Medium,Vehicle maintenance issue halted delivery. Reported at Kolkata facility during shift 3.,In Progress,Chennai
2119,Warehouse Issue,Medium,Order picking queue exceeded capacity. Reported at Chennai facility during shift 2.,Open,Ahmedabad
2120,Warehouse Issue,Low,Inventory allocation issue detected. Reported at Chennai facility during shift 3.,Resolved,Hyderabad
2121,Damaged Goods,Medium,Transit vibration caused product defects. Reported at Pune facility during shift 1.,In Progress,Pune
2122,Documentation Error,Medium,Labeling information did not match shipment. Reported at Bengaluru facility during shift 1.,In Progress,Hyderabad
2123,Shipment Delay,Medium,Truck breakdown caused delivery delay. Reported at Bengaluru facility during shift 1.,In Progress,Ahmedabad
2124,Shipment Delay,Critical,Driver shortage affected transportation schedule. Reported at Kolkata facility during shift 3.,Resolved,Ahmedabad
2125,Inventory Shortage,Low,Stockout occurred at fulfillment center. Reported at Kolkata facility during shift 1.,Resolved,Pune
2126,Damaged Goods,Critical,Temperature excursion affected product quality. Reported at Pune facility during shift 2.,Open,Ahmedabad
2127,Inventory Shortage,Critical,Warehouse unable to fulfill requested quantity. Reported at Mumbai facility during shift 2.,Resolved,Kolkata
2128,Warehouse Issue,Low,Storage location information incorrect. Reported at Delhi facility during shift 3.,Open,Mumbai
2129,Transportation Failure,Medium,Logistics partner experienced operational failure. Reported at Pune facility during shift 3.,Resolved,Hyderabad
2130,Documentation Error,Low,Labeling information did not match shipment. Reported at Hyderabad facility during shift 3.,Open,Pune
2131,Warehouse Issue,High,Receiving delay impacted warehouse operations. Reported at Ahmedabad facility during shift 3.,Open,Pune
2132,Transportation Failure,Medium,Logistics partner experienced operational failure. Reported at Ahmedabad facility during shift 2.,Resolved,Hyderabad
2133,Damaged Goods,Low,Container impact damaged shipment contents. Reported at Chennai facility during shift 1.,In Progress,Kolkata
2134,Transportation Failure,High,Third-party carrier cancelled shipment booking. Reported at Ahmedabad facility during shift 1.,Open,Pune
2135,Shipment Delay,Critical,Rail transport delay impacted delivery timeline. Reported at Kolkata facility during shift 1.,In Progress,Ahmedabad
2136,Damaged Goods,Low,Container impact damaged shipment contents. Reported at Pune facility during shift 3.,Open,Mumbai
2137,Documentation Error,Low,Invoice value discrepancy identified. Reported at Mumbai facility during shift 3.,Resolved,Mumbai
2138,Documentation Error,Medium,Shipping label generated with incorrect address. Reported at Ahmedabad facility during shift 3.,Open,Mumbai
2139,Warehouse Issue,Medium,Dock congestion slowed warehouse throughput. Reported at Kolkata facility during shift 2.,Resolved,Delhi
2140,Customs Issue,Medium,Customs requested additional documentation. Reported at Mumbai facility during shift 1.,In Progress,Ahmedabad
2141,Documentation Error,Medium,Invoice value discrepancy identified. Reported at Kolkata facility during shift 1.,In Progress,Chennai
2142,Documentation Error,Low,Manifest information incomplete. Reported at Kolkata facility during shift 1.,In Progress,Kolkata
2143,Inventory Shortage,Medium,Stockout occurred at fulfillment center. Reported at Bengaluru facility during shift 3.,In Progress,Ahmedabad
2144,Customs Issue,Critical,Customs valuation dispute identified. Reported at Bengaluru facility during shift 3.,Resolved,Delhi
2145,Inventory Shortage,Medium,Unexpected order spike exhausted stock. Reported at Delhi facility during shift 1.,Open,Chennai
2146,Documentation Error,Medium,Documentation approval pending correction. Reported at Chennai facility during shift 1.,Open,Pune
2147,Warehouse Issue,Low,Receiving delay impacted warehouse operations. Reported at Bengaluru facility during shift 3.,In Progress,Delhi
2148,Transportation Failure,High,Vehicle maintenance issue halted delivery. Reported at Bengaluru facility during shift 1.,Open,Delhi
2149,Transportation Failure,Medium,Transport route disruption due to road closure. Reported at Kolkata facility during shift 1.,Resolved,Bengaluru
2150,Transportation Failure,Medium,Delivery vehicle breakdown reported. Reported at Ahmedabad facility during shift 2.,Open,Kolkata
2151,Documentation Error,Critical,Manifest information incomplete. Reported at Mumbai facility during shift 1.,Resolved,Mumbai
2152,Inventory Shortage,Critical,Unexpected order spike exhausted stock. Reported at Bengaluru facility during shift 1.,Resolved,Pune
2153,Customs Issue,Low,Customs requested additional documentation. Reported at Kolkata facility during shift 1.,Open,Pune
2154,Transportation Failure,Low,Vehicle maintenance issue halted delivery. Reported at Mumbai facility during shift 2.,In Progress,Kolkata
2155,Transportation Failure,Medium,Transportation network disruption reported. Reported at Mumbai facility during shift 2.,In Progress,Mumbai
2156,Transportation Failure,Critical,Transportation network disruption reported. Reported at Hyderabad facility during shift 1.,Open,Kolkata
2157,Transportation Failure,Medium,Delivery vehicle breakdown reported. Reported at Hyderabad facility during shift 3.,In Progress,Chennai
2158,Inventory Shortage,Medium,Inventory reservation conflict identified. Reported at Bengaluru facility during shift 1.,Open,Delhi
2159,Inventory Shortage,Low,Procurement delay affected inventory availability. Reported at Ahmedabad facility during shift 1.,Open,Hyderabad
2160,Damaged Goods,Medium,Container impact damaged shipment contents. Reported at Kolkata facility during shift 1.,Open,Delhi
2161,Customs Issue,High,Shipment selected for random inspection. Reported at Delhi facility during shift 2.,Open,Delhi
2162,Shipment Delay,Medium,Last-mile delivery partner unavailable. Reported at Bengaluru facility during shift 2.,In Progress,Hyderabad
2163,Documentation Error,Medium,Incorrect consignee information provided. Reported at Chennai facility during shift 1.,In Progress,Chennai
2164,Customs Issue,Low,Trade compliance review delayed processing. Reported at Delhi facility during shift 2.,In Progress,Delhi
2165,Inventory Shortage,High,Product unavailable due to inventory mismatch. Reported at Chennai facility during shift 2.,Open,Kolkata
2166,Shipment Delay,Critical,Truck breakdown caused delivery delay. Reported at Ahmedabad facility during shift 2.,Resolved,Ahmedabad
2167,Inventory Shortage,Medium,Inventory reservation conflict identified. Reported at Chennai facility during shift 2.,In Progress,Delhi
2168,Damaged Goods,Medium,Fragile goods mishandled during unloading. Reported at Pune facility during shift 3.,Open,Ahmedabad
2169,Transportation Failure,Low,Equipment malfunction impacted transport operations. Reported at Bengaluru facility during shift 1.,Open,Delhi
2170,Inventory Shortage,Low,Raw material shortage impacted production. Reported at Mumbai facility during shift 3.,In Progress,Hyderabad
2171,Documentation Error,Low,Missing invoice delayed processing. Reported at Bengaluru facility during shift 1.,Resolved,Hyderabad
2172,Damaged Goods,Medium,Packaging failure led to damaged products. Reported at Ahmedabad facility during shift 3.,Resolved,Hyderabad
2173,Warehouse Issue,Medium,Order consolidation process delayed shipment. Reported at Delhi facility during shift 2.,Resolved,Delhi
2174,Documentation Error,Critical,Data entry error impacted shipment records. Reported at Chennai facility during shift 3.,In Progress,Chennai
2175,Warehouse Issue,Low,Warehouse processing backlog reported. Reported at Delhi facility during shift 1.,Open,Bengaluru
2176,Inventory Shortage,Medium,Supplier delay created inventory gap. Reported at Pune facility during shift 1.,In Progress,Pune
2177,Inventory Shortage,Critical,Raw material shortage impacted production. Reported at Kolkata facility during shift 2.,In Progress,Hyderabad
2178,Documentation Error,Low,Export declaration contained errors. Reported at Mumbai facility during shift 3.,Resolved,Pune
2179,Damaged Goods,Medium,Receiving inspection identified damaged goods. Reported at Delhi facility during shift 2.,In Progress,Ahmedabad
2180,Customs Issue,Low,Customs clearance process delayed. Reported at Pune facility during shift 3.,In Progress,Kolkata
2181,Customs Issue,Low,Shipment held by customs authorities. Reported at Delhi facility during shift 1.,In Progress,Mumbai
2182,Shipment Delay,High,Cargo loading completed behind schedule. Reported at Hyderabad facility during shift 1.,In Progress,Ahmedabad
2183,Transportation Failure,Low,Transportation vendor system outage reported. Reported at Mumbai facility during shift 3.,Resolved,Bengaluru
2184,Inventory Shortage,Low,Inventory reservation conflict identified. Reported at Bengaluru facility during shift 1.,Resolved,Pune
2185,Documentation Error,High,Documentation approval pending correction. Reported at Delhi facility during shift 3.,Resolved,Chennai
2186,Warehouse Issue,Low,Inventory misplaced within storage area. Reported at Pune facility during shift 3.,Resolved,Delhi
2187,Damaged Goods,Low,Goods arrived with visible damage. Reported at Mumbai facility during shift 3.,Resolved,Bengaluru
2188,Warehouse Issue,Critical,Order consolidation process delayed shipment. Reported at Delhi facility during shift 3.,Resolved,Kolkata
2189,Warehouse Issue,Critical,Warehouse processing backlog reported. Reported at Hyderabad facility during shift 1.,In Progress,Hyderabad
2190,Transportation Failure,Medium,Trailer availability issue delayed dispatch. Reported at Kolkata facility during shift 2.,Open,Hyderabad
2191,Shipment Delay,Medium,Truck breakdown caused delivery delay. Reported at Hyderabad facility during shift 3.,In Progress,Bengaluru
2192,Customs Issue,High,Border security inspection caused delay. Reported at Mumbai facility during shift 1.,Open,Delhi
2193,Transportation Failure,Medium,Transportation network disruption reported. Reported at Delhi facility during shift 1.,Open,Kolkata
2194,Transportation Failure,High,Route planning error delayed movement. Reported at Bengaluru facility during shift 1.,Open,Bengaluru
2195,Damaged Goods,High,Goods arrived with visible damage. Reported at Kolkata facility during shift 1.,Resolved,Delhi
2196,Inventory Shortage,Low,Inventory forecast underestimated demand. Reported at Delhi facility during shift 3.,In Progress,Chennai
2197,Customs Issue,Low,Customs clearance process delayed. Reported at Hyderabad facility during shift 3.,Resolved,Ahmedabad
2198,Inventory Shortage,High,Raw material shortage impacted production. Reported at Ahmedabad facility during shift 2.,Resolved,Ahmedabad
2199,Inventory Shortage,Critical,Product unavailable due to inventory mismatch. Reported at Pune facility during shift 2.,Open,Kolkata
2200,Warehouse Issue,Medium,Order consolidation process delayed shipment. Reported at Hyderabad facility during shift 1.,In Progress,Delhi
2201,Customs Issue,Low,Regulatory approval pending clearance. Reported at Ahmedabad facility during shift 2.,Open,Mumbai
2202,Customs Issue,High,Border security inspection caused delay. Reported at Pune facility during shift 1.,Resolved,Ahmedabad
2203,Warehouse Issue,Low,Put-away process delayed inventory availability. Reported at Kolkata facility during shift 2.,Open,Hyderabad
2204,Warehouse Issue,Medium,Put-away process delayed inventory availability. Reported at Hyderabad facility during shift 2.,In Progress,Kolkata
2205,Customs Issue,Low,Trade compliance review delayed processing. Reported at Hyderabad facility during shift 2.,Open,Ahmedabad
2206,Inventory Shortage,Medium,Cycle count revealed stock deficiency. Reported at Ahmedabad facility during shift 1.,Resolved,Hyderabad
2207,Shipment Delay,Medium,Driver shortage affected transportation schedule. Reported at Ahmedabad facility during shift 3.,Resolved,Kolkata
2208,Documentation Error,Medium,Labeling information did not match shipment. Reported at Kolkata facility during shift 1.,Resolved,Mumbai
2209,Documentation Error,Medium,Missing invoice delayed processing. Reported at Mumbai facility during shift 1.,Resolved,Kolkata
2210,Warehouse Issue,Medium,Order picking queue exceeded capacity. Reported at Chennai facility during shift 2.,In Progress,Ahmedabad
2211,Documentation Error,High,Manifest information incomplete. Reported at Chennai facility during shift 2.,Resolved,Kolkata
2212,Customs Issue,Medium,Country-specific restriction affected import. Reported at Chennai facility during shift 1.,Open,Pune
2213,Shipment Delay,High,Carrier scheduling issue caused shipment delay. Reported at Kolkata facility during shift 1.,In Progress,Pune
2214,Warehouse Issue,Critical,Dock congestion slowed warehouse throughput. Reported at Pune facility during shift 2.,Open,Hyderabad
2215,Transportation Failure,Medium,Third-party carrier cancelled shipment booking. Reported at Chennai facility during shift 2.,Resolved,Hyderabad
2216,Warehouse Issue,Medium,Space constraint affected storage operations. Reported at Delhi facility during shift 1.,Resolved,Pune
2217,Customs Issue,High,Tariff classification review in progress. Reported at Pune facility during shift 1.,Open,Pune
2218,Damaged Goods,High,Container impact damaged shipment contents. Reported at Bengaluru facility during shift 2.,Open,Mumbai
2219,Customs Issue,Medium,Tariff classification review in progress. Reported at Pune facility during shift 3.,Open,Kolkata
2220,Inventory Shortage,Medium,Stockout occurred at fulfillment center. Reported at Ahmedabad facility during shift 2.,In Progress,Pune
2221,Warehouse Issue,Low,Storage location information incorrect. Reported at Delhi facility during shift 2.,Open,Hyderabad
2222,Documentation Error,Medium,Data entry error impacted shipment records. Reported at Hyderabad facility during shift 3.,In Progress,Mumbai
2223,Inventory Shortage,Medium,Product unavailable due to inventory mismatch. Reported at Mumbai facility during shift 3.,Resolved,Kolkata
2224,Warehouse Issue,Medium,Inventory allocation issue detected. Reported at Delhi facility during shift 3.,In Progress,Kolkata
2225,Inventory Shortage,High,Warehouse unable to fulfill requested quantity. Reported at Kolkata facility during shift 1.,Resolved,Hyderabad
2226,Documentation Error,Critical,Documentation approval pending correction. Reported at Mumbai facility during shift 2.,In Progress,Chennai
2227,Inventory Shortage,Critical,Backordered items unavailable for dispatch. Reported at Delhi facility during shift 3.,Open,Ahmedabad
2228,Inventory Shortage,High,Inventory reservation conflict identified. Reported at Bengaluru facility during shift 1.,In Progress,Bengaluru
2229,Inventory Shortage,Critical,Warehouse stock shortage detected. Reported at Hyderabad facility during shift 1.,Resolved,Ahmedabad
2230,Warehouse Issue,Medium,Warehouse management system outage reported. Reported at Kolkata facility during shift 3.,Resolved,Bengaluru
2231,Transportation Failure,Medium,Carrier failed to pick up shipment. Reported at Kolkata facility during shift 3.,In Progress,Hyderabad
2232,Customs Issue,Medium,Shipment selected for random inspection. Reported at Pune facility during shift 2.,In Progress,Bengaluru
2233,Damaged Goods,Critical,Temperature excursion affected product quality. Reported at Pune facility during shift 1.,Open,Pune
2234,Warehouse Issue,Medium,Warehouse staffing shortage reported. Reported at Bengaluru facility during shift 3.,Open,Ahmedabad
2235,Documentation Error,Low,Incorrect consignee information provided. Reported at Mumbai facility during shift 3.,In Progress,Bengaluru
2236,Transportation Failure,Medium,Vehicle maintenance issue halted delivery. Reported at Chennai facility during shift 2.,In Progress,Kolkata
2237,Shipment Delay,Medium,Port congestion delayed shipment arrival. Reported at Chennai facility during shift 3.,Resolved,Chennai
2238,Damaged Goods,Medium,Improper handling caused item breakage. Reported at Delhi facility during shift 1.,Open,Hyderabad
2239,Documentation Error,Medium,Required compliance document missing. Reported at Chennai facility during shift 3.,In Progress,Delhi
2240,Transportation Failure,Medium,Logistics partner experienced operational failure. Reported at Ahmedabad facility during shift 2.,Resolved,Hyderabad
2241,Damaged Goods,High,Forklift accident damaged inventory. Reported at Kolkata facility during shift 1.,Resolved,Pune
2242,Warehouse Issue,High,Warehouse stock mismatch identified. Reported at Chennai facility during shift 3.,Resolved,Mumbai
2243,Warehouse Issue,Medium,Picking error occurred in warehouse. Reported at Mumbai facility during shift 3.,Open,Bengaluru
2244,Inventory Shortage,Low,Cycle count revealed stock deficiency. Reported at Delhi facility during shift 1.,In Progress,Mumbai
2245,Damaged Goods,Medium,Product packaging torn during loading. Reported at Mumbai facility during shift 2.,Resolved,Kolkata
2246,Warehouse Issue,Medium,Order picking queue exceeded capacity. Reported at Kolkata facility during shift 3.,In Progress,Delhi
2247,Shipment Delay,High,Carrier scheduling issue caused shipment delay. Reported at Pune facility during shift 1.,In Progress,Ahmedabad
2248,Shipment Delay,Low,Port congestion delayed shipment arrival. Reported at Hyderabad facility during shift 2.,In Progress,Mumbai
2249,Damaged Goods,Low,Improper handling caused item breakage. Reported at Mumbai facility during shift 3.,Resolved,Chennai
2250,Documentation Error,Low,Incorrect shipping documentation submitted. Reported at Pune facility during shift 1.,Resolved,Chennai
2251,Shipment Delay,Low,Container missed connecting vessel. Reported at Kolkata facility during shift 2.,Resolved,Pune
2252,Warehouse Issue,Medium,Picking error occurred in warehouse. Reported at Delhi facility during shift 1.,In Progress,Delhi
2253,Documentation Error,High,Bill of lading information mismatch detected. Reported at Pune facility during shift 1.,Open,Pune
2254,Documentation Error,High,Customs paperwork contained errors. Reported at Ahmedabad facility during shift 3.,Open,Delhi
2255,Warehouse Issue,Medium,Warehouse staffing shortage reported. Reported at Ahmedabad facility during shift 1.,Resolved,Mumbai
2256,Warehouse Issue,Low,Order consolidation process delayed shipment. Reported at Hyderabad facility during shift 2.,Resolved,Delhi
2257,Documentation Error,Medium,Labeling information did not match shipment. Reported at Delhi facility during shift 1.,Resolved,Delhi
2258,Documentation Error,Critical,Shipping label generated with incorrect address. Reported at Pune facility during shift 2.,Resolved,Kolkata
2259,Warehouse Issue,Medium,Warehouse management system outage reported. Reported at Mumbai facility during shift 3.,In Progress,Bengaluru
2260,Damaged Goods,Low,Goods arrived with visible damage. Reported at Bengaluru facility during shift 2.,In Progress,Chennai
2261,Damaged Goods,High,Package damaged during transportation. Reported at Ahmedabad facility during shift 3.,Resolved,Mumbai
2262,Warehouse Issue,Medium,Inventory misplaced within storage area. Reported at Mumbai facility during shift 3.,Resolved,Kolkata
2263,Warehouse Issue,Medium,Inventory misplaced within storage area. Reported at Bengaluru facility during shift 2.,In Progress,Bengaluru
2264,Damaged Goods,Medium,Fragile goods mishandled during unloading. Reported at Kolkata facility during shift 2.,Open,Ahmedabad
2265,Shipment Delay,Medium,Last-mile delivery partner unavailable. Reported at Mumbai facility during shift 2.,Resolved,Kolkata
2266,Damaged Goods,Medium,Improper handling caused item breakage. Reported at Hyderabad facility during shift 3.,Resolved,Chennai
2267,Inventory Shortage,High,Product unavailable due to inventory mismatch. Reported at Hyderabad facility during shift 3.,Resolved,Delhi
2268,Customs Issue,Low,Customs requested additional documentation. Reported at Chennai facility during shift 3.,In Progress,Kolkata
2269,Inventory Shortage,High,Safety stock threshold breached. Reported at Chennai facility during shift 3.,Resolved,Delhi
2270,Documentation Error,Low,Incorrect consignee information provided. Reported at Chennai facility during shift 1.,Open,Bengaluru
2271,Customs Issue,Low,Customs requested additional documentation. Reported at Mumbai facility during shift 3.,Open,Chennai
2272,Shipment Delay,Critical,Mechanical failure delayed freight movement. Reported at Kolkata facility during shift 1.,Open,Hyderabad
2273,Shipment Delay,High,Mechanical failure delayed freight movement. Reported at Bengaluru facility during shift 3.,In Progress,Delhi
2274,Transportation Failure,Critical,Transportation network disruption reported. Reported at Bengaluru facility during shift 2.,In Progress,Chennai
2275,Inventory Shortage,Medium,Inventory replenishment delayed. Reported at Bengaluru facility during shift 3.,In Progress,Hyderabad
2276,Inventory Shortage,Medium,Warehouse unable to fulfill requested quantity. Reported at Hyderabad facility during shift 2.,In Progress,Kolkata
2277,Transportation Failure,Low,Vehicle maintenance issue halted delivery. Reported at Bengaluru facility during shift 2.,Open,Kolkata
2278,Shipment Delay,Medium,Dispatch process delayed at origin facility. Reported at Ahmedabad facility during shift 1.,Open,Mumbai
2279,Customs Issue,Critical,Customs clearance process delayed. Reported at Mumbai facility during shift 1.,In Progress,Mumbai
2280,Inventory Shortage,Critical,Backordered items unavailable for dispatch. Reported at Pune facility during shift 1.,In Progress,Kolkata
2281,Damaged Goods,High,Temperature excursion affected product quality. Reported at Hyderabad facility during shift 2.,In Progress,Mumbai
2282,Warehouse Issue,Critical,Picking error occurred in warehouse. Reported at Kolkata facility during shift 1.,Resolved,Ahmedabad
2283,Inventory Shortage,Medium,Inventory replenishment delayed. Reported at Chennai facility during shift 2.,Open,Bengaluru
2284,Shipment Delay,Low,Holiday demand surge caused shipping delays. Reported at Kolkata facility during shift 1.,Resolved,Mumbai
2285,Inventory Shortage,High,Supplier delay created inventory gap. Reported at Pune facility during shift 2.,In Progress,Chennai
2286,Customs Issue,High,Country-specific restriction affected import. Reported at Bengaluru facility during shift 1.,Open,Chennai
2287,Inventory Shortage,Medium,Safety stock threshold breached. Reported at Hyderabad facility during shift 1.,Open,Chennai
2288,Transportation Failure,Medium,Fuel supply issue interrupted transportation. Reported at Delhi facility during shift 2.,Open,Delhi
2289,Customs Issue,High,Border inspection extended shipment hold. Reported at Pune facility during shift 3.,Open,Ahmedabad
2290,Shipment Delay,Medium,Holiday demand surge caused shipping delays. Reported at Bengaluru facility during shift 3.,Resolved,Delhi
2291,Inventory Shortage,Low,Backordered items unavailable for dispatch. Reported at Pune facility during shift 1.,Open,Kolkata
2292,Documentation Error,High,Labeling information did not match shipment. Reported at Chennai facility during shift 3.,Resolved,Pune
2293,Damaged Goods,Medium,Package damaged during transportation. Reported at Delhi facility during shift 1.,Open,Kolkata
2294,Shipment Delay,High,Rail transport delay impacted delivery timeline. Reported at Chennai facility during shift 2.,Open,Bengaluru
2295,Warehouse Issue,Medium,Dock congestion slowed warehouse throughput. Reported at Chennai facility during shift 3.,Open,Ahmedabad
2296,Documentation Error,Medium,Missing certificate delayed shipment release. Reported at Kolkata facility during shift 2.,In Progress,Ahmedabad
2297,Customs Issue,Low,Border inspection extended shipment hold. Reported at Ahmedabad facility during shift 3.,Resolved,Ahmedabad
2298,Transportation Failure,Medium,Trailer availability issue delayed dispatch. Reported at Delhi facility during shift 2.,In Progress,Bengaluru
2299,Inventory Shortage,Critical,Stockout occurred at fulfillment center. Reported at Delhi facility during shift 2.,Open,Pune
2300,Customs Issue,Low,Shipment held by customs authorities. Reported at Kolkata facility during shift 2.,In Progress,Kolkata
2301,Customs Issue,Low,Country-specific restriction affected import. Reported at Bengaluru facility during shift 2.,Resolved,Pune
2302,Inventory Shortage,Medium,Supplier delay created inventory gap. Reported at Kolkata facility during shift 2.,In Progress,Ahmedabad
2303,Transportation Failure,Medium,Fleet utilization exceeded available capacity. Reported at Pune facility during shift 2.,In Progress,Delhi
2304,Customs Issue,Low,Shipment flagged for compliance audit. Reported at Bengaluru facility during shift 1.,Open,Bengaluru
2305,Warehouse Issue,Medium,Put-away process delayed inventory availability. Reported at Pune facility during shift 2.,In Progress,Pune
2306,Customs Issue,Low,Regulatory verification delayed release. Reported at Bengaluru facility during shift 2.,Open,Ahmedabad
2307,Damaged Goods,Low,Receiving inspection identified damaged goods. Reported at Kolkata facility during shift 1.,In Progress,Delhi
2308,Customs Issue,Critical,Tariff classification review in progress. Reported at Kolkata facility during shift 1.,Open,Bengaluru
2309,Transportation Failure,Critical,Route planning error delayed movement. Reported at Delhi facility during shift 2.,Resolved,Delhi
2310,Customs Issue,Medium,Tariff classification review in progress. Reported at Bengaluru facility during shift 1.,In Progress,Bengaluru
2311,Warehouse Issue,Medium,Put-away process delayed inventory availability. Reported at Delhi facility during shift 2.,Resolved,Chennai
2312,Customs Issue,Low,Customs clearance process delayed. Reported at Mumbai facility during shift 1.,Open,Pune
2313,Warehouse Issue,Low,Picking error occurred in warehouse. Reported at Pune facility during shift 2.,Open,Bengaluru
2314,Damaged Goods,Medium,Transit vibration caused product defects. Reported at Mumbai facility during shift 2.,In Progress,Ahmedabad
2315,Transportation Failure,Medium,Driver unavailable for scheduled route. Reported at Delhi facility during shift 2.,Resolved,Delhi
2316,Inventory Shortage,Medium,Inventory replenishment delayed. Reported at Kolkata facility during shift 1.,Resolved,Kolkata
2317,Inventory Shortage,Critical,Backordered items unavailable for dispatch. Reported at Ahmedabad facility during shift 3.,Resolved,Bengaluru
2318,Shipment Delay,Low,Shipment rerouted causing additional transit time. Reported at Delhi facility during shift 2.,Open,Delhi
2319,Transportation Failure,Low,Fleet utilization exceeded available capacity. Reported at Kolkata facility during shift 2.,Open,Pune
2320,Transportation Failure,High,Route planning error delayed movement. Reported at Delhi facility during shift 2.,In Progress,Pune
2321,Damaged Goods,Low,Product packaging torn during loading. Reported at Pune facility during shift 1.,Resolved,Hyderabad
2322,Customs Issue,Critical,Tariff classification review in progress. Reported at Delhi facility during shift 1.,Resolved,Bengaluru
2323,Customs Issue,High,Customs requested additional documentation. Reported at Hyderabad facility during shift 3.,Open,Pune
2324,Documentation Error,Medium,Invoice value discrepancy identified. Reported at Ahmedabad facility during shift 1.,Resolved,Kolkata
2325,Inventory Shortage,Medium,Safety stock threshold breached. Reported at Hyderabad facility during shift 1.,Resolved,Chennai
2326,Transportation Failure,Medium,Driver unavailable for scheduled route. Reported at Delhi facility during shift 1.,Resolved,Hyderabad
2327,Damaged Goods,Low,Improper handling caused item breakage. Reported at Kolkata facility during shift 2.,Resolved,Ahmedabad
2328,Customs Issue,Low,Customs clearance process delayed. Reported at Pune facility during shift 3.,Resolved,Chennai
2329,Customs Issue,Medium,Border security inspection caused delay. Reported at Chennai facility during shift 2.,In Progress,Kolkata
2330,Transportation Failure,Medium,Delivery vehicle breakdown reported. Reported at Hyderabad facility during shift 3.,In Progress,Kolkata
2331,Transportation Failure,Critical,Equipment malfunction impacted transport operations. Reported at Pune facility during shift 1.,Resolved,Hyderabad
2332,Documentation Error,Low,Bill of lading information mismatch detected. Reported at Ahmedabad facility during shift 2.,In Progress,Mumbai
2333,Warehouse Issue,High,Dock congestion slowed warehouse throughput. Reported at Pune facility during shift 3.,Open,Delhi
2334,Warehouse Issue,Low,Space constraint affected storage operations. Reported at Mumbai facility during shift 1.,In Progress,Mumbai
2335,Inventory Shortage,High,Cycle count revealed stock deficiency. Reported at Bengaluru facility during shift 1.,Open,Chennai
2336,Customs Issue,Low,Shipment selected for random inspection. Reported at Pune facility during shift 3.,Resolved,Ahmedabad
2337,Customs Issue,Low,Trade compliance review delayed processing. Reported at Pune facility during shift 3.,Open,Chennai
2338,Customs Issue,Critical,Import documentation under review. Reported at Bengaluru facility during shift 3.,Open,Mumbai
2339,Customs Issue,High,Customs clearance process delayed. Reported at Chennai facility during shift 2.,Open,Bengaluru
2340,Shipment Delay,Medium,Dispatch process delayed at origin facility. Reported at Mumbai facility during shift 2.,Resolved,Bengaluru
2341,Transportation Failure,Critical,Transportation network disruption reported. Reported at Bengaluru facility during shift 3.,Resolved,Delhi
2342,Transportation Failure,Low,Vehicle maintenance issue halted delivery. Reported at Chennai facility during shift 2.,Open,Mumbai
2343,Inventory Shortage,High,Demand exceeded available stock levels. Reported at Hyderabad facility during shift 1.,Resolved,Bengaluru
2344,Customs Issue,Low,Customs clearance process delayed. Reported at Mumbai facility during shift 1.,In Progress,Bengaluru
2345,Inventory Shortage,Medium,Supplier delay created inventory gap. Reported at Hyderabad facility during shift 3.,Resolved,Hyderabad
2346,Inventory Shortage,High,Supplier delay created inventory gap. Reported at Hyderabad facility during shift 2.,Resolved,Chennai
2347,Customs Issue,High,Country-specific restriction affected import. Reported at Hyderabad facility during shift 2.,Open,Chennai
2348,Shipment Delay,Low,Last-mile delivery partner unavailable. Reported at Pune facility during shift 3.,In Progress,Mumbai
2349,Customs Issue,Critical,Shipment selected for random inspection. Reported at Ahmedabad facility during shift 1.,Resolved,Mumbai
2350,Damaged Goods,Medium,Container impact damaged shipment contents. Reported at Pune facility during shift 3.,Resolved,Mumbai
2351,Documentation Error,Medium,Required compliance document missing. Reported at Pune facility during shift 2.,In Progress,Pune
2352,Transportation Failure,Medium,Vehicle maintenance issue halted delivery. Reported at Ahmedabad facility during shift 2.,Resolved,Bengaluru
2353,Inventory Shortage,Medium,Cycle count revealed stock deficiency. Reported at Delhi facility during shift 1.,In Progress,Ahmedabad
2354,Transportation Failure,High,Driver unavailable for scheduled route. Reported at Kolkata facility during shift 2.,In Progress,Ahmedabad
2355,Inventory Shortage,Critical,Inventory replenishment delayed. Reported at Kolkata facility during shift 2.,Open,Pune
2356,Transportation Failure,Medium,Transportation network disruption reported. Reported at Delhi facility during shift 2.,In Progress,Delhi
2357,Inventory Shortage,Low,Cycle count revealed stock deficiency. Reported at Delhi facility during shift 1.,In Progress,Ahmedabad
2358,Inventory Shortage,Low,Stockout occurred at fulfillment center. Reported at Pune facility during shift 1.,In Progress,Delhi
2359,Damaged Goods,Low,Transit vibration caused product defects. Reported at Hyderabad facility during shift 1.,Resolved,Ahmedabad
2360,Transportation Failure,Critical,Fuel supply issue interrupted transportation. Reported at Delhi facility during shift 2.,Open,Pune
2361,Shipment Delay,Medium,Truck breakdown caused delivery delay. Reported at Pune facility during shift 3.,In Progress,Delhi
2362,Inventory Shortage,Medium,Backordered items unavailable for dispatch. Reported at Ahmedabad facility during shift 1.,Open,Hyderabad
2363,Customs Issue,Medium,Import documentation under review. Reported at Pune facility during shift 3.,Resolved,Kolkata
2364,Documentation Error,Low,Missing invoice delayed processing. Reported at Delhi facility during shift 3.,Resolved,Pune
2365,Warehouse Issue,Medium,Put-away process delayed inventory availability. Reported at Delhi facility during shift 2.,In Progress,Mumbai
2366,Shipment Delay,Low,Last-mile delivery partner unavailable. Reported at Pune facility during shift 2.,In Progress,Bengaluru
2367,Warehouse Issue,Critical,Order consolidation process delayed shipment. Reported at Pune facility during shift 3.,In Progress,Hyderabad
2368,Documentation Error,Low,Incorrect consignee information provided. Reported at Pune facility during shift 3.,Open,Pune
2369,Warehouse Issue,Medium,Dock congestion slowed warehouse throughput. Reported at Bengaluru facility during shift 3.,Open,Bengaluru
2370,Transportation Failure,Medium,Route planning error delayed movement. Reported at Ahmedabad facility during shift 1.,Open,Kolkata
2371,Warehouse Issue,Medium,Storage location information incorrect. Reported at Pune facility during shift 1.,In Progress,Hyderabad
2372,Shipment Delay,High,Last-mile delivery partner unavailable. Reported at Kolkata facility during shift 1.,In Progress,Delhi
2373,Damaged Goods,Low,Transit vibration caused product defects. Reported at Chennai facility during shift 2.,Resolved,Chennai
2374,Damaged Goods,Low,Water exposure damaged packaged goods. Reported at Ahmedabad facility during shift 3.,In Progress,Pune
2375,Transportation Failure,Low,Driver unavailable for scheduled route. Reported at Bengaluru facility during shift 3.,Resolved,Mumbai
2376,Damaged Goods,High,Packaging failure led to damaged products. Reported at Chennai facility during shift 3.,Resolved,Hyderabad
2377,Inventory Shortage,High,Unexpected order spike exhausted stock. Reported at Kolkata facility during shift 2.,Open,Hyderabad
2378,Damaged Goods,Low,Forklift accident damaged inventory. Reported at Delhi facility during shift 2.,Resolved,Kolkata
2379,Shipment Delay,Medium,Container missed connecting vessel. Reported at Ahmedabad facility during shift 1.,In Progress,Delhi
2380,Documentation Error,Critical,Export declaration contained errors. Reported at Pune facility during shift 1.,In Progress,Hyderabad
2381,Inventory Shortage,Low,Procurement delay affected inventory availability. Reported at Ahmedabad facility during shift 2.,Open,Pune
2382,Shipment Delay,Medium,Truck breakdown caused delivery delay. Reported at Chennai facility during shift 2.,In Progress,Delhi
2383,Damaged Goods,Low,Transit vibration caused product defects. Reported at Kolkata facility during shift 3.,In Progress,Pune
2384,Transportation Failure,High,Carrier failed to pick up shipment. Reported at Pune facility during shift 3.,Open,Hyderabad
2385,Damaged Goods,Low,Container impact damaged shipment contents. Reported at Chennai facility during shift 3.,Resolved,Delhi
2386,Transportation Failure,Low,Transport route disruption due to road closure. Reported at Mumbai facility during shift 1.,Resolved,Delhi
2387,Customs Issue,Critical,Border inspection extended shipment hold. Reported at Mumbai facility during shift 2.,In Progress,Mumbai
2388,Transportation Failure,Medium,Driver unavailable for scheduled route. Reported at Mumbai facility during shift 2.,Open,Kolkata
2389,Customs Issue,Low,Shipment selected for random inspection. Reported at Kolkata facility during shift 3.,Open,Bengaluru
2390,Transportation Failure,Low,Carrier failed to pick up shipment. Reported at Mumbai facility during shift 2.,Open,Chennai
2391,Shipment Delay,Low,Shipment rerouted causing additional transit time. Reported at Bengaluru facility during shift 2.,Open,Bengaluru
2392,Inventory Shortage,Medium,Inventory reservation conflict identified. Reported at Delhi facility during shift 3.,In Progress,Kolkata
2393,Shipment Delay,Low,Cargo loading completed behind schedule. Reported at Hyderabad facility during shift 2.,Resolved,Kolkata
2394,Documentation Error,Medium,Missing invoice delayed processing. Reported at Chennai facility during shift 1.,Open,Bengaluru
2395,Documentation Error,High,Export declaration contained errors. Reported at Chennai facility during shift 2.,Resolved,Pune
2396,Documentation Error,Low,Shipping label generated with incorrect address. Reported at Delhi facility during shift 2.,Resolved,Chennai
2397,Customs Issue,Medium,Regulatory approval pending clearance. Reported at Hyderabad facility during shift 2.,Resolved,Kolkata
2398,Inventory Shortage,Low,Inventory reservation conflict identified. Reported at Bengaluru facility during shift 3.,Open,Pune
2399,Damaged Goods,Low,Pallet collapse resulted in product damage. Reported at Mumbai facility during shift 3.,Open,Ahmedabad
2400,Documentation Error,Low,Missing certificate delayed shipment release. Reported at Kolkata facility during shift 1.,Open,Kolkata
2401,Warehouse Issue,High,Picking error occurred in warehouse. Reported at Bengaluru facility during shift 1.,Resolved,Hyderabad
2402,Warehouse Issue,High,Put-away process delayed inventory availability. Reported at Bengaluru facility during shift 3.,In Progress,Ahmedabad
2403,Shipment Delay,High,Shipment rerouted causing additional transit time. Reported at Bengaluru facility during shift 3.,In Progress,Bengaluru
2404,Documentation Error,Low,Incorrect shipping documentation submitted. Reported at Hyderabad facility during shift 1.,Open,Pune
2405,Inventory Shortage,Medium,Inventory forecast underestimated demand. Reported at Kolkata facility during shift 3.,In Progress,Delhi
2406,Transportation Failure,High,Fleet utilization exceeded available capacity. Reported at Hyderabad facility during shift 3.,Open,Mumbai
2407,Documentation Error,Medium,Missing invoice delayed processing. Reported at Chennai facility during shift 1.,Open,Hyderabad
2408,Shipment Delay,High,Carrier scheduling issue caused shipment delay. Reported at Ahmedabad facility during shift 2.,Open,Mumbai
2409,Shipment Delay,Low,Container missed connecting vessel. Reported at Bengaluru facility during shift 3.,In Progress,Pune
2410,Shipment Delay,Low,Carrier scheduling issue caused shipment delay. Reported at Kolkata facility during shift 3.,Open,Mumbai
2411,Damaged Goods,Critical,Goods arrived with visible damage. Reported at Hyderabad facility during shift 2.,Open,Mumbai
2412,Customs Issue,Low,Regulatory approval pending clearance. Reported at Chennai facility during shift 2.,Open,Mumbai
2413,Customs Issue,Medium,Border inspection extended shipment hold. Reported at Ahmedabad facility during shift 3.,In Progress,Hyderabad
2414,Shipment Delay,High,Dispatch process delayed at origin facility. Reported at Ahmedabad facility during shift 1.,Open,Bengaluru
2415,Shipment Delay,Low,Delivery delayed due to traffic disruption. Reported at Kolkata facility during shift 1.,In Progress,Ahmedabad
2416,Transportation Failure,High,Carrier failed to pick up shipment. Reported at Chennai facility during shift 3.,Resolved,Mumbai
2417,Warehouse Issue,Low,Order consolidation process delayed shipment. Reported at Hyderabad facility during shift 3.,In Progress,Bengaluru
2418,Warehouse Issue,Low,Inventory allocation issue detected. Reported at Chennai facility during shift 3.,Open,Bengaluru
2419,Customs Issue,Low,Import permit approval pending. Reported at Chennai facility during shift 3.,Resolved,Kolkata
2420,Documentation Error,High,Data entry error impacted shipment records. Reported at Ahmedabad facility during shift 1.,Resolved,Chennai
2421,Damaged Goods,Medium,Water exposure damaged packaged goods. Reported at Mumbai facility during shift 3.,In Progress,Delhi
2422,Damaged Goods,Medium,Fragile goods mishandled during unloading. Reported at Pune facility during shift 3.,Open,Pune
2423,Customs Issue,Low,Customs valuation dispute identified. Reported at Pune facility during shift 2.,In Progress,Pune
2424,Transportation Failure,High,Driver unavailable for scheduled route. Reported at Hyderabad facility during shift 1.,In Progress,Kolkata
2425,Damaged Goods,Low,Pallet collapse resulted in product damage. Reported at Mumbai facility during shift 3.,Open,Pune
2426,Damaged Goods,High,Fragile goods mishandled during unloading. Reported at Ahmedabad facility during shift 2.,Resolved,Delhi
2427,Shipment Delay,Medium,Container missed connecting vessel. Reported at Delhi facility during shift 3.,Resolved,Delhi
2428,Warehouse Issue,High,Space constraint affected storage operations. Reported at Delhi facility during shift 1.,In Progress,Mumbai
2429,Warehouse Issue,Medium,Order picking queue exceeded capacity. Reported at Mumbai facility during shift 3.,Resolved,Mumbai
2430,Documentation Error,Medium,Incorrect shipping documentation submitted. Reported at Hyderabad facility during shift 3.,Open,Bengaluru
2431,Customs Issue,Low,Regulatory approval pending clearance. Reported at Pune facility during shift 2.,Resolved,Pune
2432,Documentation Error,Medium,Shipping label generated with incorrect address. Reported at Kolkata facility during shift 3.,In Progress,Bengaluru
2433,Documentation Error,High,Incorrect consignee information provided. Reported at Kolkata facility during shift 3.,Open,Bengaluru
2434,Customs Issue,High,Customs valuation dispute identified. Reported at Ahmedabad facility during shift 1.,Open,Chennai
2435,Warehouse Issue,Low,Inventory misplaced within storage area. Reported at Mumbai facility during shift 2.,Open,Hyderabad
2436,Inventory Shortage,High,Unexpected order spike exhausted stock. Reported at Kolkata facility during shift 2.,Resolved,Mumbai
2437,Warehouse Issue,Low,Warehouse processing backlog reported. Reported at Chennai facility during shift 1.,Open,Bengaluru
2438,Inventory Shortage,Low,Inventory reservation conflict identified. Reported at Mumbai facility during shift 1.,Open,Kolkata
2439,Damaged Goods,Medium,Fragile goods mishandled during unloading. Reported at Kolkata facility during shift 1.,In Progress,Pune
2440,Transportation Failure,Medium,Driver unavailable for scheduled route. Reported at Bengaluru facility during shift 2.,Resolved,Ahmedabad
2441,Customs Issue,Medium,Border security inspection caused delay. Reported at Chennai facility during shift 3.,Open,Ahmedabad
2442,Damaged Goods,High,Water exposure damaged packaged goods. Reported at Chennai facility during shift 2.,In Progress,Mumbai
2443,Transportation Failure,Medium,Equipment malfunction impacted transport operations. Reported at Pune facility during shift 3.,Open,Kolkata
2444,Shipment Delay,Low,Last-mile delivery partner unavailable. Reported at Mumbai facility during shift 2.,Open,Mumbai
2445,Inventory Shortage,Medium,Procurement delay affected inventory availability. Reported at Mumbai facility during shift 2.,In Progress,Bengaluru
2446,Documentation Error,Medium,Export declaration contained errors. Reported at Chennai facility during shift 2.,Resolved,Ahmedabad
2447,Inventory Shortage,Low,Cycle count revealed stock deficiency. Reported at Kolkata facility during shift 1.,Open,Chennai
2448,Documentation Error,Low,Export declaration contained errors. Reported at Mumbai facility during shift 3.,In Progress,Kolkata
2449,Warehouse Issue,Medium,Order consolidation process delayed shipment. Reported at Chennai facility during shift 2.,Resolved,Ahmedabad
2450,Inventory Shortage,High,Warehouse unable to fulfill requested quantity. Reported at Ahmedabad facility during shift 2.,Open,Hyderabad
2451,Documentation Error,Medium,Incorrect consignee information provided. Reported at Kolkata facility during shift 1.,Open,Bengaluru
2452,Transportation Failure,Medium,Fleet utilization exceeded available capacity. Reported at Bengaluru facility during shift 1.,Resolved,Delhi
2453,Warehouse Issue,Low,Order picking queue exceeded capacity. Reported at Chennai facility during shift 2.,In Progress,Ahmedabad
2454,Inventory Shortage,Critical,Procurement delay affected inventory availability. Reported at Ahmedabad facility during shift 3.,Open,Mumbai
2455,Inventory Shortage,Critical,Inventory replenishment delayed. Reported at Delhi facility during shift 3.,Resolved,Chennai
2456,Transportation Failure,Medium,Fleet utilization exceeded available capacity. Reported at Pune facility during shift 3.,Resolved,Pune
2457,Customs Issue,Medium,Shipment flagged for compliance audit. Reported at Mumbai facility during shift 2.,In Progress,Kolkata
2458,Documentation Error,Low,Data entry error impacted shipment records. Reported at Kolkata facility during shift 1.,In Progress,Pune
2459,Transportation Failure,Low,Fuel supply issue interrupted transportation. Reported at Bengaluru facility during shift 1.,Open,Mumbai
2460,Documentation Error,Medium,Customs paperwork contained errors. Reported at Bengaluru facility during shift 2.,Resolved,Pune
2461,Documentation Error,Critical,Required compliance document missing. Reported at Ahmedabad facility during shift 1.,Resolved,Delhi
2462,Documentation Error,Low,Purchase order details inconsistent. Reported at Mumbai facility during shift 3.,Open,Delhi
2463,Damaged Goods,Medium,Goods arrived with visible damage. Reported at Kolkata facility during shift 1.,Resolved,Chennai
2464,Shipment Delay,Medium,Cargo loading completed behind schedule. Reported at Hyderabad facility during shift 3.,In Progress,Delhi
2465,Damaged Goods,High,Receiving inspection identified damaged goods. Reported at Bengaluru facility during shift 2.,Open,Ahmedabad
2466,Transportation Failure,Low,Fleet utilization exceeded available capacity. Reported at Bengaluru facility during shift 1.,Resolved,Mumbai
2467,Inventory Shortage,Low,Raw material shortage impacted production. Reported at Delhi facility during shift 3.,Open,Ahmedabad
2468,Documentation Error,Medium,Missing invoice delayed processing. Reported at Delhi facility during shift 1.,In Progress,Pune
2469,Inventory Shortage,Low,Inventory reservation conflict identified. Reported at Hyderabad facility during shift 2.,In Progress,Chennai
2470,Warehouse Issue,Low,Receiving delay impacted warehouse operations. Reported at Kolkata facility during shift 1.,Resolved,Pune
2471,Transportation Failure,Critical,Fleet utilization exceeded available capacity. Reported at Bengaluru facility during shift 3.,In Progress,Kolkata
2472,Customs Issue,Medium,Trade compliance review delayed processing. Reported at Delhi facility during shift 1.,In Progress,Ahmedabad
2473,Warehouse Issue,Low,Picking error occurred in warehouse. Reported at Kolkata facility during shift 3.,Open,Mumbai
2474,Customs Issue,Low,Country-specific restriction affected import. Reported at Delhi facility during shift 3.,In Progress,Kolkata
2475,Damaged Goods,High,Improper handling caused item breakage. Reported at Pune facility during shift 2.,Resolved,Pune
2476,Damaged Goods,Medium,Transit vibration caused product defects. Reported at Ahmedabad facility during shift 3.,Resolved,Delhi
2477,Transportation Failure,Medium,Driver unavailable for scheduled route. Reported at Mumbai facility during shift 3.,In Progress,Mumbai
2478,Damaged Goods,High,Fragile goods mishandled during unloading. Reported at Hyderabad facility during shift 2.,Resolved,Bengaluru
2479,Damaged Goods,Medium,Receiving inspection identified damaged goods. Reported at Pune facility during shift 1.,In Progress,Hyderabad
2480,Inventory Shortage,Medium,Inventory reservation conflict identified. Reported at Pune facility during shift 3.,In Progress,Hyderabad
2481,Documentation Error,High,Purchase order details inconsistent. Reported at Bengaluru facility during shift 3.,Open,Hyderabad
2482,Inventory Shortage,Medium,Raw material shortage impacted production. Reported at Pune facility during shift 3.,In Progress,Bengaluru
2483,Warehouse Issue,High,Warehouse management system outage reported. Reported at Delhi facility during shift 1.,In Progress,Bengaluru
2484,Inventory Shortage,High,Cycle count revealed stock deficiency. Reported at Pune facility during shift 1.,In Progress,Pune
2485,Inventory Shortage,Low,Supplier delay created inventory gap. Reported at Ahmedabad facility during shift 3.,Resolved,Ahmedabad
2486,Documentation Error,Medium,Incorrect consignee information provided. Reported at Delhi facility during shift 2.,In Progress,Mumbai
2487,Transportation Failure,Low,Transportation network disruption reported. Reported at Kolkata facility during shift 1.,In Progress,Ahmedabad
2488,Transportation Failure,Medium,Trailer availability issue delayed dispatch. Reported at Hyderabad facility during shift 3.,Open,Hyderabad
2489,Shipment Delay,Low,Delivery delayed due to traffic disruption. Reported at Ahmedabad facility during shift 3.,In Progress,Kolkata
2490,Damaged Goods,Low,Product packaging torn during loading. Reported at Delhi facility during shift 1.,Open,Chennai
2491,Warehouse Issue,Medium,Picking error occurred in warehouse. Reported at Hyderabad facility during shift 1.,In Progress,Delhi
2492,Warehouse Issue,Low,Picking error occurred in warehouse. Reported at Kolkata facility during shift 1.,Resolved,Chennai
2493,Shipment Delay,High,Truck breakdown caused delivery delay. Reported at Pune facility during shift 3.,In Progress,Kolkata
2494,Inventory Shortage,Medium,Demand exceeded available stock levels. Reported at Bengaluru facility during shift 3.,In Progress,Pune
2495,Warehouse Issue,Medium,Warehouse processing backlog reported. Reported at Delhi facility during shift 1.,In Progress,Bengaluru
2496,Inventory Shortage,Medium,Unexpected order spike exhausted stock. Reported at Kolkata facility during shift 1.,Open,Delhi
2497,Shipment Delay,Low,Rail transport delay impacted delivery timeline. Reported at Hyderabad facility during shift 2.,Open,Kolkata
2498,Inventory Shortage,Low,Demand exceeded available stock levels. Reported at Ahmedabad facility during shift 3.,Open,Bengaluru
2499,Damaged Goods,Medium,Product packaging torn during loading. Reported at Chennai facility during shift 1.,In Progress,Kolkata
2500,Transportation Failure,High,Logistics partner experienced operational failure. Reported at Bengaluru facility during shift 1.,In Progress,Ahmedabad
2501,Transportation Failure,High,Carrier failed to pick up shipment. Reported at Kolkata facility during shift 3.,Open,Hyderabad
2502,Inventory Shortage,High,Warehouse unable to fulfill requested quantity. Reported at Ahmedabad facility during shift 2.,Resolved,Pune
2503,Damaged Goods,Medium,Package damaged during transportation. Reported at Ahmedabad facility during shift 3.,In Progress,Bengaluru
2504,Damaged Goods,High,Goods arrived with visible damage. Reported at Mumbai facility during shift 3.,Resolved,Kolkata
2505,Inventory Shortage,Low,Unexpected order spike exhausted stock. Reported at Kolkata facility during shift 1.,In Progress,Kolkata
2506,Damaged Goods,Medium,Forklift accident damaged inventory. Reported at Hyderabad facility during shift 1.,In Progress,Chennai
2507,Customs Issue,Medium,Country-specific restriction affected import. Reported at Bengaluru facility during shift 3.,In Progress,Chennai
2508,Transportation Failure,Medium,Route planning error delayed movement. Reported at Pune facility during shift 2.,In Progress,Kolkata
2509,Customs Issue,Medium,Import permit approval pending. Reported at Kolkata facility during shift 1.,In Progress,Bengaluru
2510,Damaged Goods,Low,Water exposure damaged packaged goods. Reported at Hyderabad facility during shift 2.,Open,Bengaluru
2511,Warehouse Issue,Low,Warehouse stock mismatch identified. Reported at Kolkata facility during shift 2.,Open,Mumbai
2512,Customs Issue,Medium,Country-specific restriction affected import. Reported at Delhi facility during shift 1.,Resolved,Chennai
2513,Damaged Goods,Low,Product packaging torn during loading. Reported at Hyderabad facility during shift 2.,Open,Kolkata
2514,Damaged Goods,Medium,Transit vibration caused product defects. Reported at Delhi facility during shift 1.,Open,Mumbai
2515,Inventory Shortage,Low,Inventory reservation conflict identified. Reported at Mumbai facility during shift 3.,Resolved,Delhi
2516,Damaged Goods,High,Temperature excursion affected product quality. Reported at Ahmedabad facility during shift 2.,Open,Chennai
2517,Warehouse Issue,High,Warehouse processing backlog reported. Reported at Mumbai facility during shift 1.,In Progress,Delhi
2518,Documentation Error,High,Missing invoice delayed processing. Reported at Ahmedabad facility during shift 3.,Resolved,Delhi
2519,Inventory Shortage,High,Backordered items unavailable for dispatch. Reported at Delhi facility during shift 1.,In Progress,Delhi
2520,Warehouse Issue,Medium,Inventory allocation issue detected. Reported at Chennai facility during shift 3.,Open,Kolkata
2521,Inventory Shortage,Low,Inventory replenishment delayed. Reported at Chennai facility during shift 2.,Open,Bengaluru
2522,Warehouse Issue,High,Cycle count discrepancy identified. Reported at Pune facility during shift 3.,In Progress,Bengaluru
2523,Transportation Failure,Low,Carrier failed to pick up shipment. Reported at Mumbai facility during shift 3.,Resolved,Chennai
2524,Shipment Delay,Low,Delivery delayed due to traffic disruption. Reported at Delhi facility during shift 1.,Resolved,Ahmedabad
2525,Customs Issue,Medium,Shipment selected for random inspection. Reported at Kolkata facility during shift 3.,In Progress,Ahmedabad
2526,Customs Issue,Medium,Shipment flagged for compliance audit. Reported at Pune facility during shift 3.,Resolved,Kolkata
2527,Warehouse Issue,Medium,Inventory allocation issue detected. Reported at Kolkata facility during shift 1.,In Progress,Delhi
2528,Warehouse Issue,Medium,Warehouse stock mismatch identified. Reported at Bengaluru facility during shift 1.,In Progress,Hyderabad
2529,Shipment Delay,Medium,Rail transport delay impacted delivery timeline. Reported at Kolkata facility during shift 2.,In Progress,Chennai
2530,Damaged Goods,Low,Improper handling caused item breakage. Reported at Bengaluru facility during shift 1.,Resolved,Delhi
2531,Transportation Failure,High,Transportation network disruption reported. Reported at Delhi facility during shift 3.,In Progress,Bengaluru
2532,Inventory Shortage,Low,Warehouse stock shortage detected. Reported at Bengaluru facility during shift 2.,In Progress,Ahmedabad
2533,Customs Issue,Medium,Import permit approval pending. Reported at Pune facility during shift 1.,In Progress,Chennai
2534,Inventory Shortage,Medium,Inventory replenishment delayed. Reported at Mumbai facility during shift 2.,In Progress,Ahmedabad
2535,Transportation Failure,Medium,Trailer availability issue delayed dispatch. Reported at Kolkata facility during shift 1.,In Progress,Ahmedabad
2536,Shipment Delay,Medium,Mechanical failure delayed freight movement. Reported at Ahmedabad facility during shift 1.,Open,Hyderabad
2537,Documentation Error,Low,Customs paperwork contained errors. Reported at Chennai facility during shift 1.,Resolved,Hyderabad
2538,Shipment Delay,Medium,Shipment delayed due to customs inspection. Reported at Bengaluru facility during shift 3.,Open,Ahmedabad
2539,Transportation Failure,Medium,Driver unavailable for scheduled route. Reported at Ahmedabad facility during shift 2.,In Progress,Pune
2540,Shipment Delay,High,Driver shortage affected transportation schedule. Reported at Mumbai facility during shift 2.,In Progress,Chennai
2541,Customs Issue,Critical,Shipment selected for random inspection. Reported at Mumbai facility during shift 1.,In Progress,Pune
2542,Customs Issue,High,Regulatory approval pending clearance. Reported at Ahmedabad facility during shift 3.,In Progress,Delhi
2543,Inventory Shortage,Medium,Unexpected order spike exhausted stock. Reported at Bengaluru facility during shift 1.,In Progress,Kolkata
2544,Inventory Shortage,Low,Warehouse stock shortage detected. Reported at Chennai facility during shift 2.,Open,Bengaluru
2545,Transportation Failure,High,Route planning error delayed movement. Reported at Bengaluru facility during shift 2.,Open,Kolkata
2546,Documentation Error,Low,Documentation approval pending correction. Reported at Hyderabad facility during shift 1.,Open,Delhi
2547,Warehouse Issue,Medium,Warehouse stock mismatch identified. Reported at Hyderabad facility during shift 3.,Open,Bengaluru
2548,Transportation Failure,Medium,Trailer availability issue delayed dispatch. Reported at Delhi facility during shift 3.,Open,Ahmedabad
2549,Warehouse Issue,High,Order consolidation process delayed shipment. Reported at Pune facility during shift 3.,In Progress,Ahmedabad
2550,Damaged Goods,Medium,Container impact damaged shipment contents. Reported at Pune facility during shift 3.,Resolved,Delhi
2551,Customs Issue,High,Customs valuation dispute identified. Reported at Hyderabad facility during shift 3.,Open,Bengaluru
2552,Warehouse Issue,Low,Warehouse stock mismatch identified. Reported at Kolkata facility during shift 2.,Resolved,Hyderabad
2553,Transportation Failure,Critical,Equipment malfunction impacted transport operations. Reported at Kolkata facility during shift 1.,In Progress,Hyderabad
2554,Shipment Delay,Low,Holiday demand surge caused shipping delays. Reported at Delhi facility during shift 3.,Open,Bengaluru
2555,Transportation Failure,Medium,Trailer availability issue delayed dispatch. Reported at Delhi facility during shift 1.,Resolved,Pune
2556,Transportation Failure,Medium,Equipment malfunction impacted transport operations. Reported at Kolkata facility during shift 2.,In Progress,Mumbai
2557,Inventory Shortage,Low,Inventory replenishment delayed. Reported at Ahmedabad facility during shift 3.,In Progress,Chennai
2558,Transportation Failure,Medium,Fuel supply issue interrupted transportation. Reported at Kolkata facility during shift 1.,Open,Pune
2559,Damaged Goods,Medium,Product packaging torn during loading. Reported at Hyderabad facility during shift 1.,In Progress,Kolkata
2560,Documentation Error,High,Bill of lading information mismatch detected. Reported at Kolkata facility during shift 2.,In Progress,Bengaluru
2561,Documentation Error,Low,Invoice value discrepancy identified. Reported at Delhi facility during shift 2.,In Progress,Kolkata
2562,Warehouse Issue,Low,Picking error occurred in warehouse. Reported at Mumbai facility during shift 1.,Resolved,Chennai
2563,Inventory Shortage,High,Backordered items unavailable for dispatch. Reported at Kolkata facility during shift 2.,Resolved,Delhi
2564,Shipment Delay,Low,Shipment delayed due to customs inspection. Reported at Ahmedabad facility during shift 1.,In Progress,Pune
2565,Customs Issue,Medium,Customs valuation dispute identified. Reported at Pune facility during shift 3.,Open,Delhi
2566,Damaged Goods,Critical,Water exposure damaged packaged goods. Reported at Mumbai facility during shift 1.,Open,Chennai
2567,Documentation Error,High,Incorrect shipping documentation submitted. Reported at Bengaluru facility during shift 1.,In Progress,Mumbai
2568,Damaged Goods,High,Container impact damaged shipment contents. Reported at Hyderabad facility during shift 3.,Open,Hyderabad
2569,Inventory Shortage,High,Product unavailable due to inventory mismatch. Reported at Ahmedabad facility during shift 3.,Open,Mumbai
2570,Transportation Failure,Low,Route planning error delayed movement. Reported at Bengaluru facility during shift 3.,In Progress,Pune
2571,Customs Issue,Medium,Import documentation under review. Reported at Ahmedabad facility during shift 2.,Resolved,Hyderabad
2572,Damaged Goods,High,Fragile goods mishandled during unloading. Reported at Kolkata facility during shift 2.,Open,Hyderabad
2573,Customs Issue,Medium,Customs requested additional documentation. Reported at Bengaluru facility during shift 1.,Resolved,Delhi
2574,Shipment Delay,High,Truck breakdown caused delivery delay. Reported at Chennai facility during shift 3.,Open,Mumbai
2575,Transportation Failure,Low,Carrier failed to pick up shipment. Reported at Delhi facility during shift 3.,In Progress,Pune
2576,Documentation Error,Medium,Bill of lading information mismatch detected. Reported at Ahmedabad facility during shift 2.,Resolved,Hyderabad
2577,Customs Issue,Low,Border inspection extended shipment hold. Reported at Ahmedabad facility during shift 3.,Open,Kolkata
2578,Inventory Shortage,Low,Safety stock threshold breached. Reported at Mumbai facility during shift 1.,In Progress,Kolkata
2579,Inventory Shortage,Medium,Inventory reservation conflict identified. Reported at Ahmedabad facility during shift 2.,In Progress,Pune
2580,Transportation Failure,Critical,Carrier failed to pick up shipment. Reported at Pune facility during shift 3.,In Progress,Pune
2581,Warehouse Issue,High,Cycle count discrepancy identified. Reported at Delhi facility during shift 1.,Open,Hyderabad
2582,Transportation Failure,Low,Transport route disruption due to road closure. Reported at Ahmedabad facility during shift 2.,Open,Bengaluru
2583,Documentation Error,Critical,Documentation approval pending correction. Reported at Ahmedabad facility during shift 2.,Resolved,Delhi
2584,Transportation Failure,Medium,Delivery vehicle breakdown reported. Reported at Chennai facility during shift 3.,In Progress,Pune
2585,Damaged Goods,High,Package damaged during transportation. Reported at Mumbai facility during shift 2.,Resolved,Bengaluru
2586,Inventory Shortage,Medium,Inventory replenishment delayed. Reported at Pune facility during shift 3.,Resolved,Hyderabad
2587,Documentation Error,High,Purchase order details inconsistent. Reported at Bengaluru facility during shift 2.,Resolved,Chennai
2588,Transportation Failure,Critical,Equipment malfunction impacted transport operations. Reported at Hyderabad facility during shift 3.,In Progress,Chennai
2589,Damaged Goods,Medium,Water exposure damaged packaged goods. Reported at Chennai facility during shift 2.,Open,Ahmedabad
2590,Warehouse Issue,Critical,Order consolidation process delayed shipment. Reported at Kolkata facility during shift 2.,Resolved,Bengaluru
2591,Damaged Goods,Low,Transit vibration caused product defects. Reported at Bengaluru facility during shift 2.,Resolved,Chennai
2592,Warehouse Issue,Low,Warehouse processing backlog reported. Reported at Hyderabad facility during shift 2.,Resolved,Bengaluru
2593,Shipment Delay,Medium,Unexpected weather conditions slowed transportation. Reported at Ahmedabad facility during shift 1.,In Progress,Chennai
2594,Shipment Delay,High,Driver shortage affected transportation schedule. Reported at Hyderabad facility during shift 3.,Resolved,Kolkata
2595,Shipment Delay,Medium,Cargo loading completed behind schedule. Reported at Hyderabad facility during shift 3.,In Progress,Bengaluru
2596,Documentation Error,High,Missing certificate delayed shipment release. Reported at Hyderabad facility during shift 1.,In Progress,Pune
2597,Inventory Shortage,Medium,Backordered items unavailable for dispatch. Reported at Bengaluru facility during shift 1.,Open,Pune
2598,Customs Issue,Low,Border inspection extended shipment hold. Reported at Ahmedabad facility during shift 1.,Resolved,Hyderabad
2599,Inventory Shortage,Low,Raw material shortage impacted production. Reported at Hyderabad facility during shift 3.,Open,Kolkata
2600,Inventory Shortage,Low,Procurement delay affected inventory availability. Reported at Delhi facility during shift 2.,In Progress,Hyderabad
2601,Documentation Error,Critical,Data entry error impacted shipment records. Reported at Mumbai facility during shift 1.,Open,Chennai
2602,Inventory Shortage,Low,Product unavailable due to inventory mismatch. Reported at Hyderabad facility during shift 1.,In Progress,Pune
2603,Shipment Delay,Low,Cargo loading completed behind schedule. Reported at Ahmedabad facility during shift 3.,Resolved,Hyderabad
2604,Warehouse Issue,Medium,Picking error occurred in warehouse. Reported at Pune facility during shift 1.,In Progress,Bengaluru
2605,Documentation Error,High,Required compliance document missing. Reported at Chennai facility during shift 3.,Open,Mumbai
2606,Inventory Shortage,Medium,Inventory replenishment delayed. Reported at Pune facility during shift 1.,Resolved,Bengaluru
2607,Transportation Failure,Medium,Trailer availability issue delayed dispatch. Reported at Pune facility during shift 1.,In Progress,Kolkata
2608,Shipment Delay,Low,Driver shortage affected transportation schedule. Reported at Kolkata facility during shift 1.,Resolved,Ahmedabad
2609,Warehouse Issue,Low,Cycle count discrepancy identified. Reported at Mumbai facility during shift 3.,Resolved,Ahmedabad
2610,Documentation Error,Medium,Invoice value discrepancy identified. Reported at Ahmedabad facility during shift 2.,In Progress,Bengaluru
2611,Shipment Delay,Low,Shipment delayed due to customs inspection. Reported at Ahmedabad facility during shift 1.,In Progress,Chennai
2612,Customs Issue,Medium,Country-specific restriction affected import. Reported at Pune facility during shift 3.,Resolved,Chennai
2613,Damaged Goods,Low,Transit vibration caused product defects. Reported at Ahmedabad facility during shift 1.,Open,Mumbai
2614,Documentation Error,Medium,Customs paperwork contained errors. Reported at Ahmedabad facility during shift 2.,Resolved,Pune
2615,Shipment Delay,Medium,Rail transport delay impacted delivery timeline. Reported at Chennai facility during shift 3.,In Progress,Kolkata
2616,Damaged Goods,Critical,Package damaged during transportation. Reported at Mumbai facility during shift 1.,Resolved,Delhi
2617,Customs Issue,Low,Regulatory verification delayed release. Reported at Kolkata facility during shift 1.,In Progress,Mumbai
2618,Documentation Error,Medium,Incorrect consignee information provided. Reported at Mumbai facility during shift 2.,In Progress,Kolkata
2619,Shipment Delay,Low,Shipment delayed due to customs inspection. Reported at Hyderabad facility during shift 2.,Open,Delhi
2620,Documentation Error,Low,Documentation approval pending correction. Reported at Mumbai facility during shift 2.,In Progress,Pune
2621,Damaged Goods,Medium,Receiving inspection identified damaged goods. Reported at Mumbai facility during shift 1.,Resolved,Mumbai
2622,Inventory Shortage,High,Warehouse stock shortage detected. Reported at Hyderabad facility during shift 2.,Resolved,Mumbai
2623,Warehouse Issue,Medium,Put-away process delayed inventory availability. Reported at Hyderabad facility during shift 3.,Open,Kolkata
2624,Warehouse Issue,Critical,Order consolidation process delayed shipment. Reported at Chennai facility during shift 2.,In Progress,Mumbai
2625,Customs Issue,Low,Customs requested additional documentation. Reported at Hyderabad facility during shift 3.,Open,Mumbai
2626,Documentation Error,Low,Incorrect shipping documentation submitted. Reported at Mumbai facility during shift 2.,In Progress,Kolkata
2627,Documentation Error,Medium,Missing invoice delayed processing. Reported at Hyderabad facility during shift 1.,Resolved,Bengaluru
2628,Shipment Delay,Medium,Container missed connecting vessel. Reported at Delhi facility during shift 1.,Resolved,Mumbai
2629,Customs Issue,Low,Shipment selected for random inspection. Reported at Chennai facility during shift 2.,Resolved,Delhi
2630,Inventory Shortage,Low,Procurement delay affected inventory availability. Reported at Bengaluru facility during shift 2.,Resolved,Hyderabad
2631,Documentation Error,Medium,Invoice value discrepancy identified. Reported at Bengaluru facility during shift 2.,Open,Kolkata
2632,Inventory Shortage,High,Cycle count revealed stock deficiency. Reported at Kolkata facility during shift 1.,In Progress,Pune
2633,Inventory Shortage,Low,Supplier delay created inventory gap. Reported at Kolkata facility during shift 3.,Open,Mumbai
2634,Customs Issue,Medium,Tariff classification review in progress. Reported at Hyderabad facility during shift 3.,Open,Mumbai
2635,Transportation Failure,Low,Route planning error delayed movement. Reported at Bengaluru facility during shift 3.,Open,Delhi
2636,Warehouse Issue,Low,Dock congestion slowed warehouse throughput. Reported at Mumbai facility during shift 3.,Resolved,Chennai
2637,Inventory Shortage,Low,Demand exceeded available stock levels. Reported at Chennai facility during shift 3.,In Progress,Delhi
2638,Inventory Shortage,Low,Stockout occurred at fulfillment center. Reported at Mumbai facility during shift 3.,Open,Mumbai
2639,Warehouse Issue,Low,Put-away process delayed inventory availability. Reported at Chennai facility during shift 2.,Open,Ahmedabad
2640,Inventory Shortage,Medium,Inventory replenishment delayed. Reported at Mumbai facility during shift 2.,In Progress,Kolkata
2641,Customs Issue,Medium,Shipment flagged for compliance audit. Reported at Hyderabad facility during shift 2.,Resolved,Delhi
2642,Inventory Shortage,High,Supplier delay created inventory gap. Reported at Pune facility during shift 1.,Resolved,Bengaluru
2643,Transportation Failure,Low,Fleet utilization exceeded available capacity. Reported at Hyderabad facility during shift 2.,Open,Kolkata
2644,Transportation Failure,High,Carrier failed to pick up shipment. Reported at Chennai facility during shift 1.,Resolved,Hyderabad
2645,Inventory Shortage,Low,Supplier delay created inventory gap. Reported at Mumbai facility during shift 2.,In Progress,Delhi
2646,Transportation Failure,High,Third-party carrier cancelled shipment booking. Reported at Chennai facility during shift 2.,Resolved,Mumbai
2647,Documentation Error,Medium,Export declaration contained errors. Reported at Pune facility during shift 2.,In Progress,Bengaluru
2648,Customs Issue,Critical,Trade compliance review delayed processing. Reported at Hyderabad facility during shift 2.,In Progress,Delhi
2649,Transportation Failure,Low,Logistics partner experienced operational failure. Reported at Ahmedabad facility during shift 1.,Open,Ahmedabad
2650,Transportation Failure,Low,Logistics partner experienced operational failure. Reported at Delhi facility during shift 1.,In Progress,Hyderabad
2651,Customs Issue,Medium,Customs clearance process delayed. Reported at Hyderabad facility during shift 3.,In Progress,Kolkata
2652,Shipment Delay,High,Truck breakdown caused delivery delay. Reported at Mumbai facility during shift 1.,In Progress,Bengaluru
2653,Warehouse Issue,Medium,Dock congestion slowed warehouse throughput. Reported at Delhi facility during shift 3.,Resolved,Chennai
2654,Inventory Shortage,High,Warehouse stock shortage detected. Reported at Pune facility during shift 3.,In Progress,Pune
2655,Shipment Delay,Low,Last-mile delivery partner unavailable. Reported at Bengaluru facility during shift 1.,In Progress,Kolkata
2656,Damaged Goods,Low,Packaging failure led to damaged products. Reported at Hyderabad facility during shift 3.,In Progress,Pune
2657,Shipment Delay,Low,Delivery delayed due to traffic disruption. Reported at Ahmedabad facility during shift 3.,Open,Pune
2658,Shipment Delay,Medium,Holiday demand surge caused shipping delays. Reported at Pune facility during shift 2.,Open,Pune
2659,Transportation Failure,Low,Logistics partner experienced operational failure. Reported at Kolkata facility during shift 3.,Open,Mumbai
2660,Documentation Error,Medium,Shipping label generated with incorrect address. Reported at Delhi facility during shift 1.,Open,Bengaluru
2661,Transportation Failure,Medium,Fuel supply issue interrupted transportation. Reported at Mumbai facility during shift 1.,Resolved,Ahmedabad
2662,Customs Issue,Low,Import documentation under review. Reported at Bengaluru facility during shift 3.,In Progress,Mumbai
2663,Shipment Delay,Medium,Carrier scheduling issue caused shipment delay. Reported at Chennai facility during shift 3.,In Progress,Ahmedabad
2664,Inventory Shortage,Medium,Product unavailable due to inventory mismatch. Reported at Pune facility during shift 1.,Open,Hyderabad
2665,Warehouse Issue,Medium,Cycle count discrepancy identified. Reported at Bengaluru facility during shift 1.,In Progress,Delhi
2666,Customs Issue,High,Shipment selected for random inspection. Reported at Chennai facility during shift 2.,Open,Kolkata
2667,Damaged Goods,Medium,Product packaging torn during loading. Reported at Mumbai facility during shift 3.,Resolved,Hyderabad
2668,Shipment Delay,High,Delivery delayed due to traffic disruption. Reported at Pune facility during shift 2.,Resolved,Delhi
2669,Shipment Delay,Medium,Dispatch process delayed at origin facility. Reported at Mumbai facility during shift 3.,Resolved,Hyderabad
2670,Inventory Shortage,High,Inventory replenishment delayed. Reported at Delhi facility during shift 1.,Resolved,Delhi
2671,Inventory Shortage,Low,Inventory reservation conflict identified. Reported at Bengaluru facility during shift 1.,In Progress,Chennai
2672,Customs Issue,Low,Import permit approval pending. Reported at Bengaluru facility during shift 3.,Open,Bengaluru
2673,Damaged Goods,Medium,Fragile goods mishandled during unloading. Reported at Hyderabad facility during shift 3.,Resolved,Mumbai
2674,Warehouse Issue,Medium,Order consolidation process delayed shipment. Reported at Delhi facility during shift 2.,Open,Pune
2675,Shipment Delay,High,Cargo loading completed behind schedule. Reported at Delhi facility during shift 3.,In Progress,Mumbai
2676,Shipment Delay,Low,Driver shortage affected transportation schedule. Reported at Delhi facility during shift 1.,In Progress,Mumbai
2677,Transportation Failure,High,Logistics partner experienced operational failure. Reported at Delhi facility during shift 2.,Resolved,Pune
2678,Transportation Failure,Medium,Carrier failed to pick up shipment. Reported at Bengaluru facility during shift 2.,Resolved,Ahmedabad
2679,Damaged Goods,Low,Water exposure damaged packaged goods. Reported at Hyderabad facility during shift 3.,Resolved,Chennai
2680,Inventory Shortage,High,Supplier delay created inventory gap. Reported at Hyderabad facility during shift 2.,In Progress,Mumbai
2681,Warehouse Issue,Low,Cycle count discrepancy identified. Reported at Mumbai facility during shift 3.,Open,Bengaluru
2682,Customs Issue,Medium,Regulatory approval pending clearance. Reported at Mumbai facility during shift 3.,Resolved,Delhi
2683,Shipment Delay,High,Cargo loading completed behind schedule. Reported at Delhi facility during shift 3.,Open,Bengaluru
2684,Shipment Delay,Medium,Cargo loading completed behind schedule. Reported at Mumbai facility during shift 1.,Open,Pune
2685,Documentation Error,Low,Labeling information did not match shipment. Reported at Mumbai facility during shift 2.,Resolved,Delhi
2686,Warehouse Issue,Medium,Storage location information incorrect. Reported at Chennai facility during shift 2.,Open,Delhi
2687,Warehouse Issue,Medium,Space constraint affected storage operations. Reported at Bengaluru facility during shift 3.,Resolved,Delhi
2688,Documentation Error,High,Export declaration contained errors. Reported at Mumbai facility during shift 2.,Resolved,Mumbai
2689,Customs Issue,Low,Shipment selected for random inspection. Reported at Pune facility during shift 2.,In Progress,Pune
2690,Shipment Delay,High,Shipment delayed due to customs inspection. Reported at Chennai facility during shift 1.,Resolved,Chennai
2691,Warehouse Issue,Medium,Space constraint affected storage operations. Reported at Chennai facility during shift 1.,Resolved,Mumbai
2692,Shipment Delay,Critical,Dispatch process delayed at origin facility. Reported at Bengaluru facility during shift 2.,Open,Ahmedabad
2693,Warehouse Issue,High,Order consolidation process delayed shipment. Reported at Pune facility during shift 1.,Resolved,Chennai
2694,Customs Issue,Medium,Import documentation under review. Reported at Pune facility during shift 2.,Open,Hyderabad
2695,Warehouse Issue,Low,Inventory allocation issue detected. Reported at Hyderabad facility during shift 1.,Open,Ahmedabad
2696,Damaged Goods,Low,Improper handling caused item breakage. Reported at Mumbai facility during shift 1.,In Progress,Chennai
2697,Damaged Goods,Medium,Pallet collapse resulted in product damage. Reported at Ahmedabad facility during shift 1.,In Progress,Chennai
2698,Shipment Delay,Medium,Rail transport delay impacted delivery timeline. Reported at Chennai facility during shift 1.,Open,Kolkata
2699,Damaged Goods,Medium,Fragile goods mishandled during unloading. Reported at Pune facility during shift 1.,Resolved,Hyderabad
2700,Documentation Error,Medium,Customs paperwork contained errors. Reported at Kolkata facility during shift 2.,Open,Kolkata
2701,Inventory Shortage,Low,Unexpected order spike exhausted stock. Reported at Hyderabad facility during shift 3.,In Progress,Pune
2702,Customs Issue,High,Shipment held by customs authorities. Reported at Pune facility during shift 2.,Resolved,Kolkata
2703,Customs Issue,Medium,Shipment held by customs authorities. Reported at Chennai facility during shift 3.,In Progress,Bengaluru
2704,Inventory Shortage,Medium,Supplier delay created inventory gap. Reported at Ahmedabad facility during shift 3.,Open,Delhi
2705,Inventory Shortage,High,Product unavailable due to inventory mismatch. Reported at Chennai facility during shift 2.,Open,Kolkata
2706,Damaged Goods,Critical,Transit vibration caused product defects. Reported at Mumbai facility during shift 3.,Resolved,Chennai
2707,Damaged Goods,Low,Fragile goods mishandled during unloading. Reported at Hyderabad facility during shift 3.,In Progress,Ahmedabad
2708,Inventory Shortage,High,Backordered items unavailable for dispatch. Reported at Bengaluru facility during shift 2.,Open,Mumbai
2709,Transportation Failure,Medium,Vehicle maintenance issue halted delivery. Reported at Bengaluru facility during shift 1.,Open,Kolkata
2710,Documentation Error,Low,Missing certificate delayed shipment release. Reported at Hyderabad facility during shift 3.,Resolved,Hyderabad
2711,Transportation Failure,Low,Vehicle maintenance issue halted delivery. Reported at Delhi facility during shift 1.,In Progress,Delhi
2712,Damaged Goods,Low,Packaging failure led to damaged products. Reported at Kolkata facility during shift 1.,In Progress,Mumbai
2713,Transportation Failure,Low,Transportation network disruption reported. Reported at Chennai facility during shift 2.,Resolved,Kolkata
2714,Inventory Shortage,High,Safety stock threshold breached. Reported at Pune facility during shift 2.,Open,Delhi
2715,Transportation Failure,Medium,Third-party carrier cancelled shipment booking. Reported at Bengaluru facility during shift 3.,In Progress,Delhi
2716,Damaged Goods,Low,Forklift accident damaged inventory. Reported at Chennai facility during shift 3.,In Progress,Hyderabad
2717,Transportation Failure,Medium,Third-party carrier cancelled shipment booking. Reported at Hyderabad facility during shift 2.,Resolved,Chennai
2718,Warehouse Issue,Low,Warehouse processing backlog reported. Reported at Mumbai facility during shift 2.,Resolved,Delhi
2719,Warehouse Issue,Critical,Inventory allocation issue detected. Reported at Pune facility during shift 3.,In Progress,Chennai
2720,Customs Issue,Low,Regulatory approval pending clearance. Reported at Pune facility during shift 1.,Resolved,Chennai
2721,Warehouse Issue,Critical,Inventory allocation issue detected. Reported at Bengaluru facility during shift 1.,Open,Pune
2722,Inventory Shortage,Medium,Inventory reservation conflict identified. Reported at Hyderabad facility during shift 3.,Resolved,Mumbai
2723,Transportation Failure,High,Equipment malfunction impacted transport operations. Reported at Bengaluru facility during shift 1.,Open,Mumbai
2724,Customs Issue,Medium,Border security inspection caused delay. Reported at Ahmedabad facility during shift 3.,Open,Chennai
2725,Documentation Error,Low,Bill of lading information mismatch detected. Reported at Bengaluru facility during shift 3.,Resolved,Bengaluru
2726,Transportation Failure,Medium,Logistics partner experienced operational failure. Reported at Delhi facility during shift 2.,Open,Chennai
2727,Transportation Failure,Low,Transportation network disruption reported. Reported at Chennai facility during shift 3.,Open,Ahmedabad
2728,Warehouse Issue,Medium,Receiving delay impacted warehouse operations. Reported at Kolkata facility during shift 1.,Resolved,Kolkata
2729,Warehouse Issue,Critical,Inventory misplaced within storage area. Reported at Chennai facility during shift 1.,Open,Chennai
2730,Warehouse Issue,High,Warehouse stock mismatch identified. Reported at Mumbai facility during shift 2.,Open,Delhi
2731,Warehouse Issue,Medium,Cycle count discrepancy identified. Reported at Chennai facility during shift 1.,In Progress,Ahmedabad
2732,Customs Issue,High,Regulatory approval pending clearance. Reported at Ahmedabad facility during shift 2.,Resolved,Mumbai
2733,Customs Issue,High,Country-specific restriction affected import. Reported at Kolkata facility during shift 1.,Resolved,Bengaluru
2734,Transportation Failure,High,Driver unavailable for scheduled route. Reported at Pune facility during shift 1.,Open,Hyderabad
2735,Documentation Error,Medium,Missing invoice delayed processing. Reported at Mumbai facility during shift 3.,Resolved,Hyderabad
2736,Shipment Delay,Low,Cargo loading completed behind schedule. Reported at Hyderabad facility during shift 1.,Resolved,Ahmedabad
2737,Damaged Goods,Low,Transit vibration caused product defects. Reported at Chennai facility during shift 3.,In Progress,Bengaluru
2738,Inventory Shortage,Medium,Inventory reservation conflict identified. Reported at Delhi facility during shift 1.,Resolved,Delhi
2739,Shipment Delay,Medium,Unexpected weather conditions slowed transportation. Reported at Ahmedabad facility during shift 2.,In Progress,Mumbai
2740,Shipment Delay,High,Carrier scheduling issue caused shipment delay. Reported at Chennai facility during shift 3.,Resolved,Hyderabad
2741,Inventory Shortage,Low,Backordered items unavailable for dispatch. Reported at Kolkata facility during shift 3.,In Progress,Chennai
2742,Warehouse Issue,Medium,Space constraint affected storage operations. Reported at Pune facility during shift 1.,In Progress,Kolkata
2743,Transportation Failure,Medium,Third-party carrier cancelled shipment booking. Reported at Chennai facility during shift 3.,Open,Delhi
2744,Transportation Failure,Critical,Third-party carrier cancelled shipment booking. Reported at Chennai facility during shift 1.,Open,Bengaluru
2745,Damaged Goods,Low,Pallet collapse resulted in product damage. Reported at Kolkata facility during shift 3.,Open,Kolkata
2746,Inventory Shortage,Medium,Raw material shortage impacted production. Reported at Ahmedabad facility during shift 1.,Resolved,Bengaluru
2747,Shipment Delay,High,Port congestion delayed shipment arrival. Reported at Bengaluru facility during shift 2.,In Progress,Chennai
2748,Warehouse Issue,Medium,Order picking queue exceeded capacity. Reported at Delhi facility during shift 2.,In Progress,Ahmedabad
2749,Transportation Failure,Low,Third-party carrier cancelled shipment booking. Reported at Delhi facility during shift 3.,Resolved,Hyderabad
2750,Damaged Goods,Low,Packaging failure led to damaged products. Reported at Chennai facility during shift 1.,Resolved,Chennai
2751,Warehouse Issue,Medium,Inventory misplaced within storage area. Reported at Ahmedabad facility during shift 1.,Open,Ahmedabad
2752,Warehouse Issue,Low,Dock congestion slowed warehouse throughput. Reported at Delhi facility during shift 2.,Open,Pune
2753,Documentation Error,Low,Data entry error impacted shipment records. Reported at Mumbai facility during shift 1.,In Progress,Ahmedabad
2754,Customs Issue,High,Regulatory approval pending clearance. Reported at Chennai facility during shift 3.,Resolved,Pune
2755,Documentation Error,Low,Documentation approval pending correction. Reported at Mumbai facility during shift 2.,Open,Chennai
2756,Customs Issue,High,Import permit approval pending. Reported at Hyderabad facility during shift 3.,In Progress,Kolkata
2757,Warehouse Issue,Low,Cycle count discrepancy identified. Reported at Kolkata facility during shift 3.,Resolved,Ahmedabad
2758,Shipment Delay,Medium,Mechanical failure delayed freight movement. Reported at Hyderabad facility during shift 1.,In Progress,Kolkata
2759,Customs Issue,Medium,Border security inspection caused delay. Reported at Bengaluru facility during shift 1.,Open,Hyderabad
2760,Shipment Delay,Medium,Driver shortage affected transportation schedule. Reported at Hyderabad facility during shift 3.,Open,Delhi
2761,Inventory Shortage,Low,Product unavailable due to inventory mismatch. Reported at Delhi facility during shift 1.,Open,Kolkata
2762,Transportation Failure,Medium,Route planning error delayed movement. Reported at Chennai facility during shift 2.,Open,Ahmedabad
2763,Inventory Shortage,High,Supplier delay created inventory gap. Reported at Mumbai facility during shift 2.,Open,Ahmedabad
2764,Inventory Shortage,Medium,Procurement delay affected inventory availability. Reported at Bengaluru facility during shift 2.,Resolved,Bengaluru
2765,Documentation Error,Medium,Documentation approval pending correction. Reported at Bengaluru facility during shift 2.,Resolved,Pune
2766,Customs Issue,High,Border inspection extended shipment hold. Reported at Delhi facility during shift 3.,Open,Hyderabad
2767,Warehouse Issue,High,Warehouse stock mismatch identified. Reported at Pune facility during shift 2.,Open,Delhi
2768,Customs Issue,Low,Border security inspection caused delay. Reported at Kolkata facility during shift 2.,Open,Kolkata
2769,Documentation Error,Medium,Invoice value discrepancy identified. Reported at Pune facility during shift 3.,In Progress,Hyderabad
2770,Shipment Delay,Medium,Driver shortage affected transportation schedule. Reported at Kolkata facility during shift 3.,In Progress,Mumbai
2771,Warehouse Issue,Medium,Warehouse processing backlog reported. Reported at Chennai facility during shift 3.,In Progress,Mumbai
2772,Customs Issue,High,Trade compliance review delayed processing. Reported at Delhi facility during shift 1.,In Progress,Pune
2773,Warehouse Issue,High,Picking error occurred in warehouse. Reported at Hyderabad facility during shift 1.,In Progress,Delhi
2774,Inventory Shortage,Low,Cycle count revealed stock deficiency. Reported at Hyderabad facility during shift 3.,Open,Chennai
2775,Warehouse Issue,Low,Storage location information incorrect. Reported at Ahmedabad facility during shift 1.,Resolved,Kolkata
2776,Documentation Error,Critical,Purchase order details inconsistent. Reported at Kolkata facility during shift 1.,Open,Kolkata
2777,Documentation Error,Medium,Bill of lading information mismatch detected. Reported at Mumbai facility during shift 1.,Resolved,Pune
2778,Warehouse Issue,Critical,Warehouse staffing shortage reported. Reported at Chennai facility during shift 1.,In Progress,Chennai
2779,Documentation Error,Low,Missing certificate delayed shipment release. Reported at Hyderabad facility during shift 1.,Resolved,Mumbai
2780,Warehouse Issue,Medium,Put-away process delayed inventory availability. Reported at Pune facility during shift 1.,Open,Bengaluru
2781,Warehouse Issue,Medium,Cycle count discrepancy identified. Reported at Ahmedabad facility during shift 3.,Open,Chennai
2782,Customs Issue,Low,Customs requested additional documentation. Reported at Bengaluru facility during shift 3.,Open,Ahmedabad
2783,Transportation Failure,Low,Fleet utilization exceeded available capacity. Reported at Hyderabad facility during shift 2.,Resolved,Ahmedabad
2784,Inventory Shortage,Medium,Procurement delay affected inventory availability. Reported at Kolkata facility during shift 2.,Resolved,Delhi
2785,Damaged Goods,High,Package damaged during transportation. Reported at Mumbai facility during shift 3.,Resolved,Ahmedabad
2786,Transportation Failure,Medium,Trailer availability issue delayed dispatch. Reported at Chennai facility during shift 1.,Resolved,Mumbai
2787,Warehouse Issue,Medium,Space constraint affected storage operations. Reported at Hyderabad facility during shift 1.,Resolved,Hyderabad
2788,Shipment Delay,Medium,Unexpected weather conditions slowed transportation. Reported at Bengaluru facility during shift 1.,Open,Delhi
2789,Damaged Goods,Medium,Water exposure damaged packaged goods. Reported at Delhi facility during shift 1.,In Progress,Mumbai
2790,Transportation Failure,Low,Transportation vendor system outage reported. Reported at Mumbai facility during shift 2.,Open,Mumbai
2791,Shipment Delay,Medium,Rail transport delay impacted delivery timeline. Reported at Delhi facility during shift 1.,Open,Kolkata
2792,Inventory Shortage,Medium,Inventory reservation conflict identified. Reported at Pune facility during shift 1.,Resolved,Pune
2793,Transportation Failure,Medium,Transport route disruption due to road closure. Reported at Bengaluru facility during shift 1.,Resolved,Hyderabad
2794,Damaged Goods,Critical,Shipment contents damaged in transit. Reported at Chennai facility during shift 3.,Resolved,Pune
2795,Shipment Delay,Medium,Port congestion delayed shipment arrival. Reported at Kolkata facility during shift 2.,Open,Kolkata
2796,Damaged Goods,Medium,Shipment contents damaged in transit. Reported at Chennai facility during shift 1.,Resolved,Hyderabad
2797,Warehouse Issue,Medium,Picking error occurred in warehouse. Reported at Kolkata facility during shift 2.,Open,Ahmedabad
2798,Customs Issue,Medium,Shipment selected for random inspection. Reported at Ahmedabad facility during shift 3.,Open,Mumbai
2799,Shipment Delay,Low,Holiday demand surge caused shipping delays. Reported at Delhi facility during shift 3.,In Progress,Delhi
2800,Shipment Delay,Medium,Shipment rerouted causing additional transit time. Reported at Bengaluru facility during shift 2.,In Progress,Delhi
2801,Documentation Error,High,Labeling information did not match shipment. Reported at Pune facility during shift 3.,Resolved,Ahmedabad
2802,Inventory Shortage,High,Unexpected order spike exhausted stock. Reported at Kolkata facility during shift 1.,Resolved,Bengaluru
2803,Shipment Delay,Medium,Holiday demand surge caused shipping delays. Reported at Delhi facility during shift 3.,In Progress,Kolkata
2804,Shipment Delay,High,Container missed connecting vessel. Reported at Bengaluru facility during shift 3.,Resolved,Chennai
2805,Transportation Failure,Medium,Third-party carrier cancelled shipment booking. Reported at Kolkata facility during shift 2.,Open,Ahmedabad
2806,Transportation Failure,High,Equipment malfunction impacted transport operations. Reported at Chennai facility during shift 2.,In Progress,Bengaluru
2807,Transportation Failure,Medium,Transportation vendor system outage reported. Reported at Delhi facility during shift 1.,Open,Kolkata
2808,Documentation Error,High,Customs paperwork contained errors. Reported at Mumbai facility during shift 3.,Open,Bengaluru
2809,Customs Issue,Low,Customs requested additional documentation. Reported at Pune facility during shift 3.,In Progress,Pune
2810,Shipment Delay,Critical,Driver shortage affected transportation schedule. Reported at Pune facility during shift 3.,Open,Hyderabad
2811,Transportation Failure,Low,Route planning error delayed movement. Reported at Delhi facility during shift 3.,Resolved,Delhi
2812,Shipment Delay,Medium,Rail transport delay impacted delivery timeline. Reported at Delhi facility during shift 2.,In Progress,Chennai
2813,Documentation Error,Medium,Documentation approval pending correction. Reported at Hyderabad facility during shift 1.,Resolved,Hyderabad
2814,Warehouse Issue,Low,Inventory misplaced within storage area. Reported at Chennai facility during shift 1.,Open,Pune
2815,Warehouse Issue,High,Warehouse stock mismatch identified. Reported at Bengaluru facility during shift 3.,In Progress,Hyderabad
2816,Documentation Error,High,Required compliance document missing. Reported at Delhi facility during shift 2.,In Progress,Mumbai
2817,Customs Issue,Medium,Customs clearance process delayed. Reported at Hyderabad facility during shift 2.,Resolved,Ahmedabad
2818,Warehouse Issue,Medium,Space constraint affected storage operations. Reported at Chennai facility during shift 3.,Open,Pune
2819,Inventory Shortage,Medium,Demand exceeded available stock levels. Reported at Kolkata facility during shift 2.,Open,Delhi
2820,Shipment Delay,Medium,Mechanical failure delayed freight movement. Reported at Ahmedabad facility during shift 2.,Open,Mumbai
2821,Customs Issue,Medium,Customs valuation dispute identified. Reported at Ahmedabad facility during shift 2.,In Progress,Kolkata
2822,Documentation Error,Medium,Customs paperwork contained errors. Reported at Kolkata facility during shift 3.,Open,Delhi
2823,Damaged Goods,Critical,Temperature excursion affected product quality. Reported at Bengaluru facility during shift 2.,Open,Pune
2824,Customs Issue,Medium,Shipment flagged for compliance audit. Reported at Chennai facility during shift 2.,Resolved,Bengaluru
2825,Damaged Goods,Medium,Package damaged during transportation. Reported at Hyderabad facility during shift 1.,In Progress,Kolkata
2826,Transportation Failure,Medium,Equipment malfunction impacted transport operations. Reported at Pune facility during shift 3.,Open,Chennai
2827,Customs Issue,High,Customs clearance process delayed. Reported at Delhi facility during shift 2.,Open,Pune
2828,Warehouse Issue,Low,Receiving delay impacted warehouse operations. Reported at Hyderabad facility during shift 2.,Resolved,Kolkata
2829,Transportation Failure,Low,Route planning error delayed movement. Reported at Kolkata facility during shift 1.,Resolved,Hyderabad
2830,Inventory Shortage,Critical,Raw material shortage impacted production. Reported at Bengaluru facility during shift 3.,Resolved,Hyderabad
2831,Warehouse Issue,Medium,Order picking queue exceeded capacity. Reported at Bengaluru facility during shift 1.,Resolved,Mumbai
2832,Damaged Goods,Low,Pallet collapse resulted in product damage. Reported at Delhi facility during shift 2.,Resolved,Pune
2833,Inventory Shortage,Critical,Backordered items unavailable for dispatch. Reported at Pune facility during shift 3.,In Progress,Delhi
2834,Damaged Goods,Low,Pallet collapse resulted in product damage. Reported at Delhi facility during shift 3.,Resolved,Bengaluru
2835,Warehouse Issue,Medium,Put-away process delayed inventory availability. Reported at Bengaluru facility during shift 2.,Resolved,Pune
2836,Shipment Delay,High,Unexpected weather conditions slowed transportation. Reported at Mumbai facility during shift 3.,In Progress,Pune
2837,Shipment Delay,Low,Shipment rerouted causing additional transit time. Reported at Ahmedabad facility during shift 3.,In Progress,Pune
2838,Shipment Delay,High,Rail transport delay impacted delivery timeline. Reported at Pune facility during shift 2.,In Progress,Hyderabad
2839,Inventory Shortage,Medium,Warehouse stock shortage detected. Reported at Bengaluru facility during shift 2.,Open,Mumbai
2840,Warehouse Issue,Medium,Picking error occurred in warehouse. Reported at Ahmedabad facility during shift 3.,Open,Bengaluru
2841,Documentation Error,Low,Manifest information incomplete. Reported at Pune facility during shift 3.,Open,Mumbai
2842,Warehouse Issue,Medium,Receiving delay impacted warehouse operations. Reported at Bengaluru facility during shift 2.,In Progress,Hyderabad
2843,Transportation Failure,Low,Transport route disruption due to road closure. Reported at Pune facility during shift 2.,Open,Delhi
2844,Damaged Goods,Medium,Container impact damaged shipment contents. Reported at Bengaluru facility during shift 2.,Resolved,Mumbai
2845,Inventory Shortage,High,Unexpected order spike exhausted stock. Reported at Kolkata facility during shift 2.,Open,Chennai
2846,Documentation Error,High,Required compliance document missing. Reported at Delhi facility during shift 3.,Open,Hyderabad
2847,Warehouse Issue,High,Space constraint affected storage operations. Reported at Mumbai facility during shift 1.,Open,Ahmedabad
2848,Transportation Failure,Medium,Route planning error delayed movement. Reported at Mumbai facility during shift 3.,In Progress,Chennai
2849,Documentation Error,Low,Data entry error impacted shipment records. Reported at Delhi facility during shift 2.,In Progress,Delhi
2850,Inventory Shortage,Low,Inventory reservation conflict identified. Reported at Pune facility during shift 2.,Open,Pune
2851,Documentation Error,Low,Invoice value discrepancy identified. Reported at Kolkata facility during shift 2.,In Progress,Kolkata
2852,Warehouse Issue,Medium,Space constraint affected storage operations. Reported at Ahmedabad facility during shift 3.,In Progress,Delhi
2853,Inventory Shortage,Medium,Inventory forecast underestimated demand. Reported at Pune facility during shift 3.,Resolved,Hyderabad
2854,Documentation Error,Medium,Missing certificate delayed shipment release. Reported at Pune facility during shift 3.,In Progress,Pune
2855,Warehouse Issue,Medium,Put-away process delayed inventory availability. Reported at Hyderabad facility during shift 1.,In Progress,Mumbai
2856,Shipment Delay,Low,Driver shortage affected transportation schedule. Reported at Kolkata facility during shift 2.,Open,Chennai
2857,Shipment Delay,Medium,Port congestion delayed shipment arrival. Reported at Hyderabad facility during shift 2.,Resolved,Bengaluru
2858,Shipment Delay,High,Unexpected weather conditions slowed transportation. Reported at Delhi facility during shift 3.,Open,Pune
2859,Warehouse Issue,Low,Receiving delay impacted warehouse operations. Reported at Mumbai facility during shift 1.,In Progress,Ahmedabad
2860,Shipment Delay,Medium,Cargo loading completed behind schedule. Reported at Bengaluru facility during shift 3.,Resolved,Delhi
2861,Customs Issue,Low,Customs clearance process delayed. Reported at Hyderabad facility during shift 2.,Resolved,Kolkata
2862,Transportation Failure,Medium,Route planning error delayed movement. Reported at Ahmedabad facility during shift 1.,Resolved,Bengaluru
2863,Transportation Failure,Critical,Fleet utilization exceeded available capacity. Reported at Ahmedabad facility during shift 3.,Resolved,Kolkata
2864,Inventory Shortage,Medium,Procurement delay affected inventory availability. Reported at Chennai facility during shift 1.,Resolved,Delhi
2865,Damaged Goods,Medium,Shipment contents damaged in transit. Reported at Bengaluru facility during shift 1.,Open,Mumbai
2866,Customs Issue,Low,Import documentation under review. Reported at Bengaluru facility during shift 1.,Resolved,Delhi
2867,Warehouse Issue,Medium,Dock congestion slowed warehouse throughput. Reported at Chennai facility during shift 3.,Open,Chennai
2868,Transportation Failure,Medium,Equipment malfunction impacted transport operations. Reported at Chennai facility during shift 1.,In Progress,Hyderabad
2869,Transportation Failure,Medium,Carrier failed to pick up shipment. Reported at Bengaluru facility during shift 3.,In Progress,Chennai
2870,Documentation Error,Medium,Customs paperwork contained errors. Reported at Ahmedabad facility during shift 2.,Open,Ahmedabad
2871,Inventory Shortage,Medium,Unexpected order spike exhausted stock. Reported at Delhi facility during shift 2.,In Progress,Hyderabad
2872,Customs Issue,Low,Customs requested additional documentation. Reported at Hyderabad facility during shift 2.,Open,Chennai
2873,Damaged Goods,High,Goods arrived with visible damage. Reported at Mumbai facility during shift 3.,Resolved,Ahmedabad
2874,Transportation Failure,Low,Trailer availability issue delayed dispatch. Reported at Bengaluru facility during shift 3.,Open,Delhi
2875,Customs Issue,Medium,Import permit approval pending. Reported at Mumbai facility during shift 3.,Open,Ahmedabad
2876,Customs Issue,High,Border inspection extended shipment hold. Reported at Bengaluru facility during shift 2.,Resolved,Bengaluru
2877,Documentation Error,Medium,Missing certificate delayed shipment release. Reported at Delhi facility during shift 1.,Open,Delhi
2878,Documentation Error,Medium,Documentation approval pending correction. Reported at Bengaluru facility during shift 3.,Open,Mumbai
2879,Customs Issue,High,Tariff classification review in progress. Reported at Pune facility during shift 3.,Open,Hyderabad
2880,Inventory Shortage,High,Backordered items unavailable for dispatch. Reported at Delhi facility during shift 1.,In Progress,Pune
2881,Customs Issue,Medium,Border inspection extended shipment hold. Reported at Bengaluru facility during shift 2.,In Progress,Hyderabad
2882,Transportation Failure,Medium,Transport route disruption due to road closure. Reported at Ahmedabad facility during shift 3.,Resolved,Ahmedabad
2883,Inventory Shortage,Low,Inventory replenishment delayed. Reported at Kolkata facility during shift 2.,Open,Pune
2884,Damaged Goods,High,Transit vibration caused product defects. Reported at Hyderabad facility during shift 3.,In Progress,Mumbai
2885,Inventory Shortage,High,Warehouse unable to fulfill requested quantity. Reported at Ahmedabad facility during shift 3.,Resolved,Ahmedabad
2886,Shipment Delay,Low,Port congestion delayed shipment arrival. Reported at Delhi facility during shift 2.,Open,Pune
2887,Inventory Shortage,Critical,Raw material shortage impacted production. Reported at Ahmedabad facility during shift 3.,Resolved,Mumbai
2888,Inventory Shortage,Medium,Inventory forecast underestimated demand. Reported at Pune facility during shift 1.,Resolved,Bengaluru
2889,Inventory Shortage,High,Inventory replenishment delayed. Reported at Chennai facility during shift 3.,Open,Delhi
2890,Warehouse Issue,High,Receiving delay impacted warehouse operations. Reported at Kolkata facility during shift 3.,Open,Bengaluru
2891,Inventory Shortage,High,Warehouse stock shortage detected. Reported at Chennai facility during shift 2.,In Progress,Ahmedabad
2892,Documentation Error,Medium,Labeling information did not match shipment. Reported at Ahmedabad facility during shift 2.,Resolved,Pune
2893,Customs Issue,Low,Shipment flagged for compliance audit. Reported at Pune facility during shift 1.,Resolved,Kolkata
2894,Shipment Delay,Low,Driver shortage affected transportation schedule. Reported at Chennai facility during shift 1.,In Progress,Bengaluru
2895,Transportation Failure,High,Accident blocked scheduled delivery route. Reported at Mumbai facility during shift 3.,Resolved,Pune
2896,Shipment Delay,High,Last-mile delivery partner unavailable. Reported at Mumbai facility during shift 2.,Open,Bengaluru
2897,Warehouse Issue,High,Put-away process delayed inventory availability. Reported at Mumbai facility during shift 1.,Resolved,Delhi
2898,Warehouse Issue,Low,Order consolidation process delayed shipment. Reported at Pune facility during shift 3.,In Progress,Bengaluru
2899,Transportation Failure,Medium,Vehicle maintenance issue halted delivery. Reported at Bengaluru facility during shift 1.,Open,Chennai
2900,Documentation Error,Low,Purchase order details inconsistent. Reported at Ahmedabad facility during shift 1.,Resolved,Ahmedabad
2901,Shipment Delay,Medium,Rail transport delay impacted delivery timeline. Reported at Mumbai facility during shift 1.,Resolved,Delhi
2902,Customs Issue,Low,Import documentation under review. Reported at Mumbai facility during shift 1.,Resolved,Ahmedabad
2903,Transportation Failure,Low,Fleet utilization exceeded available capacity. Reported at Delhi facility during shift 1.,Resolved,Mumbai
2904,Shipment Delay,Low,Truck breakdown caused delivery delay. Reported at Kolkata facility during shift 2.,Open,Chennai
2905,Shipment Delay,Low,Rail transport delay impacted delivery timeline. Reported at Chennai facility during shift 2.,In Progress,Ahmedabad
2906,Inventory Shortage,Low,Demand exceeded available stock levels. Reported at Bengaluru facility during shift 1.,Open,Kolkata
2907,Transportation Failure,Low,Driver unavailable for scheduled route. Reported at Bengaluru facility during shift 3.,Open,Ahmedabad
2908,Customs Issue,Low,Country-specific restriction affected import. Reported at Hyderabad facility during shift 3.,In Progress,Delhi
2909,Shipment Delay,High,Truck breakdown caused delivery delay. Reported at Hyderabad facility during shift 1.,Resolved,Kolkata
2910,Customs Issue,High,Shipment flagged for compliance audit. Reported at Delhi facility during shift 2.,Resolved,Pune
2911,Inventory Shortage,Low,Inventory replenishment delayed. Reported at Hyderabad facility during shift 2.,Resolved,Bengaluru
2912,Customs Issue,High,Trade compliance review delayed processing. Reported at Pune facility during shift 2.,Open,Chennai
2913,Warehouse Issue,Medium,Order consolidation process delayed shipment. Reported at Bengaluru facility during shift 3.,Resolved,Pune
2914,Inventory Shortage,High,Unexpected order spike exhausted stock. Reported at Ahmedabad facility during shift 1.,Open,Ahmedabad
2915,Shipment Delay,Medium,Port congestion delayed shipment arrival. Reported at Hyderabad facility during shift 1.,In Progress,Pune
2916,Documentation Error,High,Incorrect consignee information provided. Reported at Kolkata facility during shift 2.,Open,Bengaluru
2917,Warehouse Issue,High,Warehouse stock mismatch identified. Reported at Hyderabad facility during shift 1.,Open,Chennai
2918,Inventory Shortage,Low,Inventory forecast underestimated demand. Reported at Chennai facility during shift 2.,Resolved,Delhi
2919,Transportation Failure,Low,Logistics partner experienced operational failure. Reported at Ahmedabad facility during shift 2.,Resolved,Chennai
2920,Transportation Failure,Medium,Equipment malfunction impacted transport operations. Reported at Mumbai facility during shift 2.,Resolved,Chennai
2921,Transportation Failure,High,Logistics partner experienced operational failure. Reported at Delhi facility during shift 1.,Resolved,Mumbai
2922,Damaged Goods,High,Water exposure damaged packaged goods. Reported at Hyderabad facility during shift 1.,Resolved,Chennai
2923,Inventory Shortage,Low,Procurement delay affected inventory availability. Reported at Hyderabad facility during shift 1.,Open,Chennai
2924,Documentation Error,Medium,Incorrect consignee information provided. Reported at Kolkata facility during shift 2.,Resolved,Ahmedabad
2925,Damaged Goods,Low,Pallet collapse resulted in product damage. Reported at Hyderabad facility during shift 3.,In Progress,Pune
2926,Damaged Goods,Critical,Shipment contents damaged in transit. Reported at Kolkata facility during shift 1.,In Progress,Ahmedabad
2927,Warehouse Issue,Medium,Picking error occurred in warehouse. Reported at Delhi facility during shift 2.,Open,Mumbai
2928,Shipment Delay,High,Cargo loading completed behind schedule. Reported at Chennai facility during shift 1.,Resolved,Mumbai
2929,Shipment Delay,High,Unexpected weather conditions slowed transportation. Reported at Chennai facility during shift 3.,Resolved,Bengaluru
2930,Shipment Delay,High,Last-mile delivery partner unavailable. Reported at Kolkata facility during shift 2.,Open,Ahmedabad
2931,Inventory Shortage,Low,Supplier delay created inventory gap. Reported at Chennai facility during shift 3.,Open,Pune
2932,Transportation Failure,Low,Transport route disruption due to road closure. Reported at Delhi facility during shift 3.,Resolved,Mumbai
2933,Damaged Goods,Low,Packaging failure led to damaged products. Reported at Chennai facility during shift 2.,Resolved,Chennai
2934,Transportation Failure,Low,Fleet utilization exceeded available capacity. Reported at Mumbai facility during shift 1.,Resolved,Bengaluru
2935,Damaged Goods,Medium,Product packaging torn during loading. Reported at Chennai facility during shift 2.,Resolved,Hyderabad
2936,Transportation Failure,Low,Vehicle maintenance issue halted delivery. Reported at Bengaluru facility during shift 2.,Resolved,Bengaluru
2937,Shipment Delay,Medium,Shipment delayed due to customs inspection. Reported at Kolkata facility during shift 1.,Resolved,Pune
2938,Transportation Failure,Low,Fuel supply issue interrupted transportation. Reported at Kolkata facility during shift 3.,Open,Bengaluru
2939,Shipment Delay,Low,Cargo loading completed behind schedule. Reported at Chennai facility during shift 2.,Resolved,Bengaluru
2940,Documentation Error,Critical,Purchase order details inconsistent. Reported at Delhi facility during shift 2.,In Progress,Kolkata
2941,Transportation Failure,Medium,Transportation network disruption reported. Reported at Delhi facility during shift 1.,Open,Bengaluru
2942,Warehouse Issue,Low,Storage location information incorrect. Reported at Ahmedabad facility during shift 1.,In Progress,Kolkata
2943,Transportation Failure,Critical,Fuel supply issue interrupted transportation. Reported at Mumbai facility during shift 2.,Resolved,Chennai
2944,Warehouse Issue,Medium,Picking error occurred in warehouse. Reported at Mumbai facility during shift 1.,In Progress,Ahmedabad
2945,Shipment Delay,Low,Mechanical failure delayed freight movement. Reported at Hyderabad facility during shift 1.,Resolved,Hyderabad
2946,Documentation Error,Medium,Bill of lading information mismatch detected. Reported at Mumbai facility during shift 3.,Resolved,Hyderabad
2947,Documentation Error,Medium,Incorrect shipping documentation submitted. Reported at Pune facility during shift 1.,Resolved,Mumbai
2948,Damaged Goods,Low,Warehouse accident damaged stored inventory. Reported at Delhi facility during shift 1.,Resolved,Chennai
2949,Warehouse Issue,High,Cycle count discrepancy identified. Reported at Hyderabad facility during shift 3.,In Progress,Kolkata
2950,Warehouse Issue,Low,Cycle count discrepancy identified. Reported at Ahmedabad facility during shift 3.,Open,Bengaluru
2951,Transportation Failure,Low,Route planning error delayed movement. Reported at Ahmedabad facility during shift 3.,In Progress,Kolkata
2952,Documentation Error,Medium,Labeling information did not match shipment. Reported at Hyderabad facility during shift 1.,In Progress,Mumbai
2953,Inventory Shortage,Critical,Demand exceeded available stock levels. Reported at Ahmedabad facility during shift 2.,In Progress,Ahmedabad
2954,Documentation Error,High,Required compliance document missing. Reported at Bengaluru facility during shift 1.,In Progress,Kolkata
2955,Inventory Shortage,Medium,Demand exceeded available stock levels. Reported at Hyderabad facility during shift 3.,Open,Ahmedabad
2956,Warehouse Issue,High,Warehouse stock mismatch identified. Reported at Mumbai facility during shift 3.,In Progress,Delhi
2957,Transportation Failure,Low,Transportation network disruption reported. Reported at Delhi facility during shift 1.,Open,Ahmedabad
2958,Warehouse Issue,Low,Order consolidation process delayed shipment. Reported at Delhi facility during shift 1.,Open,Delhi
2959,Customs Issue,High,Customs valuation dispute identified. Reported at Chennai facility during shift 3.,Resolved,Hyderabad
2960,Shipment Delay,Medium,Holiday demand surge caused shipping delays. Reported at Mumbai facility during shift 1.,Resolved,Ahmedabad
2961,Inventory Shortage,Critical,Warehouse unable to fulfill requested quantity. Reported at Mumbai facility during shift 1.,Open,Hyderabad
2962,Customs Issue,Critical,Shipment flagged for compliance audit. Reported at Chennai facility during shift 1.,In Progress,Hyderabad
2963,Damaged Goods,High,Temperature excursion affected product quality. Reported at Delhi facility during shift 1.,In Progress,Pune
2964,Documentation Error,Critical,Labeling information did not match shipment. Reported at Bengaluru facility during shift 3.,Resolved,Pune
2965,Transportation Failure,Low,Trailer availability issue delayed dispatch. Reported at Chennai facility during shift 3.,Open,Hyderabad
2966,Documentation Error,Medium,Incorrect shipping documentation submitted. Reported at Kolkata facility during shift 2.,Resolved,Mumbai
2967,Warehouse Issue,Medium,Warehouse staffing shortage reported. Reported at Delhi facility during shift 1.,Open,Hyderabad
2968,Documentation Error,Medium,Purchase order details inconsistent. Reported at Mumbai facility during shift 3.,Open,Ahmedabad
2969,Customs Issue,Medium,Trade compliance review delayed processing. Reported at Hyderabad facility during shift 1.,In Progress,Delhi
2970,Transportation Failure,Critical,Equipment malfunction impacted transport operations. Reported at Kolkata facility during shift 3.,Resolved,Ahmedabad
2971,Customs Issue,Low,Customs valuation dispute identified. Reported at Chennai facility during shift 2.,In Progress,Bengaluru
2972,Customs Issue,High,Customs clearance process delayed. Reported at Hyderabad facility during shift 1.,In Progress,Mumbai
2973,Damaged Goods,High,Pallet collapse resulted in product damage. Reported at Chennai facility during shift 2.,Resolved,Bengaluru
2974,Inventory Shortage,High,Inventory forecast underestimated demand. Reported at Hyderabad facility during shift 3.,Resolved,Bengaluru
2975,Damaged Goods,Low,Packaging failure led to damaged products. Reported at Kolkata facility during shift 2.,In Progress,Kolkata
2976,Inventory Shortage,Critical,Stockout occurred at fulfillment center. Reported at Chennai facility during shift 3.,Resolved,Hyderabad
2977,Warehouse Issue,Medium,Cycle count discrepancy identified. Reported at Kolkata facility during shift 2.,Resolved,Hyderabad
2978,Documentation Error,Medium,Purchase order details inconsistent. Reported at Chennai facility during shift 2.,In Progress,Delhi
2979,Shipment Delay,Medium,Last-mile delivery partner unavailable. Reported at Chennai facility during shift 1.,Open,Kolkata
2980,Inventory Shortage,High,Inventory replenishment delayed. Reported at Pune facility during shift 3.,Resolved,Kolkata
2981,Damaged Goods,Medium,Temperature excursion affected product quality. Reported at Delhi facility during shift 1.,Resolved,Bengaluru
2982,Damaged Goods,Medium,Temperature excursion affected product quality. Reported at Kolkata facility during shift 3.,Open,Chennai
2983,Transportation Failure,Medium,Carrier failed to pick up shipment. Reported at Hyderabad facility during shift 2.,Resolved,Ahmedabad
2984,Documentation Error,Low,Documentation approval pending correction. Reported at Mumbai facility during shift 2.,Open,Mumbai
2985,Damaged Goods,Medium,Product packaging torn during loading. Reported at Bengaluru facility during shift 1.,Resolved,Bengaluru
2986,Damaged Goods,High,Fragile goods mishandled during unloading. Reported at Delhi facility during shift 1.,Open,Bengaluru
2987,Inventory Shortage,Medium,Inventory forecast underestimated demand. Reported at Kolkata facility during shift 1.,Open,Chennai
2988,Damaged Goods,Medium,Water exposure damaged packaged goods. Reported at Mumbai facility during shift 2.,Resolved,Chennai
2989,Inventory Shortage,Medium,Safety stock threshold breached. Reported at Hyderabad facility during shift 2.,In Progress,Mumbai
2990,Documentation Error,Medium,Missing invoice delayed processing. Reported at Kolkata facility during shift 2.,Open,Hyderabad
2991,Damaged Goods,High,Package damaged during transportation. Reported at Kolkata facility during shift 2.,In Progress,Ahmedabad
2992,Customs Issue,Low,Customs clearance process delayed. Reported at Delhi facility during shift 3.,Resolved,Chennai
2993,Documentation Error,Medium,Labeling information did not match shipment. Reported at Chennai facility during shift 2.,Resolved,Delhi
2994,Shipment Delay,Low,Carrier scheduling issue caused shipment delay. Reported at Mumbai facility during shift 2.,Resolved,Mumbai
2995,Warehouse Issue,Low,Warehouse processing backlog reported. Reported at Pune facility during shift 3.,In Progress,Kolkata
2996,Damaged Goods,Medium,Temperature excursion affected product quality. Reported at Kolkata facility during shift 3.,Resolved,Bengaluru
2997,Customs Issue,Medium,Border security inspection caused delay. Reported at Kolkata facility during shift 3.,In Progress,Hyderabad
2998,Documentation Error,High,Purchase order details inconsistent. Reported at Hyderabad facility during shift 3.,Open,Pune
2999,Damaged Goods,High,Container impact damaged shipment contents. Reported at Hyderabad facility during shift 2.,Open,Mumbai
3000,Shipment Delay,Medium,Rail transport delay impacted delivery timeline. Reported at Delhi facility during shift 3.,Open,Chennai
3001,Warehouse Issue,Low,Dock congestion slowed warehouse throughput. Reported at Ahmedabad facility during shift 2.,In Progress,Chennai
3002,Damaged Goods,Low,Product packaging torn during loading. Reported at Mumbai facility during shift 2.,Resolved,Chennai
3003,Inventory Shortage,Medium,Inventory reservation conflict identified. Reported at Kolkata facility during shift 1.,Open,Kolkata
3004,Customs Issue,Medium,Customs valuation dispute identified. Reported at Delhi facility during shift 1.,In Progress,Pune
3005,Damaged Goods,Medium,Container impact damaged shipment contents. Reported at Chennai facility during shift 2.,Open,Chennai
3006,Documentation Error,Low,Missing certificate delayed shipment release. Reported at Hyderabad facility during shift 1.,Resolved,Hyderabad
3007,Inventory Shortage,Critical,Warehouse stock shortage detected. Reported at Hyderabad facility during shift 2.,Resolved,Hyderabad
3008,Warehouse Issue,Medium,Order consolidation process delayed shipment. Reported at Kolkata facility during shift 2.,Open,Pune
3009,Warehouse Issue,Low,Order picking queue exceeded capacity. Reported at Hyderabad facility during shift 1.,In Progress,Pune
3010,Transportation Failure,High,Transportation network disruption reported. Reported at Pune facility during shift 2.,In Progress,Chennai
3011,Documentation Error,Critical,Export declaration contained errors. Reported at Hyderabad facility during shift 2.,Open,Chennai
3012,Transportation Failure,Low,Carrier failed to pick up shipment. Reported at Bengaluru facility during shift 2.,In Progress,Kolkata
3013,Warehouse Issue,Medium,Storage location information incorrect. Reported at Delhi facility during shift 2.,In Progress,Chennai
3014,Shipment Delay,Medium,Delivery delayed due to traffic disruption. Reported at Pune facility during shift 3.,Open,Chennai
3015,Shipment Delay,High,Dispatch process delayed at origin facility. Reported at Kolkata facility during shift 1.,Open,Delhi
3016,Inventory Shortage,Medium,Stockout occurred at fulfillment center. Reported at Delhi facility during shift 2.,In Progress,Ahmedabad
3017,Damaged Goods,Medium,Pallet collapse resulted in product damage. Reported at Delhi facility during shift 2.,In Progress,Chennai
3018,Shipment Delay,High,Truck breakdown caused delivery delay. Reported at Delhi facility during shift 2.,Open,Mumbai
3019,Damaged Goods,High,Receiving inspection identified damaged goods. Reported at Hyderabad facility during shift 3.,Resolved,Kolkata
3020,Shipment Delay,Medium,Shipment delayed due to customs inspection. Reported at Chennai facility during shift 1.,Resolved,Kolkata
3021,Transportation Failure,Low,Equipment malfunction impacted transport operations. Reported at Ahmedabad facility during shift 3.,Open,Delhi
3022,Documentation Error,Critical,Documentation approval pending correction. Reported at Pune facility during shift 2.,Open,Hyderabad
3023,Transportation Failure,High,Carrier failed to pick up shipment. Reported at Kolkata facility during shift 2.,Resolved,Kolkata
3024,Shipment Delay,Low,Port congestion delayed shipment arrival. Reported at Mumbai facility during shift 1.,Resolved,Hyderabad
3025,Inventory Shortage,Low,Procurement delay affected inventory availability. Reported at Ahmedabad facility during shift 2.,In Progress,Kolkata
3026,Warehouse Issue,Medium,Space constraint affected storage operations. Reported at Chennai facility during shift 2.,Resolved,Delhi
3027,Damaged Goods,Low,Shipment contents damaged in transit. Reported at Delhi facility during shift 2.,Resolved,Bengaluru
3028,Documentation Error,High,Incorrect consignee information provided. Reported at Hyderabad facility during shift 2.,In Progress,Chennai
3029,Shipment Delay,Medium,Shipment rerouted causing additional transit time. Reported at Kolkata facility during shift 2.,In Progress,Hyderabad
3030,Customs Issue,Low,Import permit approval pending. Reported at Pune facility during shift 3.,Open,Mumbai
3031,Shipment Delay,Critical,Port congestion delayed shipment arrival. Reported at Bengaluru facility during shift 1.,In Progress,Hyderabad
3032,Warehouse Issue,Critical,Inventory misplaced within storage area. Reported at Ahmedabad facility during shift 3.,Resolved,Mumbai
3033,Transportation Failure,Low,Fleet utilization exceeded available capacity. Reported at Kolkata facility during shift 1.,In Progress,Delhi
3034,Transportation Failure,High,Carrier failed to pick up shipment. Reported at Chennai facility during shift 1.,Resolved,Kolkata
3035,Customs Issue,Medium,Import documentation under review. Reported at Mumbai facility during shift 2.,Open,Chennai
3036,Warehouse Issue,High,Warehouse staffing shortage reported. Reported at Mumbai facility during shift 3.,Open,Chennai
3037,Damaged Goods,Medium,Water exposure damaged packaged goods. Reported at Bengaluru facility during shift 1.,Open,Pune
3038,Customs Issue,Medium,Shipment flagged for compliance audit. Reported at Delhi facility during shift 2.,Open,Pune
3039,Warehouse Issue,Low,Warehouse processing backlog reported. Reported at Hyderabad facility during shift 1.,Resolved,Mumbai
3040,Documentation Error,Medium,Missing invoice delayed processing. Reported at Kolkata facility during shift 2.,In Progress,Mumbai
3041,Warehouse Issue,Low,Order picking queue exceeded capacity. Reported at Pune facility during shift 1.,In Progress,Pune
3042,Damaged Goods,High,Shipment contents damaged in transit. Reported at Kolkata facility during shift 1.,Open,Pune
3043,Customs Issue,Medium,Customs clearance process delayed. Reported at Ahmedabad facility during shift 3.,In Progress,Mumbai
3044,Shipment Delay,Medium,Shipment rerouted causing additional transit time. Reported at Pune facility during shift 1.,Open,Delhi
3045,Documentation Error,High,Export declaration contained errors. Reported at Hyderabad facility during shift 3.,Resolved,Kolkata
3046,Documentation Error,Medium,Labeling information did not match shipment. Reported at Delhi facility during shift 3.,In Progress,Pune
3047,Transportation Failure,Low,Route planning error delayed movement. Reported at Delhi facility during shift 2.,In Progress,Delhi
3048,Damaged Goods,High,Pallet collapse resulted in product damage. Reported at Bengaluru facility during shift 1.,Resolved,Kolkata
3049,Customs Issue,Low,Regulatory verification delayed release. Reported at Delhi facility during shift 2.,Open,Bengaluru
3050,Documentation Error,Low,Export declaration contained errors. Reported at Delhi facility during shift 3.,Resolved,Mumbai
3051,Inventory Shortage,Medium,Product unavailable due to inventory mismatch. Reported at Ahmedabad facility during shift 1.,Open,Bengaluru
3052,Inventory Shortage,Medium,Backordered items unavailable for dispatch. Reported at Chennai facility during shift 3.,Open,Delhi
3053,Inventory Shortage,Low,Product unavailable due to inventory mismatch. Reported at Chennai facility during shift 1.,Open,Delhi
3054,Shipment Delay,Medium,Shipment delayed due to customs inspection. Reported at Mumbai facility during shift 3.,In Progress,Kolkata
3055,Transportation Failure,Medium,Transport route disruption due to road closure. Reported at Chennai facility during shift 1.,Resolved,Ahmedabad
3056,Customs Issue,Medium,Tariff classification review in progress. Reported at Mumbai facility during shift 1.,In Progress,Bengaluru
3057,Damaged Goods,Low,Pallet collapse resulted in product damage. Reported at Mumbai facility during shift 2.,Resolved,Bengaluru
3058,Documentation Error,Low,Required compliance document missing. Reported at Pune facility during shift 3.,Open,Chennai
3059,Warehouse Issue,High,Warehouse management system outage reported. Reported at Hyderabad facility during shift 2.,Resolved,Delhi
3060,Inventory Shortage,High,Safety stock threshold breached. Reported at Hyderabad facility during shift 2.,Resolved,Pune
3061,Warehouse Issue,Low,Dock congestion slowed warehouse throughput. Reported at Mumbai facility during shift 1.,Resolved,Chennai
3062,Transportation Failure,Low,Transportation network disruption reported. Reported at Kolkata facility during shift 1.,In Progress,Pune
3063,Customs Issue,High,Border security inspection caused delay. Reported at Kolkata facility during shift 2.,In Progress,Chennai
3064,Customs Issue,Critical,Shipment held by customs authorities. Reported at Kolkata facility during shift 2.,Resolved,Kolkata
3065,Transportation Failure,Low,Vehicle maintenance issue halted delivery. Reported at Mumbai facility during shift 1.,Resolved,Kolkata
3066,Damaged Goods,Low,Shipment contents damaged in transit. Reported at Mumbai facility during shift 3.,Open,Hyderabad
3067,Shipment Delay,Medium,Driver shortage affected transportation schedule. Reported at Ahmedabad facility during shift 3.,In Progress,Hyderabad
3068,Warehouse Issue,Medium,Cycle count discrepancy identified. Reported at Ahmedabad facility during shift 1.,Open,Pune
3069,Warehouse Issue,Medium,Inventory misplaced within storage area. Reported at Bengaluru facility during shift 2.,Open,Hyderabad
3070,Documentation Error,High,Customs paperwork contained errors. Reported at Kolkata facility during shift 3.,Resolved,Kolkata
3071,Inventory Shortage,Medium,Supplier delay created inventory gap. Reported at Ahmedabad facility during shift 1.,Resolved,Kolkata
3072,Documentation Error,Medium,Labeling information did not match shipment. Reported at Mumbai facility during shift 2.,Resolved,Ahmedabad
3073,Warehouse Issue,Low,Cycle count discrepancy identified. Reported at Mumbai facility during shift 2.,Resolved,Kolkata
3074,Inventory Shortage,Medium,Safety stock threshold breached. Reported at Ahmedabad facility during shift 1.,In Progress,Chennai
3075,Customs Issue,Low,Border security inspection caused delay. Reported at Bengaluru facility during shift 1.,Open,Delhi
3076,Transportation Failure,High,Trailer availability issue delayed dispatch. Reported at Pune facility during shift 2.,Resolved,Delhi
3077,Transportation Failure,Medium,Delivery vehicle breakdown reported. Reported at Hyderabad facility during shift 1.,Open,Pune
3078,Inventory Shortage,Medium,Product unavailable due to inventory mismatch. Reported at Ahmedabad facility during shift 2.,In Progress,Mumbai
3079,Transportation Failure,High,Fleet utilization exceeded available capacity. Reported at Ahmedabad facility during shift 2.,Resolved,Delhi
3080,Transportation Failure,Low,Vehicle maintenance issue halted delivery. Reported at Kolkata facility during shift 3.,Open,Mumbai
3081,Documentation Error,Low,Missing certificate delayed shipment release. Reported at Delhi facility during shift 2.,Resolved,Kolkata
3082,Inventory Shortage,Low,Supplier delay created inventory gap. Reported at Hyderabad facility during shift 1.,Resolved,Ahmedabad
3083,Damaged Goods,Low,Temperature excursion affected product quality. Reported at Mumbai facility during shift 2.,Resolved,Hyderabad
3084,Customs Issue,Critical,Regulatory approval pending clearance. Reported at Pune facility during shift 2.,Open,Pune
3085,Customs Issue,High,Regulatory verification delayed release. Reported at Pune facility during shift 2.,Open,Pune
3086,Transportation Failure,High,Third-party carrier cancelled shipment booking. Reported at Delhi facility during shift 1.,Open,Delhi
3087,Warehouse Issue,High,Warehouse staffing shortage reported. Reported at Pune facility during shift 2.,Resolved,Chennai
3088,Customs Issue,Medium,Shipment held by customs authorities. Reported at Mumbai facility during shift 3.,Resolved,Pune
3089,Transportation Failure,Low,Vehicle maintenance issue halted delivery. Reported at Chennai facility during shift 2.,Open,Hyderabad
3090,Warehouse Issue,Medium,Warehouse staffing shortage reported. Reported at Ahmedabad facility during shift 1.,Resolved,Pune
3091,Customs Issue,Low,Country-specific restriction affected import. Reported at Hyderabad facility during shift 1.,In Progress,Delhi
3092,Inventory Shortage,Medium,Procurement delay affected inventory availability. Reported at Hyderabad facility during shift 3.,Open,Delhi
3093,Transportation Failure,Critical,Transport route disruption due to road closure. Reported at Kolkata facility during shift 3.,In Progress,Chennai
3094,Transportation Failure,Critical,Transport route disruption due to road closure. Reported at Chennai facility during shift 2.,Resolved,Chennai
3095,Shipment Delay,Medium,Truck breakdown caused delivery delay. Reported at Pune facility during shift 1.,In Progress,Mumbai
3096,Warehouse Issue,Low,Dock congestion slowed warehouse throughput. Reported at Mumbai facility during shift 2.,Open,Chennai
3097,Customs Issue,Low,Customs requested additional documentation. Reported at Bengaluru facility during shift 2.,Resolved,Delhi
3098,Inventory Shortage,Low,Warehouse stock shortage detected. Reported at Chennai facility during shift 2.,In Progress,Pune
3099,Customs Issue,Low,Shipment held by customs authorities. Reported at Chennai facility during shift 2.,Resolved,Mumbai
3100,Documentation Error,High,Documentation approval pending correction. Reported at Hyderabad facility during shift 3.,Resolved,Hyderabad
3101,Inventory Shortage,Medium,Unexpected order spike exhausted stock. Reported at Delhi facility during shift 3.,In Progress,Bengaluru
3102,Warehouse Issue,Low,Warehouse staffing shortage reported. Reported at Kolkata facility during shift 2.,In Progress,Hyderabad
3103,Transportation Failure,High,Third-party carrier cancelled shipment booking. Reported at Mumbai facility during shift 2.,Open,Delhi
3104,Transportation Failure,Low,Logistics partner experienced operational failure. Reported at Hyderabad facility during shift 3.,Resolved,Mumbai
3105,Shipment Delay,Low,Carrier scheduling issue caused shipment delay. Reported at Pune facility during shift 1.,Resolved,Kolkata
3106,Inventory Shortage,Medium,Raw material shortage impacted production. Reported at Delhi facility during shift 1.,In Progress,Bengaluru
3107,Warehouse Issue,Low,Space constraint affected storage operations. Reported at Pune facility during shift 2.,Open,Pune
3108,Warehouse Issue,Medium,Order consolidation process delayed shipment. Reported at Delhi facility during shift 2.,In Progress,Hyderabad
3109,Documentation Error,Medium,Purchase order details inconsistent. Reported at Chennai facility during shift 3.,Open,Bengaluru
3110,Customs Issue,Medium,Regulatory verification delayed release. Reported at Hyderabad facility during shift 3.,Resolved,Hyderabad
3111,Inventory Shortage,Critical,Safety stock threshold breached. Reported at Bengaluru facility during shift 2.,Resolved,Hyderabad
3112,Transportation Failure,Low,Trailer availability issue delayed dispatch. Reported at Delhi facility during shift 3.,In Progress,Chennai
3113,Transportation Failure,High,Transportation network disruption reported. Reported at Ahmedabad facility during shift 2.,In Progress,Pune
3114,Transportation Failure,Low,Route planning error delayed movement. Reported at Pune facility during shift 2.,In Progress,Delhi
3115,Inventory Shortage,High,Cycle count revealed stock deficiency. Reported at Delhi facility during shift 3.,Resolved,Chennai
3116,Documentation Error,Low,Shipping label generated with incorrect address. Reported at Pune facility during shift 2.,In Progress,Hyderabad
3117,Customs Issue,Low,Shipment held by customs authorities. Reported at Mumbai facility during shift 1.,Open,Mumbai
3118,Transportation Failure,Medium,Third-party carrier cancelled shipment booking. Reported at Kolkata facility during shift 1.,Resolved,Chennai
3119,Inventory Shortage,Critical,Safety stock threshold breached. Reported at Hyderabad facility during shift 3.,Resolved,Kolkata
3120,Shipment Delay,Medium,Shipment rerouted causing additional transit time. Reported at Delhi facility during shift 1.,In Progress,Pune
3121,Inventory Shortage,Critical,Safety stock threshold breached. Reported at Hyderabad facility during shift 3.,Resolved,Delhi
3122,Shipment Delay,Low,Mechanical failure delayed freight movement. Reported at Mumbai facility during shift 3.,In Progress,Pune
3123,Warehouse Issue,Low,Space constraint affected storage operations. Reported at Pune facility during shift 1.,In Progress,Chennai
3124,Shipment Delay,Low,Container missed connecting vessel. Reported at Mumbai facility during shift 2.,Resolved,Delhi
3125,Damaged Goods,Medium,Warehouse accident damaged stored inventory. Reported at Hyderabad facility during shift 2.,Resolved,Pune
3126,Shipment Delay,Critical,Last-mile delivery partner unavailable. Reported at Hyderabad facility during shift 1.,In Progress,Mumbai
3127,Warehouse Issue,Medium,Warehouse management system outage reported. Reported at Bengaluru facility during shift 1.,Resolved,Chennai
3128,Damaged Goods,Low,Packaging failure led to damaged products. Reported at Pune facility during shift 3.,Open,Mumbai
3129,Shipment Delay,Critical,Shipment delayed due to customs inspection. Reported at Kolkata facility during shift 2.,Resolved,Bengaluru
3130,Damaged Goods,Medium,Warehouse accident damaged stored inventory. Reported at Chennai facility during shift 1.,Resolved,Mumbai
3131,Shipment Delay,Critical,Carrier scheduling issue caused shipment delay. Reported at Pune facility during shift 1.,Open,Kolkata
3132,Shipment Delay,Low,Cargo loading completed behind schedule. Reported at Hyderabad facility during shift 1.,In Progress,Mumbai
3133,Inventory Shortage,Medium,Raw material shortage impacted production. Reported at Pune facility during shift 3.,Open,Pune
3134,Damaged Goods,Medium,Warehouse accident damaged stored inventory. Reported at Bengaluru facility during shift 2.,In Progress,Delhi
3135,Shipment Delay,Low,Container missed connecting vessel. Reported at Kolkata facility during shift 1.,In Progress,Ahmedabad
3136,Documentation Error,Low,Documentation approval pending correction. Reported at Chennai facility during shift 3.,Resolved,Kolkata
3137,Warehouse Issue,Medium,Inventory misplaced within storage area. Reported at Chennai facility during shift 1.,Resolved,Ahmedabad
3138,Transportation Failure,High,Vehicle maintenance issue halted delivery. Reported at Chennai facility during shift 3.,In Progress,Hyderabad
3139,Customs Issue,High,Customs valuation dispute identified. Reported at Delhi facility during shift 3.,Open,Bengaluru
3140,Documentation Error,Medium,Manifest information incomplete. Reported at Hyderabad facility during shift 2.,In Progress,Bengaluru
3141,Shipment Delay,Medium,Shipment delayed due to customs inspection. Reported at Kolkata facility during shift 2.,Open,Pune
3142,Damaged Goods,Medium,Package damaged during transportation. Reported at Bengaluru facility during shift 1.,Open,Mumbai
3143,Transportation Failure,Low,Logistics partner experienced operational failure. Reported at Kolkata facility during shift 2.,In Progress,Delhi
3144,Damaged Goods,Low,Product packaging torn during loading. Reported at Ahmedabad facility during shift 3.,Resolved,Chennai
3145,Customs Issue,High,Import documentation under review. Reported at Delhi facility during shift 1.,In Progress,Pune
3146,Warehouse Issue,High,Picking error occurred in warehouse. Reported at Mumbai facility during shift 1.,Open,Chennai
3147,Customs Issue,Low,Country-specific restriction affected import. Reported at Kolkata facility during shift 3.,Open,Chennai
3148,Customs Issue,Low,Shipment selected for random inspection. Reported at Kolkata facility during shift 3.,Open,Delhi
3149,Shipment Delay,Medium,Truck breakdown caused delivery delay. Reported at Kolkata facility during shift 2.,Open,Chennai
3150,Damaged Goods,Medium,Receiving inspection identified damaged goods. Reported at Pune facility during shift 2.,Resolved,Ahmedabad
3151,Damaged Goods,Low,Transit vibration caused product defects. Reported at Delhi facility during shift 1.,Resolved,Kolkata
3152,Damaged Goods,Low,Goods arrived with visible damage. Reported at Kolkata facility during shift 1.,Open,Kolkata
3153,Customs Issue,High,Shipment selected for random inspection. Reported at Delhi facility during shift 1.,Open,Ahmedabad
3154,Damaged Goods,Low,Water exposure damaged packaged goods. Reported at Delhi facility during shift 1.,In Progress,Chennai
3155,Customs Issue,Critical,Border security inspection caused delay. Reported at Delhi facility during shift 1.,Open,Mumbai
3156,Warehouse Issue,High,Receiving delay impacted warehouse operations. Reported at Delhi facility during shift 1.,Resolved,Chennai
3157,Inventory Shortage,Critical,Demand exceeded available stock levels. Reported at Kolkata facility during shift 3.,Open,Delhi
3158,Shipment Delay,Medium,Container missed connecting vessel. Reported at Mumbai facility during shift 3.,In Progress,Chennai
3159,Customs Issue,Low,Customs requested additional documentation. Reported at Mumbai facility during shift 2.,Open,Kolkata
3160,Inventory Shortage,Medium,Backordered items unavailable for dispatch. Reported at Pune facility during shift 2.,Open,Pune
3161,Documentation Error,Critical,Data entry error impacted shipment records. Reported at Ahmedabad facility during shift 3.,Open,Mumbai
3162,Transportation Failure,Low,Transportation vendor system outage reported. Reported at Chennai facility during shift 3.,In Progress,Bengaluru
3163,Transportation Failure,Medium,Transportation vendor system outage reported. Reported at Bengaluru facility during shift 1.,In Progress,Delhi
3164,Documentation Error,High,Shipping label generated with incorrect address. Reported at Ahmedabad facility during shift 1.,In Progress,Pune
3165,Damaged Goods,Low,Transit vibration caused product defects. Reported at Chennai facility during shift 3.,Resolved,Delhi
3166,Inventory Shortage,Low,Procurement delay affected inventory availability. Reported at Ahmedabad facility during shift 1.,Open,Bengaluru
3167,Documentation Error,Critical,Required compliance document missing. Reported at Delhi facility during shift 3.,Open,Delhi
3168,Customs Issue,Low,Import documentation under review. Reported at Chennai facility during shift 2.,In Progress,Ahmedabad
3169,Damaged Goods,Low,Fragile goods mishandled during unloading. Reported at Bengaluru facility during shift 3.,Resolved,Mumbai
3170,Shipment Delay,Medium,Delivery delayed due to traffic disruption. Reported at Pune facility during shift 3.,Open,Chennai
3171,Customs Issue,Low,Import documentation under review. Reported at Chennai facility during shift 1.,Open,Chennai
3172,Damaged Goods,High,Receiving inspection identified damaged goods. Reported at Delhi facility during shift 1.,Open,Ahmedabad
3173,Transportation Failure,High,Driver unavailable for scheduled route. Reported at Delhi facility during shift 3.,Open,Pune
3174,Customs Issue,Medium,Border inspection extended shipment hold. Reported at Chennai facility during shift 1.,In Progress,Pune
3175,Shipment Delay,Low,Delivery delayed due to traffic disruption. Reported at Hyderabad facility during shift 2.,Resolved,Chennai
3176,Damaged Goods,Medium,Packaging failure led to damaged products. Reported at Bengaluru facility during shift 2.,In Progress,Kolkata
3177,Documentation Error,High,Missing invoice delayed processing. Reported at Bengaluru facility during shift 1.,Resolved,Chennai
3178,Customs Issue,Medium,Import documentation under review. Reported at Mumbai facility during shift 2.,Resolved,Mumbai
3179,Transportation Failure,Low,Vehicle maintenance issue halted delivery. Reported at Kolkata facility during shift 3.,Open,Bengaluru
3180,Shipment Delay,Low,Driver shortage affected transportation schedule. Reported at Chennai facility during shift 2.,Resolved,Hyderabad
3181,Shipment Delay,Low,Rail transport delay impacted delivery timeline. Reported at Kolkata facility during shift 2.,Resolved,Mumbai
3182,Warehouse Issue,Medium,Warehouse staffing shortage reported. Reported at Bengaluru facility during shift 1.,Open,Chennai
3183,Damaged Goods,High,Pallet collapse resulted in product damage. Reported at Pune facility during shift 2.,In Progress,Ahmedabad
3184,Warehouse Issue,Low,Order consolidation process delayed shipment. Reported at Chennai facility during shift 2.,In Progress,Delhi
3185,Shipment Delay,Medium,Rail transport delay impacted delivery timeline. Reported at Kolkata facility during shift 2.,In Progress,Hyderabad
3186,Warehouse Issue,Medium,Space constraint affected storage operations. Reported at Hyderabad facility during shift 2.,In Progress,Kolkata
3187,Transportation Failure,High,Logistics partner experienced operational failure. Reported at Hyderabad facility during shift 3.,Resolved,Bengaluru
3188,Documentation Error,Medium,Purchase order details inconsistent. Reported at Pune facility during shift 1.,Resolved,Kolkata
3189,Inventory Shortage,High,Inventory forecast underestimated demand. Reported at Bengaluru facility during shift 1.,In Progress,Delhi
3190,Transportation Failure,Low,Trailer availability issue delayed dispatch. Reported at Mumbai facility during shift 1.,Open,Hyderabad
3191,Inventory Shortage,Low,Unexpected order spike exhausted stock. Reported at Kolkata facility during shift 3.,Resolved,Pune
3192,Customs Issue,Medium,Shipment flagged for compliance audit. Reported at Pune facility during shift 2.,Open,Chennai
3193,Documentation Error,Critical,Data entry error impacted shipment records. Reported at Ahmedabad facility during shift 3.,Resolved,Mumbai
3194,Customs Issue,Medium,Border security inspection caused delay. Reported at Kolkata facility during shift 1.,Resolved,Hyderabad
3195,Warehouse Issue,Medium,Put-away process delayed inventory availability. Reported at Mumbai facility during shift 3.,Resolved,Kolkata
3196,Damaged Goods,Medium,Forklift accident damaged inventory. Reported at Bengaluru facility during shift 3.,Open,Delhi
3197,Customs Issue,High,Regulatory verification delayed release. Reported at Ahmedabad facility during shift 1.,Resolved,Chennai
3198,Damaged Goods,Low,Temperature excursion affected product quality. Reported at Bengaluru facility during shift 1.,Open,Chennai
3199,Warehouse Issue,Low,Put-away process delayed inventory availability. Reported at Bengaluru facility during shift 1.,In Progress,Ahmedabad
3200,Transportation Failure,Low,Delivery vehicle breakdown reported. Reported at Pune facility during shift 3.,In Progress,Kolkata
3201,Customs Issue,Medium,Border security inspection caused delay. Reported at Hyderabad facility during shift 2.,In Progress,Kolkata
3202,Documentation Error,High,Data entry error impacted shipment records. Reported at Hyderabad facility during shift 3.,Resolved,Pune
3203,Inventory Shortage,Medium,Safety stock threshold breached. Reported at Bengaluru facility during shift 2.,In Progress,Hyderabad
3204,Transportation Failure,Medium,Fuel supply issue interrupted transportation. Reported at Kolkata facility during shift 1.,In Progress,Delhi
3205,Shipment Delay,Medium,Port congestion delayed shipment arrival. Reported at Pune facility during shift 2.,Resolved,Chennai
3206,Documentation Error,Low,Incorrect consignee information provided. Reported at Hyderabad facility during shift 3.,In Progress,Delhi
3207,Warehouse Issue,High,Order picking queue exceeded capacity. Reported at Delhi facility during shift 2.,In Progress,Kolkata
3208,Transportation Failure,Low,Vehicle maintenance issue halted delivery. Reported at Ahmedabad facility during shift 1.,Open,Chennai
3209,Transportation Failure,Low,Transportation network disruption reported. Reported at Hyderabad facility during shift 1.,Resolved,Mumbai
3210,Damaged Goods,Critical,Goods arrived with visible damage. Reported at Kolkata facility during shift 1.,In Progress,Chennai
3211,Customs Issue,High,Regulatory verification delayed release. Reported at Bengaluru facility during shift 1.,Open,Kolkata
3212,Warehouse Issue,High,Picking error occurred in warehouse. Reported at Hyderabad facility during shift 2.,Open,Chennai
3213,Transportation Failure,Medium,Route planning error delayed movement. Reported at Kolkata facility during shift 1.,In Progress,Bengaluru
3214,Shipment Delay,Medium,Mechanical failure delayed freight movement. Reported at Chennai facility during shift 1.,Resolved,Mumbai
3215,Transportation Failure,Low,Transportation vendor system outage reported. Reported at Pune facility during shift 1.,Open,Mumbai
3216,Damaged Goods,Critical,Packaging failure led to damaged products. Reported at Ahmedabad facility during shift 1.,Resolved,Hyderabad
3217,Damaged Goods,High,Goods arrived with visible damage. Reported at Bengaluru facility during shift 2.,Resolved,Hyderabad
3218,Customs Issue,High,Country-specific restriction affected import. Reported at Delhi facility during shift 2.,Resolved,Ahmedabad
3219,Damaged Goods,Low,Shipment contents damaged in transit. Reported at Ahmedabad facility during shift 1.,Open,Delhi
3220,Warehouse Issue,Medium,Dock congestion slowed warehouse throughput. Reported at Chennai facility during shift 3.,In Progress,Delhi
3221,Inventory Shortage,Medium,Warehouse unable to fulfill requested quantity. Reported at Ahmedabad facility during shift 2.,Resolved,Kolkata
3222,Transportation Failure,Low,Accident blocked scheduled delivery route. Reported at Pune facility during shift 2.,In Progress,Chennai
3223,Shipment Delay,High,Carrier scheduling issue caused shipment delay. Reported at Chennai facility during shift 3.,Resolved,Pune
3224,Warehouse Issue,Low,Storage location information incorrect. Reported at Ahmedabad facility during shift 3.,In Progress,Pune
3225,Customs Issue,Low,Shipment flagged for compliance audit. Reported at Chennai facility during shift 1.,Open,Ahmedabad
3226,Warehouse Issue,Low,Dock congestion slowed warehouse throughput. Reported at Delhi facility during shift 3.,In Progress,Delhi
3227,Damaged Goods,Medium,Improper handling caused item breakage. Reported at Bengaluru facility during shift 1.,Resolved,Hyderabad
3228,Inventory Shortage,High,Cycle count revealed stock deficiency. Reported at Mumbai facility during shift 1.,Resolved,Mumbai
3229,Transportation Failure,Low,Carrier failed to pick up shipment. Reported at Chennai facility during shift 1.,In Progress,Pune
3230,Damaged Goods,High,Packaging failure led to damaged products. Reported at Delhi facility during shift 3.,Open,Chennai
3231,Documentation Error,High,Missing certificate delayed shipment release. Reported at Delhi facility during shift 3.,In Progress,Bengaluru
3232,Damaged Goods,Medium,Goods arrived with visible damage. Reported at Pune facility during shift 3.,Resolved,Bengaluru
3233,Inventory Shortage,Medium,Inventory replenishment delayed. Reported at Delhi facility during shift 1.,In Progress,Bengaluru
3234,Customs Issue,Medium,Border security inspection caused delay. Reported at Bengaluru facility during shift 3.,Open,Chennai
3235,Damaged Goods,Medium,Water exposure damaged packaged goods. Reported at Ahmedabad facility during shift 3.,Open,Pune
3236,Inventory Shortage,Medium,Inventory replenishment delayed. Reported at Bengaluru facility during shift 2.,Resolved,Pune
3237,Shipment Delay,Critical,Last-mile delivery partner unavailable. Reported at Kolkata facility during shift 1.,Resolved,Ahmedabad
3238,Shipment Delay,Medium,Cargo loading completed behind schedule. Reported at Delhi facility during shift 2.,Open,Delhi
3239,Warehouse Issue,Low,Warehouse staffing shortage reported. Reported at Bengaluru facility during shift 2.,Open,Ahmedabad
3240,Shipment Delay,Medium,Port congestion delayed shipment arrival. Reported at Kolkata facility during shift 1.,Resolved,Bengaluru
3241,Documentation Error,Low,Missing certificate delayed shipment release. Reported at Delhi facility during shift 3.,In Progress,Kolkata
3242,Customs Issue,High,Shipment selected for random inspection. Reported at Hyderabad facility during shift 3.,In Progress,Ahmedabad
3243,Inventory Shortage,Low,Safety stock threshold breached. Reported at Ahmedabad facility during shift 2.,Open,Bengaluru
3244,Customs Issue,Critical,Import documentation under review. Reported at Delhi facility during shift 1.,Resolved,Chennai
3245,Customs Issue,Critical,Customs clearance process delayed. Reported at Hyderabad facility during shift 2.,In Progress,Delhi
3246,Customs Issue,High,Trade compliance review delayed processing. Reported at Delhi facility during shift 1.,In Progress,Kolkata
3247,Shipment Delay,Critical,Delivery delayed due to traffic disruption. Reported at Delhi facility during shift 3.,In Progress,Bengaluru
3248,Damaged Goods,Low,Fragile goods mishandled during unloading. Reported at Chennai facility during shift 2.,Resolved,Ahmedabad
3249,Warehouse Issue,High,Space constraint affected storage operations. Reported at Bengaluru facility during shift 1.,Open,Chennai
3250,Damaged Goods,Low,Pallet collapse resulted in product damage. Reported at Ahmedabad facility during shift 2.,Open,Chennai
3251,Transportation Failure,High,Accident blocked scheduled delivery route. Reported at Pune facility during shift 1.,In Progress,Mumbai
3252,Customs Issue,Low,Shipment flagged for compliance audit. Reported at Pune facility during shift 1.,Resolved,Mumbai
3253,Inventory Shortage,Medium,Unexpected order spike exhausted stock. Reported at Kolkata facility during shift 1.,Open,Hyderabad
3254,Customs Issue,High,Tariff classification review in progress. Reported at Bengaluru facility during shift 3.,In Progress,Pune
3255,Transportation Failure,Low,Transport route disruption due to road closure. Reported at Pune facility during shift 3.,In Progress,Chennai
3256,Damaged Goods,Low,Water exposure damaged packaged goods. Reported at Hyderabad facility during shift 3.,Open,Mumbai
3257,Damaged Goods,Low,Product packaging torn during loading. Reported at Kolkata facility during shift 3.,Open,Pune
3258,Damaged Goods,Medium,Pallet collapse resulted in product damage. Reported at Hyderabad facility during shift 1.,Resolved,Mumbai
3259,Documentation Error,Critical,Data entry error impacted shipment records. Reported at Kolkata facility during shift 3.,Resolved,Pune
3260,Transportation Failure,High,Transportation vendor system outage reported. Reported at Ahmedabad facility during shift 2.,Open,Ahmedabad
3261,Warehouse Issue,Low,Warehouse stock mismatch identified. Reported at Delhi facility during shift 1.,In Progress,Delhi
3262,Customs Issue,High,Shipment held by customs authorities. Reported at Mumbai facility during shift 3.,In Progress,Mumbai
3263,Inventory Shortage,Medium,Procurement delay affected inventory availability. Reported at Mumbai facility during shift 1.,Open,Bengaluru
3264,Warehouse Issue,Medium,Put-away process delayed inventory availability. Reported at Kolkata facility during shift 3.,Resolved,Ahmedabad
3265,Transportation Failure,Low,Delivery vehicle breakdown reported. Reported at Ahmedabad facility during shift 1.,In Progress,Ahmedabad
3266,Transportation Failure,Critical,Logistics partner experienced operational failure. Reported at Mumbai facility during shift 3.,Open,Delhi
3267,Transportation Failure,High,Accident blocked scheduled delivery route. Reported at Kolkata facility during shift 3.,In Progress,Pune
3268,Customs Issue,Medium,Border security inspection caused delay. Reported at Ahmedabad facility during shift 3.,In Progress,Bengaluru
3269,Warehouse Issue,Medium,Dock congestion slowed warehouse throughput. Reported at Bengaluru facility during shift 3.,Resolved,Hyderabad
3270,Inventory Shortage,High,Product unavailable due to inventory mismatch. Reported at Mumbai facility during shift 3.,In Progress,Hyderabad
3271,Inventory Shortage,Low,Warehouse stock shortage detected. Reported at Pune facility during shift 1.,Open,Chennai
3272,Inventory Shortage,High,Product unavailable due to inventory mismatch. Reported at Mumbai facility during shift 2.,In Progress,Ahmedabad
3273,Warehouse Issue,Medium,Order picking queue exceeded capacity. Reported at Hyderabad facility during shift 2.,In Progress,Hyderabad
3274,Transportation Failure,Low,Delivery vehicle breakdown reported. Reported at Chennai facility during shift 1.,Resolved,Ahmedabad
3275,Transportation Failure,Medium,Vehicle maintenance issue halted delivery. Reported at Hyderabad facility during shift 3.,In Progress,Ahmedabad
3276,Transportation Failure,Medium,Vehicle maintenance issue halted delivery. Reported at Ahmedabad facility during shift 3.,In Progress,Mumbai
3277,Transportation Failure,High,Transportation network disruption reported. Reported at Bengaluru facility during shift 2.,In Progress,Chennai
3278,Damaged Goods,Low,Transit vibration caused product defects. Reported at Pune facility during shift 1.,Open,Pune
3279,Damaged Goods,Low,Packaging failure led to damaged products. Reported at Bengaluru facility during shift 2.,Resolved,Kolkata
3280,Damaged Goods,Low,Container impact damaged shipment contents. Reported at Kolkata facility during shift 3.,In Progress,Ahmedabad
3281,Shipment Delay,Medium,Truck breakdown caused delivery delay. Reported at Pune facility during shift 1.,In Progress,Bengaluru
3282,Damaged Goods,Medium,Forklift accident damaged inventory. Reported at Chennai facility during shift 3.,In Progress,Chennai
3283,Inventory Shortage,Low,Safety stock threshold breached. Reported at Pune facility during shift 1.,Open,Ahmedabad
3284,Transportation Failure,Low,Accident blocked scheduled delivery route. Reported at Bengaluru facility during shift 2.,Open,Pune
3285,Documentation Error,Medium,Required compliance document missing. Reported at Pune facility during shift 3.,In Progress,Kolkata
3286,Customs Issue,Critical,Tariff classification review in progress. Reported at Bengaluru facility during shift 2.,In Progress,Hyderabad
3287,Customs Issue,Low,Border inspection extended shipment hold. Reported at Hyderabad facility during shift 3.,Open,Hyderabad
3288,Documentation Error,Critical,Missing invoice delayed processing. Reported at Kolkata facility during shift 3.,Resolved,Bengaluru
3289,Warehouse Issue,Critical,Cycle count discrepancy identified. Reported at Bengaluru facility during shift 3.,In Progress,Hyderabad
3290,Documentation Error,Medium,Export declaration contained errors. Reported at Hyderabad facility during shift 1.,In Progress,Kolkata
3291,Damaged Goods,Low,Package damaged during transportation. Reported at Delhi facility during shift 1.,Resolved,Pune
3292,Documentation Error,High,Purchase order details inconsistent. Reported at Delhi facility during shift 3.,Resolved,Bengaluru
3293,Documentation Error,Low,Missing certificate delayed shipment release. Reported at Hyderabad facility during shift 1.,Open,Chennai
3294,Warehouse Issue,Low,Cycle count discrepancy identified. Reported at Ahmedabad facility during shift 1.,Open,Mumbai
3295,Warehouse Issue,Medium,Warehouse management system outage reported. Reported at Chennai facility during shift 2.,Resolved,Pune
3296,Inventory Shortage,Medium,Stockout occurred at fulfillment center. Reported at Kolkata facility during shift 2.,Resolved,Delhi
3297,Warehouse Issue,Low,Space constraint affected storage operations. Reported at Delhi facility during shift 1.,Open,Hyderabad
3298,Damaged Goods,Medium,Container impact damaged shipment contents. Reported at Kolkata facility during shift 2.,Open,Delhi
3299,Customs Issue,Low,Border security inspection caused delay. Reported at Bengaluru facility during shift 3.,Open,Delhi
3300,Customs Issue,Low,Trade compliance review delayed processing. Reported at Pune facility during shift 1.,Open,Bengaluru
3301,Customs Issue,High,Trade compliance review delayed processing. Reported at Ahmedabad facility during shift 2.,In Progress,Kolkata
3302,Inventory Shortage,Medium,Safety stock threshold breached. Reported at Pune facility during shift 3.,In Progress,Chennai
3303,Documentation Error,Medium,Purchase order details inconsistent. Reported at Mumbai facility during shift 3.,Open,Hyderabad
3304,Customs Issue,Low,Customs requested additional documentation. Reported at Hyderabad facility during shift 1.,In Progress,Kolkata
3305,Transportation Failure,Low,Logistics partner experienced operational failure. Reported at Mumbai facility during shift 1.,Resolved,Pune
3306,Shipment Delay,High,Mechanical failure delayed freight movement. Reported at Bengaluru facility during shift 2.,Open,Kolkata
3307,Inventory Shortage,High,Warehouse unable to fulfill requested quantity. Reported at Delhi facility during shift 1.,Open,Hyderabad
3308,Transportation Failure,Medium,Vehicle maintenance issue halted delivery. Reported at Delhi facility during shift 2.,Resolved,Mumbai
3309,Shipment Delay,Medium,Carrier scheduling issue caused shipment delay. Reported at Bengaluru facility during shift 3.,Resolved,Kolkata
3310,Documentation Error,High,Data entry error impacted shipment records. Reported at Kolkata facility during shift 3.,Open,Pune
3311,Customs Issue,High,Regulatory approval pending clearance. Reported at Delhi facility during shift 3.,In Progress,Chennai
3312,Inventory Shortage,Medium,Warehouse unable to fulfill requested quantity. Reported at Mumbai facility during shift 3.,In Progress,Ahmedabad
3313,Damaged Goods,Low,Product packaging torn during loading. Reported at Ahmedabad facility during shift 2.,Open,Hyderabad
3314,Inventory Shortage,Low,Inventory reservation conflict identified. Reported at Pune facility during shift 1.,Resolved,Pune
3315,Shipment Delay,Medium,Port congestion delayed shipment arrival. Reported at Delhi facility during shift 3.,In Progress,Kolkata
3316,Transportation Failure,High,Driver unavailable for scheduled route. Reported at Delhi facility during shift 2.,Resolved,Delhi
3317,Inventory Shortage,Critical,Demand exceeded available stock levels. Reported at Delhi facility during shift 3.,Resolved,Bengaluru
3318,Shipment Delay,Medium,Port congestion delayed shipment arrival. Reported at Chennai facility during shift 1.,Resolved,Mumbai
3319,Inventory Shortage,Low,Demand exceeded available stock levels. Reported at Chennai facility during shift 1.,Open,Hyderabad
3320,Transportation Failure,High,Fleet utilization exceeded available capacity. Reported at Ahmedabad facility during shift 1.,Open,Kolkata
3321,Warehouse Issue,Medium,Warehouse management system outage reported. Reported at Pune facility during shift 1.,In Progress,Delhi
3322,Warehouse Issue,Low,Warehouse management system outage reported. Reported at Pune facility during shift 2.,Resolved,Chennai
3323,Inventory Shortage,Low,Stockout occurred at fulfillment center. Reported at Pune facility during shift 1.,Open,Bengaluru
3324,Customs Issue,Low,Border security inspection caused delay. Reported at Hyderabad facility during shift 2.,Open,Bengaluru
3325,Damaged Goods,Low,Packaging failure led to damaged products. Reported at Delhi facility during shift 1.,In Progress,Ahmedabad
3326,Shipment Delay,Medium,Driver shortage affected transportation schedule. Reported at Chennai facility during shift 1.,Open,Delhi
3327,Customs Issue,Low,Shipment selected for random inspection. Reported at Delhi facility during shift 2.,In Progress,Chennai
3328,Transportation Failure,Medium,Transportation network disruption reported. Reported at Kolkata facility during shift 2.,Resolved,Ahmedabad
3329,Customs Issue,Medium,Shipment selected for random inspection. Reported at Mumbai facility during shift 2.,Resolved,Ahmedabad
3330,Damaged Goods,Low,Transit vibration caused product defects. Reported at Hyderabad facility during shift 2.,Resolved,Delhi
3331,Damaged Goods,Medium,Package damaged during transportation. Reported at Kolkata facility during shift 2.,Open,Ahmedabad
3332,Inventory Shortage,Low,Unexpected order spike exhausted stock. Reported at Ahmedabad facility during shift 3.,Resolved,Mumbai
3333,Inventory Shortage,Low,Inventory replenishment delayed. Reported at Pune facility during shift 3.,Resolved,Pune
3334,Transportation Failure,Low,Fuel supply issue interrupted transportation. Reported at Hyderabad facility during shift 3.,Resolved,Delhi
3335,Inventory Shortage,Low,Inventory forecast underestimated demand. Reported at Bengaluru facility during shift 3.,Resolved,Mumbai
3336,Warehouse Issue,Low,Storage location information incorrect. Reported at Mumbai facility during shift 1.,Open,Mumbai
3337,Documentation Error,Medium,Export declaration contained errors. Reported at Chennai facility during shift 1.,Resolved,Kolkata
3338,Warehouse Issue,Critical,Order consolidation process delayed shipment. Reported at Chennai facility during shift 3.,Open,Ahmedabad
3339,Warehouse Issue,Medium,Warehouse stock mismatch identified. Reported at Ahmedabad facility during shift 2.,Resolved,Bengaluru
3340,Documentation Error,Medium,Customs paperwork contained errors. Reported at Pune facility during shift 1.,Resolved,Hyderabad
3341,Customs Issue,Medium,Customs requested additional documentation. Reported at Delhi facility during shift 3.,Open,Ahmedabad
3342,Shipment Delay,Critical,Port congestion delayed shipment arrival. Reported at Delhi facility during shift 1.,In Progress,Hyderabad
3343,Inventory Shortage,Low,Demand exceeded available stock levels. Reported at Ahmedabad facility during shift 1.,In Progress,Hyderabad
3344,Inventory Shortage,Low,Inventory replenishment delayed. Reported at Mumbai facility during shift 2.,Resolved,Pune
3345,Customs Issue,High,Shipment selected for random inspection. Reported at Hyderabad facility during shift 3.,In Progress,Bengaluru
3346,Inventory Shortage,Medium,Procurement delay affected inventory availability. Reported at Chennai facility during shift 3.,Open,Bengaluru
3347,Damaged Goods,High,Shipment contents damaged in transit. Reported at Hyderabad facility during shift 2.,Open,Hyderabad
3348,Documentation Error,Medium,Manifest information incomplete. Reported at Ahmedabad facility during shift 3.,In Progress,Chennai
3349,Damaged Goods,Low,Improper handling caused item breakage. Reported at Chennai facility during shift 1.,In Progress,Kolkata
3350,Warehouse Issue,Medium,Inventory misplaced within storage area. Reported at Pune facility during shift 1.,In Progress,Bengaluru
3351,Warehouse Issue,Low,Dock congestion slowed warehouse throughput. Reported at Ahmedabad facility during shift 2.,Resolved,Delhi
3352,Transportation Failure,Critical,Fuel supply issue interrupted transportation. Reported at Bengaluru facility during shift 1.,Resolved,Pune
3353,Transportation Failure,Medium,Logistics partner experienced operational failure. Reported at Hyderabad facility during shift 1.,In Progress,Ahmedabad
3354,Damaged Goods,Critical,Warehouse accident damaged stored inventory. Reported at Delhi facility during shift 1.,Resolved,Delhi
3355,Shipment Delay,Medium,Delivery delayed due to traffic disruption. Reported at Mumbai facility during shift 2.,Open,Delhi
3356,Warehouse Issue,Medium,Cycle count discrepancy identified. Reported at Delhi facility during shift 1.,Resolved,Delhi
3357,Inventory Shortage,Low,Cycle count revealed stock deficiency. Reported at Hyderabad facility during shift 1.,In Progress,Bengaluru
3358,Shipment Delay,High,Port congestion delayed shipment arrival. Reported at Pune facility during shift 2.,Resolved,Kolkata
3359,Inventory Shortage,Medium,Supplier delay created inventory gap. Reported at Bengaluru facility during shift 2.,Open,Kolkata
3360,Inventory Shortage,High,Inventory reservation conflict identified. Reported at Hyderabad facility during shift 3.,Open,Chennai
3361,Transportation Failure,Medium,Fuel supply issue interrupted transportation. Reported at Mumbai facility during shift 2.,Resolved,Chennai
3362,Customs Issue,Low,Customs valuation dispute identified. Reported at Pune facility during shift 1.,Resolved,Mumbai
3363,Inventory Shortage,Low,Raw material shortage impacted production. Reported at Chennai facility during shift 1.,Resolved,Bengaluru
3364,Customs Issue,High,Trade compliance review delayed processing. Reported at Delhi facility during shift 1.,Open,Delhi
3365,Warehouse Issue,High,Storage location information incorrect. Reported at Mumbai facility during shift 1.,In Progress,Hyderabad
3366,Documentation Error,Medium,Missing certificate delayed shipment release. Reported at Mumbai facility during shift 3.,Open,Kolkata
3367,Documentation Error,Low,Purchase order details inconsistent. Reported at Ahmedabad facility during shift 2.,Open,Mumbai
3368,Warehouse Issue,Medium,Cycle count discrepancy identified. Reported at Mumbai facility during shift 3.,Resolved,Chennai
3369,Transportation Failure,High,Vehicle maintenance issue halted delivery. Reported at Hyderabad facility during shift 1.,Resolved,Chennai
3370,Shipment Delay,Medium,Driver shortage affected transportation schedule. Reported at Kolkata facility during shift 1.,Resolved,Ahmedabad
3371,Transportation Failure,High,Accident blocked scheduled delivery route. Reported at Ahmedabad facility during shift 1.,Resolved,Pune
3372,Warehouse Issue,Medium,Put-away process delayed inventory availability. Reported at Kolkata facility during shift 3.,In Progress,Hyderabad
3373,Warehouse Issue,Medium,Put-away process delayed inventory availability. Reported at Mumbai facility during shift 3.,Open,Bengaluru
3374,Damaged Goods,Medium,Fragile goods mishandled during unloading. Reported at Delhi facility during shift 1.,Resolved,Kolkata
3375,Warehouse Issue,Low,Storage location information incorrect. Reported at Delhi facility during shift 1.,Open,Hyderabad
3376,Customs Issue,Low,Customs clearance process delayed. Reported at Chennai facility during shift 2.,In Progress,Bengaluru
3377,Warehouse Issue,Medium,Picking error occurred in warehouse. Reported at Hyderabad facility during shift 3.,Resolved,Mumbai
3378,Shipment Delay,High,Last-mile delivery partner unavailable. Reported at Ahmedabad facility during shift 1.,In Progress,Hyderabad
3379,Documentation Error,Low,Data entry error impacted shipment records. Reported at Mumbai facility during shift 3.,Resolved,Bengaluru
3380,Shipment Delay,Low,Dispatch process delayed at origin facility. Reported at Chennai facility during shift 1.,In Progress,Kolkata
3381,Transportation Failure,Low,Delivery vehicle breakdown reported. Reported at Delhi facility during shift 3.,Open,Pune
3382,Inventory Shortage,Medium,Procurement delay affected inventory availability. Reported at Delhi facility during shift 3.,Resolved,Kolkata
3383,Inventory Shortage,Medium,Inventory reservation conflict identified. Reported at Mumbai facility during shift 1.,Open,Pune
3384,Warehouse Issue,High,Storage location information incorrect. Reported at Hyderabad facility during shift 1.,Open,Chennai
3385,Damaged Goods,High,Temperature excursion affected product quality. Reported at Delhi facility during shift 2.,Resolved,Delhi
3386,Customs Issue,Medium,Shipment selected for random inspection. Reported at Chennai facility during shift 1.,Resolved,Kolkata
3387,Inventory Shortage,Critical,Inventory reservation conflict identified. Reported at Ahmedabad facility during shift 2.,Open,Delhi
3388,Warehouse Issue,Medium,Inventory misplaced within storage area. Reported at Bengaluru facility during shift 3.,In Progress,Bengaluru
3389,Inventory Shortage,Critical,Inventory reservation conflict identified. Reported at Ahmedabad facility during shift 2.,Open,Pune
3390,Customs Issue,Medium,Customs clearance process delayed. Reported at Kolkata facility during shift 1.,Open,Bengaluru
3391,Transportation Failure,Low,Transportation vendor system outage reported. Reported at Hyderabad facility during shift 1.,Open,Bengaluru
3392,Inventory Shortage,Critical,Raw material shortage impacted production. Reported at Delhi facility during shift 1.,Resolved,Delhi
3393,Shipment Delay,High,Shipment rerouted causing additional transit time. Reported at Bengaluru facility during shift 2.,In Progress,Mumbai
3394,Documentation Error,Critical,Export declaration contained errors. Reported at Pune facility during shift 3.,Resolved,Chennai
3395,Transportation Failure,Medium,Trailer availability issue delayed dispatch. Reported at Ahmedabad facility during shift 2.,Resolved,Chennai
3396,Transportation Failure,Low,Third-party carrier cancelled shipment booking. Reported at Pune facility during shift 3.,Resolved,Mumbai
3397,Warehouse Issue,High,Dock congestion slowed warehouse throughput. Reported at Hyderabad facility during shift 1.,Resolved,Delhi
3398,Transportation Failure,Low,Route planning error delayed movement. Reported at Ahmedabad facility during shift 2.,Resolved,Mumbai
3399,Damaged Goods,High,Container impact damaged shipment contents. Reported at Kolkata facility during shift 3.,Resolved,Bengaluru
3400,Documentation Error,Medium,Data entry error impacted shipment records. Reported at Hyderabad facility during shift 2.,Open,Chennai
3401,Customs Issue,Medium,Trade compliance review delayed processing. Reported at Delhi facility during shift 3.,In Progress,Kolkata
3402,Documentation Error,High,Purchase order details inconsistent. Reported at Delhi facility during shift 3.,Resolved,Mumbai
3403,Inventory Shortage,Medium,Safety stock threshold breached. Reported at Ahmedabad facility during shift 1.,Resolved,Delhi
3404,Damaged Goods,Low,Water exposure damaged packaged goods. Reported at Bengaluru facility during shift 3.,In Progress,Chennai
3405,Warehouse Issue,Medium,Warehouse management system outage reported. Reported at Hyderabad facility during shift 1.,Resolved,Chennai
3406,Transportation Failure,High,Vehicle maintenance issue halted delivery. Reported at Ahmedabad facility during shift 1.,In Progress,Kolkata
3407,Documentation Error,Medium,Required compliance document missing. Reported at Mumbai facility during shift 2.,In Progress,Ahmedabad
3408,Shipment Delay,High,Cargo loading completed behind schedule. Reported at Chennai facility during shift 3.,In Progress,Hyderabad
3409,Customs Issue,Medium,Customs valuation dispute identified. Reported at Ahmedabad facility during shift 2.,Resolved,Hyderabad
3410,Transportation Failure,Low,Vehicle maintenance issue halted delivery. Reported at Mumbai facility during shift 3.,Resolved,Hyderabad
3411,Shipment Delay,Low,Delivery delayed due to traffic disruption. Reported at Ahmedabad facility during shift 1.,In Progress,Pune
3412,Inventory Shortage,Low,Supplier delay created inventory gap. Reported at Mumbai facility during shift 2.,Resolved,Chennai
3413,Damaged Goods,High,Shipment contents damaged in transit. Reported at Pune facility during shift 1.,Open,Kolkata
3414,Shipment Delay,High,Container missed connecting vessel. Reported at Delhi facility during shift 1.,Open,Delhi
3415,Transportation Failure,Medium,Carrier failed to pick up shipment. Reported at Ahmedabad facility during shift 1.,In Progress,Chennai
3416,Shipment Delay,Medium,Holiday demand surge caused shipping delays. Reported at Delhi facility during shift 2.,In Progress,Pune
3417,Documentation Error,Medium,Missing invoice delayed processing. Reported at Bengaluru facility during shift 1.,Resolved,Bengaluru
3418,Warehouse Issue,Medium,Dock congestion slowed warehouse throughput. Reported at Chennai facility during shift 2.,Resolved,Bengaluru
3419,Documentation Error,High,Documentation approval pending correction. Reported at Ahmedabad facility during shift 2.,Resolved,Mumbai
3420,Documentation Error,Low,Incorrect consignee information provided. Reported at Kolkata facility during shift 1.,In Progress,Pune
3421,Shipment Delay,Low,Shipment delayed due to customs inspection. Reported at Chennai facility during shift 1.,In Progress,Kolkata
3422,Warehouse Issue,Medium,Dock congestion slowed warehouse throughput. Reported at Kolkata facility during shift 1.,Resolved,Pune
3423,Customs Issue,Medium,Border inspection extended shipment hold. Reported at Chennai facility during shift 2.,Open,Hyderabad
3424,Warehouse Issue,Critical,Cycle count discrepancy identified. Reported at Bengaluru facility during shift 2.,Resolved,Hyderabad
3425,Transportation Failure,High,Fleet utilization exceeded available capacity. Reported at Chennai facility during shift 3.,Resolved,Chennai
3426,Customs Issue,Medium,Customs clearance process delayed. Reported at Ahmedabad facility during shift 1.,Resolved,Chennai
3427,Shipment Delay,Medium,Truck breakdown caused delivery delay. Reported at Bengaluru facility during shift 2.,Resolved,Mumbai
3428,Shipment Delay,Medium,Unexpected weather conditions slowed transportation. Reported at Hyderabad facility during shift 2.,In Progress,Delhi
3429,Documentation Error,Medium,Documentation approval pending correction. Reported at Chennai facility during shift 2.,Resolved,Pune
3430,Transportation Failure,Low,Transportation vendor system outage reported. Reported at Kolkata facility during shift 2.,Open,Kolkata
3431,Inventory Shortage,Medium,Unexpected order spike exhausted stock. Reported at Delhi facility during shift 1.,In Progress,Kolkata
3432,Warehouse Issue,Critical,Warehouse management system outage reported. Reported at Delhi facility during shift 2.,Open,Delhi
3433,Warehouse Issue,Low,Storage location information incorrect. Reported at Mumbai facility during shift 3.,Open,Bengaluru
3434,Customs Issue,High,Customs valuation dispute identified. Reported at Hyderabad facility during shift 2.,In Progress,Ahmedabad
3435,Damaged Goods,Medium,Improper handling caused item breakage. Reported at Kolkata facility during shift 2.,Resolved,Pune
3436,Damaged Goods,Medium,Container impact damaged shipment contents. Reported at Bengaluru facility during shift 3.,Open,Mumbai
3437,Warehouse Issue,Low,Warehouse staffing shortage reported. Reported at Bengaluru facility during shift 3.,Open,Ahmedabad
3438,Warehouse Issue,Medium,Picking error occurred in warehouse. Reported at Delhi facility during shift 2.,In Progress,Bengaluru
3439,Shipment Delay,High,Port congestion delayed shipment arrival. Reported at Chennai facility during shift 1.,In Progress,Delhi
3440,Customs Issue,Critical,Import documentation under review. Reported at Mumbai facility during shift 1.,In Progress,Bengaluru
3441,Warehouse Issue,Critical,Dock congestion slowed warehouse throughput. Reported at Delhi facility during shift 3.,In Progress,Delhi
3442,Transportation Failure,Medium,Third-party carrier cancelled shipment booking. Reported at Hyderabad facility during shift 3.,Resolved,Bengaluru
3443,Documentation Error,Medium,Incorrect consignee information provided. Reported at Pune facility during shift 3.,Resolved,Pune
3444,Inventory Shortage,Medium,Inventory replenishment delayed. Reported at Hyderabad facility during shift 1.,In Progress,Delhi
3445,Customs Issue,Medium,Trade compliance review delayed processing. Reported at Pune facility during shift 1.,Resolved,Pune
3446,Transportation Failure,Low,Driver unavailable for scheduled route. Reported at Mumbai facility during shift 2.,In Progress,Chennai
3447,Documentation Error,Medium,Manifest information incomplete. Reported at Chennai facility during shift 2.,Open,Hyderabad
3448,Transportation Failure,Medium,Fleet utilization exceeded available capacity. Reported at Hyderabad facility during shift 2.,In Progress,Bengaluru
3449,Damaged Goods,Medium,Warehouse accident damaged stored inventory. Reported at Delhi facility during shift 2.,Resolved,Hyderabad
3450,Shipment Delay,Medium,Holiday demand surge caused shipping delays. Reported at Ahmedabad facility during shift 1.,In Progress,Ahmedabad
3451,Inventory Shortage,Low,Stockout occurred at fulfillment center. Reported at Hyderabad facility during shift 3.,In Progress,Bengaluru
3452,Transportation Failure,Low,Transportation vendor system outage reported. Reported at Chennai facility during shift 1.,Resolved,Bengaluru
3453,Transportation Failure,Low,Transport route disruption due to road closure. Reported at Mumbai facility during shift 3.,Resolved,Delhi
3454,Transportation Failure,Medium,Trailer availability issue delayed dispatch. Reported at Chennai facility during shift 3.,Resolved,Delhi
3455,Warehouse Issue,High,Order consolidation process delayed shipment. Reported at Mumbai facility during shift 2.,In Progress,Ahmedabad
3456,Inventory Shortage,Medium,Warehouse stock shortage detected. Reported at Hyderabad facility during shift 3.,In Progress,Mumbai
3457,Damaged Goods,Medium,Goods arrived with visible damage. Reported at Mumbai facility during shift 2.,In Progress,Pune
3458,Warehouse Issue,High,Dock congestion slowed warehouse throughput. Reported at Bengaluru facility during shift 2.,In Progress,Chennai
3459,Shipment Delay,Medium,Cargo loading completed behind schedule. Reported at Mumbai facility during shift 2.,In Progress,Bengaluru
3460,Damaged Goods,Low,Shipment contents damaged in transit. Reported at Kolkata facility during shift 2.,In Progress,Ahmedabad
3461,Customs Issue,High,Tariff classification review in progress. Reported at Delhi facility during shift 3.,Resolved,Mumbai
3462,Damaged Goods,Low,Forklift accident damaged inventory. Reported at Bengaluru facility during shift 2.,Resolved,Hyderabad
3463,Transportation Failure,Critical,Accident blocked scheduled delivery route. Reported at Kolkata facility during shift 2.,In Progress,Chennai
3464,Documentation Error,Low,Documentation approval pending correction. Reported at Chennai facility during shift 3.,Open,Pune
3465,Transportation Failure,Critical,Logistics partner experienced operational failure. Reported at Chennai facility during shift 3.,Resolved,Pune
3466,Inventory Shortage,Medium,Product unavailable due to inventory mismatch. Reported at Mumbai facility during shift 3.,Resolved,Hyderabad
3467,Damaged Goods,Low,Goods arrived with visible damage. Reported at Hyderabad facility during shift 2.,Resolved,Hyderabad
3468,Documentation Error,Medium,Invoice value discrepancy identified. Reported at Ahmedabad facility during shift 3.,Open,Pune
3469,Warehouse Issue,Medium,Space constraint affected storage operations. Reported at Ahmedabad facility during shift 2.,Resolved,Pune
3470,Warehouse Issue,High,Inventory misplaced within storage area. Reported at Delhi facility during shift 3.,Resolved,Chennai
3471,Inventory Shortage,High,Inventory replenishment delayed. Reported at Mumbai facility during shift 2.,In Progress,Mumbai
3472,Warehouse Issue,Medium,Storage location information incorrect. Reported at Hyderabad facility during shift 3.,Resolved,Ahmedabad
3473,Shipment Delay,High,Last-mile delivery partner unavailable. Reported at Chennai facility during shift 2.,Resolved,Hyderabad
3474,Damaged Goods,High,Receiving inspection identified damaged goods. Reported at Pune facility during shift 1.,Open,Kolkata
3475,Transportation Failure,Critical,Third-party carrier cancelled shipment booking. Reported at Delhi facility during shift 3.,Resolved,Mumbai
3476,Shipment Delay,Low,Port congestion delayed shipment arrival. Reported at Bengaluru facility during shift 3.,Resolved,Pune
3477,Warehouse Issue,Medium,Order picking queue exceeded capacity. Reported at Mumbai facility during shift 1.,Resolved,Ahmedabad
3478,Warehouse Issue,Critical,Inventory misplaced within storage area. Reported at Mumbai facility during shift 2.,In Progress,Chennai
3479,Warehouse Issue,Medium,Warehouse stock mismatch identified. Reported at Delhi facility during shift 1.,Resolved,Chennai
3480,Damaged Goods,High,Water exposure damaged packaged goods. Reported at Delhi facility during shift 3.,In Progress,Bengaluru
3481,Inventory Shortage,Medium,Inventory reservation conflict identified. Reported at Pune facility during shift 1.,Resolved,Pune
3482,Customs Issue,Medium,Shipment flagged for compliance audit. Reported at Chennai facility during shift 3.,Resolved,Chennai
3483,Warehouse Issue,Low,Warehouse staffing shortage reported. Reported at Pune facility during shift 1.,In Progress,Chennai
3484,Customs Issue,Medium,Regulatory approval pending clearance. Reported at Mumbai facility during shift 1.,Resolved,Mumbai
3485,Shipment Delay,Critical,Unexpected weather conditions slowed transportation. Reported at Delhi facility during shift 3.,In Progress,Delhi
3486,Customs Issue,Low,Trade compliance review delayed processing. Reported at Pune facility during shift 2.,Resolved,Kolkata
3487,Shipment Delay,Medium,Rail transport delay impacted delivery timeline. Reported at Chennai facility during shift 3.,Resolved,Mumbai
3488,Warehouse Issue,Low,Inventory misplaced within storage area. Reported at Mumbai facility during shift 1.,Open,Delhi
3489,Damaged Goods,Medium,Forklift accident damaged inventory. Reported at Ahmedabad facility during shift 1.,In Progress,Ahmedabad
3490,Inventory Shortage,Critical,Supplier delay created inventory gap. Reported at Kolkata facility during shift 1.,Open,Bengaluru
3491,Customs Issue,Low,Customs requested additional documentation. Reported at Kolkata facility during shift 3.,In Progress,Bengaluru
3492,Warehouse Issue,Low,Cycle count discrepancy identified. Reported at Chennai facility during shift 3.,In Progress,Pune
3493,Warehouse Issue,Medium,Space constraint affected storage operations. Reported at Kolkata facility during shift 1.,In Progress,Ahmedabad
3494,Customs Issue,Medium,Border inspection extended shipment hold. Reported at Mumbai facility during shift 3.,In Progress,Kolkata
3495,Inventory Shortage,Low,Cycle count revealed stock deficiency. Reported at Ahmedabad facility during shift 3.,In Progress,Mumbai
3496,Shipment Delay,Medium,Delivery delayed due to traffic disruption. Reported at Hyderabad facility during shift 1.,Resolved,Chennai
3497,Customs Issue,Medium,Import documentation under review. Reported at Bengaluru facility during shift 2.,In Progress,Chennai
3498,Warehouse Issue,Medium,Storage location information incorrect. Reported at Kolkata facility during shift 3.,Open,Pune
3499,Inventory Shortage,Low,Stockout occurred at fulfillment center. Reported at Delhi facility during shift 3.,In Progress,Hyderabad
3500,Shipment Delay,Low,Holiday demand surge caused shipping delays. Reported at Kolkata facility during shift 1.,Open,Ahmedabad
3501,Damaged Goods,Medium,Fragile goods mishandled during unloading. Reported at Bengaluru facility during shift 2.,Resolved,Hyderabad
3502,Transportation Failure,Critical,Transportation network disruption reported. Reported at Hyderabad facility during shift 1.,Open,Chennai
3503,Inventory Shortage,Medium,Raw material shortage impacted production. Reported at Chennai facility during shift 1.,Open,Chennai
3504,Damaged Goods,Low,Goods arrived with visible damage. Reported at Ahmedabad facility during shift 2.,Open,Mumbai
3505,Damaged Goods,Low,Fragile goods mishandled during unloading. Reported at Hyderabad facility during shift 3.,Open,Bengaluru
3506,Documentation Error,Medium,Incorrect consignee information provided. Reported at Bengaluru facility during shift 1.,Resolved,Chennai
3507,Transportation Failure,Medium,Fleet utilization exceeded available capacity. Reported at Kolkata facility during shift 2.,Resolved,Chennai
3508,Documentation Error,Medium,Customs paperwork contained errors. Reported at Delhi facility during shift 3.,In Progress,Ahmedabad
3509,Warehouse Issue,Low,Inventory allocation issue detected. Reported at Pune facility during shift 2.,Resolved,Bengaluru
3510,Warehouse Issue,High,Warehouse staffing shortage reported. Reported at Pune facility during shift 3.,In Progress,Delhi
3511,Warehouse Issue,Low,Warehouse management system outage reported. Reported at Mumbai facility during shift 2.,Open,Chennai
3512,Customs Issue,High,Tariff classification review in progress. Reported at Mumbai facility during shift 1.,In Progress,Chennai
3513,Inventory Shortage,Medium,Stockout occurred at fulfillment center. Reported at Bengaluru facility during shift 3.,Resolved,Mumbai
3514,Documentation Error,Medium,Export declaration contained errors. Reported at Bengaluru facility during shift 3.,Resolved,Pune
3515,Documentation Error,Medium,Bill of lading information mismatch detected. Reported at Bengaluru facility during shift 1.,In Progress,Ahmedabad
3516,Shipment Delay,Low,Holiday demand surge caused shipping delays. Reported at Hyderabad facility during shift 1.,Open,Chennai
3517,Documentation Error,Low,Shipping label generated with incorrect address. Reported at Mumbai facility during shift 2.,Resolved,Kolkata
3518,Shipment Delay,Low,Port congestion delayed shipment arrival. Reported at Delhi facility during shift 2.,In Progress,Delhi
3519,Shipment Delay,Medium,Mechanical failure delayed freight movement. Reported at Hyderabad facility during shift 1.,Open,Bengaluru
3520,Shipment Delay,Medium,Rail transport delay impacted delivery timeline. Reported at Chennai facility during shift 3.,In Progress,Ahmedabad
3521,Inventory Shortage,Low,Warehouse stock shortage detected. Reported at Hyderabad facility during shift 2.,Open,Ahmedabad
3522,Customs Issue,Medium,Border security inspection caused delay. Reported at Hyderabad facility during shift 1.,Open,Hyderabad
3523,Damaged Goods,Medium,Warehouse accident damaged stored inventory. Reported at Bengaluru facility during shift 3.,Open,Ahmedabad
3524,Customs Issue,Critical,Border security inspection caused delay. Reported at Hyderabad facility during shift 1.,Open,Delhi
3525,Warehouse Issue,Medium,Inventory allocation issue detected. Reported at Ahmedabad facility during shift 1.,Resolved,Ahmedabad
3526,Inventory Shortage,High,Procurement delay affected inventory availability. Reported at Kolkata facility during shift 2.,Resolved,Kolkata
3527,Inventory Shortage,Low,Inventory replenishment delayed. Reported at Delhi facility during shift 2.,In Progress,Hyderabad
3528,Warehouse Issue,Low,Storage location information incorrect. Reported at Delhi facility during shift 2.,Resolved,Bengaluru
3529,Inventory Shortage,Medium,Supplier delay created inventory gap. Reported at Mumbai facility during shift 1.,Resolved,Chennai
3530,Shipment Delay,Medium,Unexpected weather conditions slowed transportation. Reported at Hyderabad facility during shift 2.,Open,Kolkata
3531,Inventory Shortage,Low,Warehouse stock shortage detected. Reported at Ahmedabad facility during shift 1.,In Progress,Ahmedabad
3532,Customs Issue,Critical,Customs valuation dispute identified. Reported at Delhi facility during shift 1.,Open,Chennai
3533,Shipment Delay,Medium,Rail transport delay impacted delivery timeline. Reported at Pune facility during shift 1.,In Progress,Delhi
3534,Shipment Delay,Medium,Rail transport delay impacted delivery timeline. Reported at Pune facility during shift 1.,Resolved,Chennai
3535,Shipment Delay,Medium,Container missed connecting vessel. Reported at Ahmedabad facility during shift 2.,Open,Chennai
3536,Shipment Delay,Medium,Last-mile delivery partner unavailable. Reported at Bengaluru facility during shift 1.,Resolved,Chennai
3537,Shipment Delay,Medium,Driver shortage affected transportation schedule. Reported at Ahmedabad facility during shift 1.,Open,Bengaluru
3538,Warehouse Issue,Medium,Space constraint affected storage operations. Reported at Chennai facility during shift 3.,Open,Mumbai
3539,Shipment Delay,Low,Unexpected weather conditions slowed transportation. Reported at Kolkata facility during shift 3.,Resolved,Ahmedabad
3540,Shipment Delay,Low,Shipment rerouted causing additional transit time. Reported at Kolkata facility during shift 2.,Open,Chennai
3541,Warehouse Issue,High,Warehouse staffing shortage reported. Reported at Hyderabad facility during shift 2.,Resolved,Hyderabad
3542,Customs Issue,Low,Tariff classification review in progress. Reported at Mumbai facility during shift 2.,Open,Mumbai
3543,Transportation Failure,Low,Transportation network disruption reported. Reported at Chennai facility during shift 2.,Open,Kolkata
3544,Shipment Delay,Low,Port congestion delayed shipment arrival. Reported at Bengaluru facility during shift 2.,Open,Delhi
3545,Damaged Goods,Medium,Goods arrived with visible damage. Reported at Mumbai facility during shift 3.,Open,Pune
3546,Inventory Shortage,Low,Demand exceeded available stock levels. Reported at Hyderabad facility during shift 1.,Resolved,Chennai
3547,Documentation Error,High,Required compliance document missing. Reported at Hyderabad facility during shift 3.,In Progress,Delhi
3548,Transportation Failure,Medium,Route planning error delayed movement. Reported at Chennai facility during shift 1.,In Progress,Pune
3549,Damaged Goods,Medium,Product packaging torn during loading. Reported at Bengaluru facility during shift 1.,Open,Ahmedabad
3550,Documentation Error,Medium,Manifest information incomplete. Reported at Hyderabad facility during shift 3.,Resolved,Delhi
3551,Damaged Goods,Medium,Water exposure damaged packaged goods. Reported at Pune facility during shift 3.,Open,Kolkata
3552,Shipment Delay,Medium,Port congestion delayed shipment arrival. Reported at Mumbai facility during shift 1.,Open,Pune
3553,Documentation Error,High,Documentation approval pending correction. Reported at Mumbai facility during shift 1.,Resolved,Kolkata
3554,Warehouse Issue,Medium,Put-away process delayed inventory availability. Reported at Hyderabad facility during shift 3.,Resolved,Kolkata
3555,Damaged Goods,Medium,Improper handling caused item breakage. Reported at Kolkata facility during shift 3.,Open,Bengaluru
3556,Transportation Failure,Medium,Fuel supply issue interrupted transportation. Reported at Chennai facility during shift 1.,In Progress,Hyderabad
3557,Transportation Failure,High,Vehicle maintenance issue halted delivery. Reported at Chennai facility during shift 3.,In Progress,Mumbai
3558,Documentation Error,Low,Missing invoice delayed processing. Reported at Chennai facility during shift 2.,Resolved,Delhi
3559,Shipment Delay,Low,Delivery delayed due to traffic disruption. Reported at Hyderabad facility during shift 1.,Resolved,Bengaluru
3560,Transportation Failure,High,Route planning error delayed movement. Reported at Delhi facility during shift 1.,Open,Hyderabad
3561,Documentation Error,Medium,Required compliance document missing. Reported at Kolkata facility during shift 2.,Open,Delhi
3562,Shipment Delay,Low,Unexpected weather conditions slowed transportation. Reported at Kolkata facility during shift 2.,Open,Delhi
3563,Customs Issue,Low,Trade compliance review delayed processing. Reported at Chennai facility during shift 1.,Open,Bengaluru
3564,Customs Issue,Critical,Regulatory approval pending clearance. Reported at Ahmedabad facility during shift 3.,Open,Chennai
3565,Damaged Goods,High,Receiving inspection identified damaged goods. Reported at Pune facility during shift 1.,Open,Chennai
3566,Shipment Delay,Medium,Shipment delayed due to customs inspection. Reported at Chennai facility during shift 3.,Open,Hyderabad
3567,Customs Issue,Low,Regulatory approval pending clearance. Reported at Kolkata facility during shift 2.,Open,Chennai
3568,Shipment Delay,Low,Cargo loading completed behind schedule. Reported at Mumbai facility during shift 1.,In Progress,Chennai
3569,Shipment Delay,Medium,Rail transport delay impacted delivery timeline. Reported at Mumbai facility during shift 2.,Resolved,Delhi
3570,Warehouse Issue,Medium,Warehouse processing backlog reported. Reported at Delhi facility during shift 3.,In Progress,Ahmedabad
3571,Customs Issue,Low,Regulatory approval pending clearance. Reported at Chennai facility during shift 2.,Resolved,Pune
3572,Damaged Goods,Medium,Temperature excursion affected product quality. Reported at Mumbai facility during shift 3.,In Progress,Kolkata
3573,Inventory Shortage,Critical,Warehouse stock shortage detected. Reported at Chennai facility during shift 1.,Resolved,Hyderabad
3574,Customs Issue,Low,Border inspection extended shipment hold. Reported at Bengaluru facility during shift 2.,Open,Bengaluru
3575,Transportation Failure,High,Transport route disruption due to road closure. Reported at Mumbai facility during shift 3.,In Progress,Mumbai
3576,Customs Issue,Low,Border security inspection caused delay. Reported at Pune facility during shift 3.,Resolved,Delhi
3577,Warehouse Issue,Critical,Cycle count discrepancy identified. Reported at Hyderabad facility during shift 1.,Open,Hyderabad
3578,Warehouse Issue,Medium,Warehouse staffing shortage reported. Reported at Chennai facility during shift 1.,In Progress,Bengaluru
3579,Damaged Goods,Medium,Pallet collapse resulted in product damage. Reported at Kolkata facility during shift 1.,In Progress,Hyderabad
3580,Damaged Goods,Medium,Container impact damaged shipment contents. Reported at Hyderabad facility during shift 2.,Open,Chennai
3581,Shipment Delay,High,Shipment delayed due to customs inspection. Reported at Delhi facility during shift 2.,Resolved,Chennai
3582,Warehouse Issue,Medium,Storage location information incorrect. Reported at Mumbai facility during shift 3.,Open,Bengaluru
3583,Documentation Error,Low,Export declaration contained errors. Reported at Hyderabad facility during shift 1.,In Progress,Delhi
3584,Shipment Delay,High,Cargo loading completed behind schedule. Reported at Pune facility during shift 3.,In Progress,Hyderabad
3585,Customs Issue,Low,Customs requested additional documentation. Reported at Delhi facility during shift 2.,In Progress,Bengaluru
3586,Transportation Failure,Medium,Vehicle maintenance issue halted delivery. Reported at Delhi facility during shift 1.,In Progress,Chennai
3587,Shipment Delay,Medium,Carrier scheduling issue caused shipment delay. Reported at Mumbai facility during shift 1.,Resolved,Delhi
3588,Documentation Error,Medium,Data entry error impacted shipment records. Reported at Pune facility during shift 1.,Resolved,Kolkata
3589,Shipment Delay,Critical,Shipment rerouted causing additional transit time. Reported at Delhi facility during shift 3.,In Progress,Chennai
3590,Damaged Goods,High,Fragile goods mishandled during unloading. Reported at Kolkata facility during shift 1.,Open,Ahmedabad
3591,Documentation Error,Low,Customs paperwork contained errors. Reported at Bengaluru facility during shift 1.,In Progress,Chennai
3592,Shipment Delay,Low,Truck breakdown caused delivery delay. Reported at Delhi facility during shift 3.,Open,Ahmedabad
3593,Shipment Delay,High,Shipment delayed due to customs inspection. Reported at Mumbai facility during shift 3.,Open,Bengaluru
3594,Inventory Shortage,Medium,Cycle count revealed stock deficiency. Reported at Kolkata facility during shift 1.,Open,Chennai
3595,Customs Issue,High,Country-specific restriction affected import. Reported at Hyderabad facility during shift 3.,Open,Ahmedabad
3596,Customs Issue,Low,Tariff classification review in progress. Reported at Kolkata facility during shift 2.,Resolved,Hyderabad
3597,Damaged Goods,Medium,Pallet collapse resulted in product damage. Reported at Chennai facility during shift 2.,Open,Ahmedabad
3598,Transportation Failure,High,Logistics partner experienced operational failure. Reported at Hyderabad facility during shift 2.,Open,Mumbai
3599,Documentation Error,Low,Missing invoice delayed processing. Reported at Pune facility during shift 1.,In Progress,Bengaluru
3600,Customs Issue,Low,Regulatory verification delayed release. Reported at Ahmedabad facility during shift 1.,In Progress,Kolkata
3601,Shipment Delay,Low,Last-mile delivery partner unavailable. Reported at Kolkata facility during shift 3.,In Progress,Mumbai
3602,Customs Issue,Medium,Customs valuation dispute identified. Reported at Delhi facility during shift 2.,Open,Kolkata
3603,Transportation Failure,High,Delivery vehicle breakdown reported. Reported at Kolkata facility during shift 2.,In Progress,Pune
3604,Customs Issue,High,Shipment selected for random inspection. Reported at Kolkata facility during shift 1.,In Progress,Mumbai
3605,Documentation Error,High,Shipping label generated with incorrect address. Reported at Ahmedabad facility during shift 2.,In Progress,Hyderabad
3606,Warehouse Issue,Medium,Cycle count discrepancy identified. Reported at Hyderabad facility during shift 2.,Open,Delhi
3607,Documentation Error,Low,Incorrect shipping documentation submitted. Reported at Bengaluru facility during shift 2.,In Progress,Mumbai
3608,Warehouse Issue,Medium,Inventory misplaced within storage area. Reported at Hyderabad facility during shift 3.,In Progress,Delhi
3609,Inventory Shortage,High,Demand exceeded available stock levels. Reported at Pune facility during shift 2.,In Progress,Chennai
3610,Damaged Goods,High,Packaging failure led to damaged products. Reported at Kolkata facility during shift 3.,Resolved,Delhi
3611,Shipment Delay,High,Port congestion delayed shipment arrival. Reported at Mumbai facility during shift 2.,In Progress,Hyderabad
3612,Documentation Error,Medium,Data entry error impacted shipment records. Reported at Pune facility during shift 1.,Resolved,Delhi
3613,Shipment Delay,Medium,Delivery delayed due to traffic disruption. Reported at Hyderabad facility during shift 2.,Open,Mumbai
3614,Shipment Delay,Medium,Shipment rerouted causing additional transit time. Reported at Ahmedabad facility during shift 1.,Open,Delhi
3615,Transportation Failure,Medium,Logistics partner experienced operational failure. Reported at Chennai facility during shift 3.,In Progress,Bengaluru
3616,Damaged Goods,High,Fragile goods mishandled during unloading. Reported at Hyderabad facility during shift 3.,Resolved,Delhi
3617,Customs Issue,High,Customs clearance process delayed. Reported at Hyderabad facility during shift 3.,Resolved,Chennai
3618,Transportation Failure,Medium,Fuel supply issue interrupted transportation. Reported at Hyderabad facility during shift 1.,Open,Mumbai
3619,Shipment Delay,High,Port congestion delayed shipment arrival. Reported at Mumbai facility during shift 1.,In Progress,Hyderabad
3620,Inventory Shortage,High,Raw material shortage impacted production. Reported at Hyderabad facility during shift 1.,Open,Bengaluru
3621,Warehouse Issue,Medium,Warehouse stock mismatch identified. Reported at Mumbai facility during shift 3.,In Progress,Kolkata
3622,Shipment Delay,Low,Holiday demand surge caused shipping delays. Reported at Bengaluru facility during shift 2.,Resolved,Kolkata
3623,Shipment Delay,Low,Shipment delayed due to customs inspection. Reported at Bengaluru facility during shift 1.,Resolved,Bengaluru
3624,Shipment Delay,High,Rail transport delay impacted delivery timeline. Reported at Ahmedabad facility during shift 3.,Resolved,Chennai
3625,Shipment Delay,Critical,Truck breakdown caused delivery delay. Reported at Hyderabad facility during shift 1.,Open,Hyderabad
3626,Transportation Failure,Low,Transportation network disruption reported. Reported at Mumbai facility during shift 1.,Resolved,Ahmedabad
3627,Customs Issue,Medium,Customs clearance process delayed. Reported at Ahmedabad facility during shift 3.,Open,Mumbai
3628,Customs Issue,High,Shipment selected for random inspection. Reported at Kolkata facility during shift 1.,In Progress,Chennai
3629,Customs Issue,Medium,Shipment flagged for compliance audit. Reported at Hyderabad facility during shift 1.,In Progress,Ahmedabad
3630,Warehouse Issue,Critical,Inventory misplaced within storage area. Reported at Pune facility during shift 2.,Resolved,Mumbai
3631,Shipment Delay,Low,Unexpected weather conditions slowed transportation. Reported at Ahmedabad facility during shift 2.,Resolved,Delhi
3632,Customs Issue,Critical,Customs clearance process delayed. Reported at Chennai facility during shift 2.,Resolved,Ahmedabad
3633,Documentation Error,Low,Data entry error impacted shipment records. Reported at Chennai facility during shift 2.,In Progress,Chennai
3634,Customs Issue,Critical,Border inspection extended shipment hold. Reported at Ahmedabad facility during shift 1.,Open,Kolkata
3635,Shipment Delay,Medium,Cargo loading completed behind schedule. Reported at Mumbai facility during shift 3.,Open,Delhi
3636,Inventory Shortage,Medium,Raw material shortage impacted production. Reported at Kolkata facility during shift 2.,Open,Bengaluru
3637,Transportation Failure,Medium,Driver unavailable for scheduled route. Reported at Bengaluru facility during shift 1.,In Progress,Mumbai
3638,Shipment Delay,Low,Port congestion delayed shipment arrival. Reported at Hyderabad facility during shift 3.,Resolved,Pune
3639,Warehouse Issue,Low,Receiving delay impacted warehouse operations. Reported at Ahmedabad facility during shift 3.,Open,Hyderabad
3640,Customs Issue,High,Trade compliance review delayed processing. Reported at Hyderabad facility during shift 1.,Open,Bengaluru
3641,Transportation Failure,Medium,Carrier failed to pick up shipment. Reported at Delhi facility during shift 1.,Open,Kolkata
3642,Documentation Error,Medium,Missing certificate delayed shipment release. Reported at Kolkata facility during shift 3.,In Progress,Hyderabad
3643,Transportation Failure,Medium,Accident blocked scheduled delivery route. Reported at Ahmedabad facility during shift 1.,In Progress,Pune
3644,Shipment Delay,Medium,Delivery delayed due to traffic disruption. Reported at Mumbai facility during shift 1.,In Progress,Delhi
3645,Shipment Delay,Low,Container missed connecting vessel. Reported at Chennai facility during shift 3.,In Progress,Hyderabad
3646,Warehouse Issue,Low,Storage location information incorrect. Reported at Kolkata facility during shift 1.,Open,Bengaluru
3647,Inventory Shortage,Medium,Safety stock threshold breached. Reported at Chennai facility during shift 3.,In Progress,Delhi
3648,Damaged Goods,High,Transit vibration caused product defects. Reported at Bengaluru facility during shift 3.,Open,Bengaluru
3649,Documentation Error,High,Customs paperwork contained errors. Reported at Hyderabad facility during shift 3.,Resolved,Mumbai
3650,Inventory Shortage,Critical,Warehouse stock shortage detected. Reported at Chennai facility during shift 2.,Resolved,Kolkata
3651,Documentation Error,Medium,Invoice value discrepancy identified. Reported at Mumbai facility during shift 1.,Open,Chennai
3652,Inventory Shortage,Medium,Product unavailable due to inventory mismatch. Reported at Pune facility during shift 1.,Resolved,Pune
3653,Warehouse Issue,Low,Space constraint affected storage operations. Reported at Kolkata facility during shift 3.,Resolved,Bengaluru
3654,Inventory Shortage,Medium,Raw material shortage impacted production. Reported at Pune facility during shift 1.,Open,Mumbai
3655,Shipment Delay,High,Container missed connecting vessel. Reported at Chennai facility during shift 1.,In Progress,Ahmedabad
3656,Transportation Failure,Medium,Vehicle maintenance issue halted delivery. Reported at Delhi facility during shift 2.,Resolved,Kolkata
3657,Warehouse Issue,Low,Picking error occurred in warehouse. Reported at Pune facility during shift 2.,In Progress,Pune
3658,Customs Issue,Medium,Shipment selected for random inspection. Reported at Mumbai facility during shift 1.,Open,Ahmedabad
3659,Transportation Failure,Low,Driver unavailable for scheduled route. Reported at Mumbai facility during shift 1.,In Progress,Ahmedabad
3660,Documentation Error,Low,Missing invoice delayed processing. Reported at Pune facility during shift 2.,In Progress,Chennai
3661,Warehouse Issue,Low,Dock congestion slowed warehouse throughput. Reported at Ahmedabad facility during shift 1.,In Progress,Chennai
3662,Inventory Shortage,High,Stockout occurred at fulfillment center. Reported at Hyderabad facility during shift 2.,In Progress,Hyderabad
3663,Transportation Failure,Low,Third-party carrier cancelled shipment booking. Reported at Ahmedabad facility during shift 2.,In Progress,Mumbai
3664,Transportation Failure,Low,Transport route disruption due to road closure. Reported at Chennai facility during shift 2.,Resolved,Ahmedabad
3665,Shipment Delay,High,Container missed connecting vessel. Reported at Kolkata facility during shift 2.,In Progress,Bengaluru
3666,Transportation Failure,Low,Accident blocked scheduled delivery route. Reported at Chennai facility during shift 1.,In Progress,Hyderabad
3667,Inventory Shortage,High,Backordered items unavailable for dispatch. Reported at Chennai facility during shift 1.,In Progress,Mumbai
3668,Warehouse Issue,Medium,Inventory allocation issue detected. Reported at Pune facility during shift 3.,Open,Kolkata
3669,Shipment Delay,Low,Port congestion delayed shipment arrival. Reported at Delhi facility during shift 2.,In Progress,Kolkata
3670,Inventory Shortage,Medium,Warehouse unable to fulfill requested quantity. Reported at Ahmedabad facility during shift 1.,In Progress,Chennai
3671,Transportation Failure,Low,Fuel supply issue interrupted transportation. Reported at Kolkata facility during shift 2.,In Progress,Kolkata
3672,Customs Issue,Critical,Border inspection extended shipment hold. Reported at Delhi facility during shift 2.,Resolved,Bengaluru
3673,Damaged Goods,Medium,Forklift accident damaged inventory. Reported at Kolkata facility during shift 2.,Open,Pune
3674,Documentation Error,Medium,Customs paperwork contained errors. Reported at Bengaluru facility during shift 3.,Resolved,Ahmedabad
3675,Documentation Error,Medium,Incorrect shipping documentation submitted. Reported at Kolkata facility during shift 3.,In Progress,Kolkata
3676,Documentation Error,Low,Missing certificate delayed shipment release. Reported at Bengaluru facility during shift 1.,In Progress,Pune
3677,Warehouse Issue,Medium,Warehouse processing backlog reported. Reported at Hyderabad facility during shift 1.,Open,Delhi
3678,Transportation Failure,Low,Logistics partner experienced operational failure. Reported at Kolkata facility during shift 3.,In Progress,Ahmedabad
3679,Transportation Failure,Low,Vehicle maintenance issue halted delivery. Reported at Chennai facility during shift 2.,Resolved,Pune
3680,Transportation Failure,Medium,Fleet utilization exceeded available capacity. Reported at Chennai facility during shift 3.,Resolved,Ahmedabad
3681,Transportation Failure,Low,Equipment malfunction impacted transport operations. Reported at Pune facility during shift 2.,In Progress,Mumbai
3682,Documentation Error,High,Data entry error impacted shipment records. Reported at Chennai facility during shift 1.,Resolved,Hyderabad
3683,Inventory Shortage,Low,Inventory reservation conflict identified. Reported at Delhi facility during shift 2.,In Progress,Delhi
3684,Transportation Failure,Low,Equipment malfunction impacted transport operations. Reported at Bengaluru facility during shift 1.,Open,Delhi
3685,Customs Issue,Low,Import documentation under review. Reported at Ahmedabad facility during shift 1.,Open,Ahmedabad
3686,Warehouse Issue,Medium,Receiving delay impacted warehouse operations. Reported at Ahmedabad facility during shift 2.,In Progress,Mumbai
3687,Transportation Failure,Low,Carrier failed to pick up shipment. Reported at Chennai facility during shift 2.,Resolved,Pune
3688,Shipment Delay,Medium,Carrier scheduling issue caused shipment delay. Reported at Hyderabad facility during shift 3.,Resolved,Bengaluru
3689,Shipment Delay,High,Container missed connecting vessel. Reported at Delhi facility during shift 1.,Resolved,Chennai
3690,Inventory Shortage,Low,Cycle count revealed stock deficiency. Reported at Delhi facility during shift 1.,Open,Kolkata
3691,Documentation Error,Critical,Invoice value discrepancy identified. Reported at Chennai facility during shift 1.,In Progress,Delhi
3692,Customs Issue,High,Tariff classification review in progress. Reported at Hyderabad facility during shift 2.,Open,Kolkata
3693,Documentation Error,Medium,Incorrect shipping documentation submitted. Reported at Mumbai facility during shift 2.,Open,Bengaluru
3694,Warehouse Issue,Medium,Picking error occurred in warehouse. Reported at Kolkata facility during shift 1.,Open,Pune
3695,Customs Issue,Medium,Shipment held by customs authorities. Reported at Chennai facility during shift 2.,Open,Delhi
3696,Transportation Failure,Low,Transportation network disruption reported. Reported at Ahmedabad facility during shift 1.,In Progress,Kolkata
3697,Documentation Error,Low,Bill of lading information mismatch detected. Reported at Mumbai facility during shift 2.,In Progress,Ahmedabad
3698,Transportation Failure,Low,Logistics partner experienced operational failure. Reported at Chennai facility during shift 3.,Resolved,Chennai
3699,Customs Issue,Low,Tariff classification review in progress. Reported at Pune facility during shift 2.,In Progress,Pune
3700,Shipment Delay,Medium,Dispatch process delayed at origin facility. Reported at Bengaluru facility during shift 3.,Open,Ahmedabad
3701,Customs Issue,Medium,Import documentation under review. Reported at Ahmedabad facility during shift 1.,Open,Delhi
3702,Documentation Error,Medium,Missing invoice delayed processing. Reported at Kolkata facility during shift 1.,Open,Hyderabad
3703,Warehouse Issue,Low,Cycle count discrepancy identified. Reported at Kolkata facility during shift 1.,In Progress,Kolkata
3704,Transportation Failure,Medium,Fuel supply issue interrupted transportation. Reported at Pune facility during shift 1.,Open,Hyderabad
3705,Damaged Goods,Medium,Forklift accident damaged inventory. Reported at Ahmedabad facility during shift 2.,Resolved,Pune
3706,Shipment Delay,High,Last-mile delivery partner unavailable. Reported at Chennai facility during shift 3.,In Progress,Hyderabad
3707,Warehouse Issue,Medium,Warehouse stock mismatch identified. Reported at Kolkata facility during shift 3.,In Progress,Kolkata
3708,Warehouse Issue,Low,Warehouse staffing shortage reported. Reported at Chennai facility during shift 1.,Open,Mumbai
3709,Documentation Error,Low,Manifest information incomplete. Reported at Delhi facility during shift 3.,Open,Mumbai
3710,Damaged Goods,Medium,Warehouse accident damaged stored inventory. Reported at Hyderabad facility during shift 1.,In Progress,Hyderabad
3711,Documentation Error,Low,Documentation approval pending correction. Reported at Chennai facility during shift 3.,Open,Pune
3712,Inventory Shortage,Low,Demand exceeded available stock levels. Reported at Bengaluru facility during shift 1.,Open,Bengaluru
3713,Damaged Goods,High,Product packaging torn during loading. Reported at Chennai facility during shift 1.,Resolved,Pune
3714,Damaged Goods,Medium,Transit vibration caused product defects. Reported at Chennai facility during shift 1.,Resolved,Bengaluru
3715,Damaged Goods,Medium,Shipment contents damaged in transit. Reported at Pune facility during shift 3.,Open,Bengaluru
3716,Warehouse Issue,High,Order picking queue exceeded capacity. Reported at Hyderabad facility during shift 3.,Resolved,Bengaluru
3717,Warehouse Issue,High,Space constraint affected storage operations. Reported at Bengaluru facility during shift 1.,In Progress,Bengaluru
3718,Transportation Failure,Medium,Trailer availability issue delayed dispatch. Reported at Delhi facility during shift 3.,Open,Chennai
3719,Damaged Goods,Low,Container impact damaged shipment contents. Reported at Bengaluru facility during shift 1.,In Progress,Hyderabad
3720,Shipment Delay,High,Port congestion delayed shipment arrival. Reported at Chennai facility during shift 2.,Resolved,Kolkata
3721,Damaged Goods,Low,Receiving inspection identified damaged goods. Reported at Delhi facility during shift 1.,Open,Ahmedabad
3722,Transportation Failure,Medium,Logistics partner experienced operational failure. Reported at Mumbai facility during shift 2.,Resolved,Pune
3723,Damaged Goods,Medium,Goods arrived with visible damage. Reported at Mumbai facility during shift 1.,Resolved,Hyderabad
3724,Customs Issue,Medium,Customs clearance process delayed. Reported at Bengaluru facility during shift 2.,Open,Delhi
3725,Inventory Shortage,High,Supplier delay created inventory gap. Reported at Ahmedabad facility during shift 1.,Open,Ahmedabad
3726,Damaged Goods,Critical,Forklift accident damaged inventory. Reported at Kolkata facility during shift 1.,In Progress,Ahmedabad
3727,Damaged Goods,Medium,Goods arrived with visible damage. Reported at Kolkata facility during shift 2.,Open,Chennai
3728,Documentation Error,High,Purchase order details inconsistent. Reported at Mumbai facility during shift 2.,Open,Chennai
3729,Shipment Delay,High,Rail transport delay impacted delivery timeline. Reported at Delhi facility during shift 3.,Resolved,Hyderabad
3730,Damaged Goods,Low,Transit vibration caused product defects. Reported at Delhi facility during shift 2.,Open,Mumbai
3731,Shipment Delay,Medium,Container missed connecting vessel. Reported at Bengaluru facility during shift 2.,In Progress,Mumbai
3732,Damaged Goods,Medium,Forklift accident damaged inventory. Reported at Delhi facility during shift 1.,Open,Hyderabad
3733,Inventory Shortage,High,Raw material shortage impacted production. Reported at Chennai facility during shift 3.,In Progress,Ahmedabad
3734,Customs Issue,Medium,Import documentation under review. Reported at Hyderabad facility during shift 2.,Open,Pune
3735,Customs Issue,Low,Regulatory approval pending clearance. Reported at Hyderabad facility during shift 1.,Open,Bengaluru
3736,Customs Issue,High,Trade compliance review delayed processing. Reported at Hyderabad facility during shift 3.,In Progress,Mumbai
3737,Documentation Error,High,Customs paperwork contained errors. Reported at Chennai facility during shift 2.,In Progress,Ahmedabad
3738,Shipment Delay,Medium,Delivery delayed due to traffic disruption. Reported at Ahmedabad facility during shift 3.,Resolved,Bengaluru
3739,Inventory Shortage,Medium,Warehouse unable to fulfill requested quantity. Reported at Bengaluru facility during shift 1.,Resolved,Kolkata
3740,Damaged Goods,Critical,Product packaging torn during loading. Reported at Pune facility during shift 3.,Open,Pune
3741,Transportation Failure,Low,Equipment malfunction impacted transport operations. Reported at Hyderabad facility during shift 2.,Resolved,Pune
3742,Customs Issue,Medium,Shipment flagged for compliance audit. Reported at Pune facility during shift 3.,Open,Delhi
3743,Warehouse Issue,High,Receiving delay impacted warehouse operations. Reported at Kolkata facility during shift 3.,Open,Kolkata
3744,Warehouse Issue,Medium,Storage location information incorrect. Reported at Chennai facility during shift 3.,In Progress,Ahmedabad
3745,Inventory Shortage,Medium,Raw material shortage impacted production. Reported at Delhi facility during shift 2.,Open,Pune
3746,Customs Issue,Medium,Customs requested additional documentation. Reported at Mumbai facility during shift 3.,Resolved,Delhi
3747,Inventory Shortage,High,Inventory replenishment delayed. Reported at Pune facility during shift 1.,Resolved,Delhi
3748,Damaged Goods,High,Packaging failure led to damaged products. Reported at Kolkata facility during shift 1.,In Progress,Ahmedabad
3749,Inventory Shortage,Medium,Backordered items unavailable for dispatch. Reported at Kolkata facility during shift 1.,In Progress,Delhi
3750,Customs Issue,High,Shipment held by customs authorities. Reported at Mumbai facility during shift 1.,Open,Hyderabad
3751,Shipment Delay,Low,Carrier scheduling issue caused shipment delay. Reported at Delhi facility during shift 3.,Open,Kolkata
3752,Transportation Failure,Low,Carrier failed to pick up shipment. Reported at Ahmedabad facility during shift 1.,In Progress,Chennai
3753,Damaged Goods,Critical,Receiving inspection identified damaged goods. Reported at Pune facility during shift 1.,In Progress,Kolkata
3754,Inventory Shortage,High,Inventory replenishment delayed. Reported at Mumbai facility during shift 2.,Resolved,Chennai
3755,Shipment Delay,Low,Dispatch process delayed at origin facility. Reported at Bengaluru facility during shift 3.,Resolved,Mumbai
3756,Documentation Error,High,Bill of lading information mismatch detected. Reported at Bengaluru facility during shift 2.,Resolved,Delhi
3757,Inventory Shortage,Low,Inventory replenishment delayed. Reported at Hyderabad facility during shift 2.,Resolved,Bengaluru
3758,Transportation Failure,Low,Transportation network disruption reported. Reported at Chennai facility during shift 3.,Open,Delhi
3759,Transportation Failure,Medium,Fleet utilization exceeded available capacity. Reported at Chennai facility during shift 2.,In Progress,Mumbai
3760,Customs Issue,Medium,Regulatory approval pending clearance. Reported at Kolkata facility during shift 1.,In Progress,Delhi
3761,Transportation Failure,Medium,Vehicle maintenance issue halted delivery. Reported at Bengaluru facility during shift 3.,In Progress,Chennai
3762,Shipment Delay,Medium,Rail transport delay impacted delivery timeline. Reported at Pune facility during shift 1.,Open,Hyderabad
3763,Transportation Failure,Medium,Transport route disruption due to road closure. Reported at Ahmedabad facility during shift 2.,Open,Mumbai
3764,Inventory Shortage,Low,Inventory reservation conflict identified. Reported at Bengaluru facility during shift 2.,Resolved,Hyderabad
3765,Damaged Goods,Low,Packaging failure led to damaged products. Reported at Mumbai facility during shift 2.,Open,Mumbai
3766,Transportation Failure,Low,Driver unavailable for scheduled route. Reported at Hyderabad facility during shift 2.,Resolved,Bengaluru
3767,Transportation Failure,Medium,Carrier failed to pick up shipment. Reported at Ahmedabad facility during shift 2.,In Progress,Pune
3768,Transportation Failure,High,Fuel supply issue interrupted transportation. Reported at Chennai facility during shift 2.,Open,Hyderabad
3769,Documentation Error,Critical,Required compliance document missing. Reported at Delhi facility during shift 3.,In Progress,Kolkata
3770,Warehouse Issue,High,Picking error occurred in warehouse. Reported at Ahmedabad facility during shift 2.,Open,Ahmedabad
3771,Shipment Delay,Medium,Truck breakdown caused delivery delay. Reported at Ahmedabad facility during shift 3.,Open,Delhi
3772,Damaged Goods,High,Packaging failure led to damaged products. Reported at Delhi facility during shift 1.,In Progress,Bengaluru
3773,Transportation Failure,Low,Vehicle maintenance issue halted delivery. Reported at Hyderabad facility during shift 2.,In Progress,Delhi
3774,Inventory Shortage,High,Stockout occurred at fulfillment center. Reported at Pune facility during shift 2.,Open,Kolkata
3775,Documentation Error,High,Required compliance document missing. Reported at Ahmedabad facility during shift 3.,Open,Delhi
3776,Damaged Goods,Medium,Transit vibration caused product defects. Reported at Hyderabad facility during shift 3.,Open,Kolkata
3777,Warehouse Issue,Medium,Space constraint affected storage operations. Reported at Delhi facility during shift 2.,Open,Hyderabad
3778,Customs Issue,Medium,Import permit approval pending. Reported at Delhi facility during shift 1.,Resolved,Hyderabad
3779,Shipment Delay,Medium,Shipment rerouted causing additional transit time. Reported at Chennai facility during shift 1.,Open,Pune
3780,Customs Issue,High,Country-specific restriction affected import. Reported at Pune facility during shift 2.,In Progress,Delhi
3781,Shipment Delay,Medium,Delivery delayed due to traffic disruption. Reported at Hyderabad facility during shift 1.,Resolved,Chennai
3782,Warehouse Issue,High,Space constraint affected storage operations. Reported at Chennai facility during shift 3.,In Progress,Mumbai
3783,Damaged Goods,Medium,Fragile goods mishandled during unloading. Reported at Kolkata facility during shift 1.,Resolved,Kolkata
3784,Customs Issue,Medium,Customs clearance process delayed. Reported at Hyderabad facility during shift 1.,Resolved,Hyderabad
3785,Damaged Goods,Medium,Forklift accident damaged inventory. Reported at Ahmedabad facility during shift 1.,In Progress,Mumbai
3786,Documentation Error,Critical,Invoice value discrepancy identified. Reported at Ahmedabad facility during shift 3.,In Progress,Kolkata
3787,Damaged Goods,Low,Receiving inspection identified damaged goods. Reported at Kolkata facility during shift 2.,In Progress,Bengaluru
3788,Transportation Failure,Medium,Transportation vendor system outage reported. Reported at Mumbai facility during shift 2.,Resolved,Mumbai
3789,Documentation Error,Low,Incorrect consignee information provided. Reported at Chennai facility during shift 1.,In Progress,Delhi
3790,Documentation Error,High,Manifest information incomplete. Reported at Mumbai facility during shift 1.,In Progress,Pune
3791,Shipment Delay,High,Dispatch process delayed at origin facility. Reported at Ahmedabad facility during shift 3.,Resolved,Kolkata
3792,Shipment Delay,Medium,Carrier scheduling issue caused shipment delay. Reported at Bengaluru facility during shift 2.,In Progress,Chennai
3793,Damaged Goods,High,Receiving inspection identified damaged goods. Reported at Chennai facility during shift 1.,In Progress,Hyderabad
3794,Transportation Failure,Low,Route planning error delayed movement. Reported at Bengaluru facility during shift 1.,In Progress,Ahmedabad
3795,Customs Issue,Medium,Border inspection extended shipment hold. Reported at Chennai facility during shift 2.,Open,Delhi
3796,Inventory Shortage,Medium,Procurement delay affected inventory availability. Reported at Delhi facility during shift 2.,In Progress,Hyderabad
3797,Warehouse Issue,Medium,Picking error occurred in warehouse. Reported at Chennai facility during shift 3.,Resolved,Kolkata
3798,Damaged Goods,Medium,Forklift accident damaged inventory. Reported at Pune facility during shift 3.,Open,Kolkata
3799,Transportation Failure,Medium,Third-party carrier cancelled shipment booking. Reported at Bengaluru facility during shift 3.,In Progress,Delhi
3800,Customs Issue,Low,Shipment flagged for compliance audit. Reported at Ahmedabad facility during shift 2.,In Progress,Pune
3801,Warehouse Issue,Low,Warehouse stock mismatch identified. Reported at Hyderabad facility during shift 3.,Open,Ahmedabad
3802,Shipment Delay,High,Carrier scheduling issue caused shipment delay. Reported at Kolkata facility during shift 3.,Resolved,Kolkata
3803,Customs Issue,Medium,Regulatory approval pending clearance. Reported at Ahmedabad facility during shift 1.,Open,Delhi
3804,Warehouse Issue,High,Warehouse stock mismatch identified. Reported at Mumbai facility during shift 2.,Resolved,Chennai
3805,Transportation Failure,High,Logistics partner experienced operational failure. Reported at Delhi facility during shift 3.,Open,Delhi
3806,Transportation Failure,High,Transport route disruption due to road closure. Reported at Delhi facility during shift 2.,Open,Bengaluru
3807,Transportation Failure,Critical,Transport route disruption due to road closure. Reported at Ahmedabad facility during shift 3.,Open,Kolkata
3808,Warehouse Issue,Low,Warehouse staffing shortage reported. Reported at Hyderabad facility during shift 3.,In Progress,Hyderabad
3809,Inventory Shortage,Medium,Warehouse stock shortage detected. Reported at Bengaluru facility during shift 3.,Resolved,Bengaluru
3810,Shipment Delay,Medium,Shipment rerouted causing additional transit time. Reported at Bengaluru facility during shift 2.,Resolved,Chennai
3811,Shipment Delay,Medium,Carrier scheduling issue caused shipment delay. Reported at Pune facility during shift 3.,In Progress,Ahmedabad
3812,Shipment Delay,Medium,Delivery delayed due to traffic disruption. Reported at Delhi facility during shift 1.,Resolved,Ahmedabad
3813,Inventory Shortage,Critical,Warehouse stock shortage detected. Reported at Pune facility during shift 2.,Resolved,Delhi
3814,Damaged Goods,High,Forklift accident damaged inventory. Reported at Hyderabad facility during shift 3.,Open,Delhi
3815,Warehouse Issue,High,Warehouse staffing shortage reported. Reported at Mumbai facility during shift 2.,Open,Kolkata
3816,Transportation Failure,Medium,Transportation vendor system outage reported. Reported at Chennai facility during shift 2.,Resolved,Hyderabad
3817,Customs Issue,High,Border inspection extended shipment hold. Reported at Mumbai facility during shift 2.,Resolved,Chennai
3818,Shipment Delay,Critical,Delivery delayed due to traffic disruption. Reported at Hyderabad facility during shift 3.,Resolved,Delhi
3819,Warehouse Issue,Low,Dock congestion slowed warehouse throughput. Reported at Mumbai facility during shift 2.,In Progress,Chennai
3820,Shipment Delay,Critical,Last-mile delivery partner unavailable. Reported at Chennai facility during shift 3.,In Progress,Hyderabad
3821,Shipment Delay,Low,Last-mile delivery partner unavailable. Reported at Chennai facility during shift 1.,Resolved,Chennai
3822,Documentation Error,Low,Missing certificate delayed shipment release. Reported at Mumbai facility during shift 2.,Open,Delhi
3823,Documentation Error,High,Purchase order details inconsistent. Reported at Delhi facility during shift 3.,In Progress,Hyderabad
3824,Warehouse Issue,Medium,Inventory misplaced within storage area. Reported at Pune facility during shift 1.,Open,Ahmedabad
3825,Inventory Shortage,Low,Backordered items unavailable for dispatch. Reported at Pune facility during shift 3.,Resolved,Ahmedabad
3826,Customs Issue,Medium,Regulatory verification delayed release. Reported at Mumbai facility during shift 1.,Open,Kolkata
3827,Documentation Error,Medium,Missing certificate delayed shipment release. Reported at Mumbai facility during shift 3.,In Progress,Mumbai
3828,Inventory Shortage,Medium,Unexpected order spike exhausted stock. Reported at Ahmedabad facility during shift 2.,Open,Chennai
3829,Documentation Error,Medium,Customs paperwork contained errors. Reported at Chennai facility during shift 1.,In Progress,Chennai
3830,Customs Issue,Low,Shipment selected for random inspection. Reported at Delhi facility during shift 2.,In Progress,Hyderabad
3831,Damaged Goods,Medium,Forklift accident damaged inventory. Reported at Pune facility during shift 3.,Resolved,Delhi
3832,Customs Issue,Medium,Regulatory verification delayed release. Reported at Pune facility during shift 3.,In Progress,Chennai
3833,Shipment Delay,High,Port congestion delayed shipment arrival. Reported at Chennai facility during shift 3.,Resolved,Delhi
3834,Damaged Goods,Medium,Goods arrived with visible damage. Reported at Pune facility during shift 1.,Open,Mumbai
3835,Inventory Shortage,Low,Demand exceeded available stock levels. Reported at Ahmedabad facility during shift 2.,Open,Hyderabad
3836,Documentation Error,Low,Export declaration contained errors. Reported at Kolkata facility during shift 3.,Resolved,Kolkata
3837,Customs Issue,Low,Shipment selected for random inspection. Reported at Ahmedabad facility during shift 1.,In Progress,Bengaluru
3838,Transportation Failure,Medium,Driver unavailable for scheduled route. Reported at Delhi facility during shift 3.,In Progress,Pune
3839,Inventory Shortage,Medium,Procurement delay affected inventory availability. Reported at Kolkata facility during shift 2.,Open,Ahmedabad
3840,Warehouse Issue,Low,Receiving delay impacted warehouse operations. Reported at Hyderabad facility during shift 3.,Open,Kolkata
3841,Warehouse Issue,Medium,Put-away process delayed inventory availability. Reported at Hyderabad facility during shift 3.,Open,Pune
3842,Warehouse Issue,Low,Put-away process delayed inventory availability. Reported at Ahmedabad facility during shift 2.,In Progress,Hyderabad
3843,Customs Issue,Critical,Tariff classification review in progress. Reported at Kolkata facility during shift 1.,Open,Bengaluru
3844,Transportation Failure,High,Delivery vehicle breakdown reported. Reported at Kolkata facility during shift 2.,Resolved,Kolkata
3845,Damaged Goods,Medium,Container impact damaged shipment contents. Reported at Mumbai facility during shift 1.,In Progress,Ahmedabad
3846,Warehouse Issue,High,Order consolidation process delayed shipment. Reported at Delhi facility during shift 1.,In Progress,Delhi
3847,Documentation Error,Low,Labeling information did not match shipment. Reported at Kolkata facility during shift 1.,In Progress,Delhi
3848,Shipment Delay,Low,Delivery delayed due to traffic disruption. Reported at Kolkata facility during shift 2.,In Progress,Kolkata
3849,Inventory Shortage,Medium,Demand exceeded available stock levels. Reported at Pune facility during shift 2.,Resolved,Delhi
3850,Documentation Error,Medium,Shipping label generated with incorrect address. Reported at Bengaluru facility during shift 1.,Resolved,Ahmedabad
3851,Warehouse Issue,Medium,Order picking queue exceeded capacity. Reported at Ahmedabad facility during shift 3.,Resolved,Delhi
3852,Damaged Goods,Medium,Receiving inspection identified damaged goods. Reported at Kolkata facility during shift 1.,Open,Hyderabad
3853,Documentation Error,Critical,Customs paperwork contained errors. Reported at Chennai facility during shift 3.,In Progress,Bengaluru
3854,Shipment Delay,Medium,Container missed connecting vessel. Reported at Bengaluru facility during shift 3.,Open,Mumbai
3855,Inventory Shortage,Low,Inventory replenishment delayed. Reported at Kolkata facility during shift 1.,Open,Hyderabad
3856,Damaged Goods,Low,Package damaged during transportation. Reported at Ahmedabad facility during shift 2.,Resolved,Mumbai
3857,Warehouse Issue,High,Inventory allocation issue detected. Reported at Bengaluru facility during shift 1.,Resolved,Mumbai
3858,Inventory Shortage,Low,Stockout occurred at fulfillment center. Reported at Mumbai facility during shift 1.,Resolved,Ahmedabad
3859,Damaged Goods,Low,Goods arrived with visible damage. Reported at Ahmedabad facility during shift 1.,Resolved,Kolkata
3860,Customs Issue,Low,Customs requested additional documentation. Reported at Kolkata facility during shift 2.,Resolved,Delhi
3861,Damaged Goods,Medium,Receiving inspection identified damaged goods. Reported at Chennai facility during shift 2.,Resolved,Delhi
3862,Shipment Delay,Medium,Cargo loading completed behind schedule. Reported at Delhi facility during shift 1.,Open,Chennai
3863,Documentation Error,Medium,Shipping label generated with incorrect address. Reported at Ahmedabad facility during shift 2.,Open,Hyderabad
3864,Documentation Error,Critical,Shipping label generated with incorrect address. Reported at Kolkata facility during shift 1.,Resolved,Chennai
3865,Customs Issue,Medium,Trade compliance review delayed processing. Reported at Pune facility during shift 2.,Open,Mumbai
3866,Transportation Failure,Medium,Accident blocked scheduled delivery route. Reported at Pune facility during shift 1.,Open,Ahmedabad
3867,Documentation Error,Critical,Purchase order details inconsistent. Reported at Kolkata facility during shift 1.,In Progress,Pune
3868,Transportation Failure,Medium,Carrier failed to pick up shipment. Reported at Hyderabad facility during shift 1.,In Progress,Ahmedabad
3869,Damaged Goods,Low,Product packaging torn during loading. Reported at Delhi facility during shift 2.,Open,Bengaluru
3870,Transportation Failure,Low,Accident blocked scheduled delivery route. Reported at Pune facility during shift 2.,Open,Ahmedabad
3871,Transportation Failure,Low,Fleet utilization exceeded available capacity. Reported at Bengaluru facility during shift 3.,In Progress,Pune
3872,Shipment Delay,High,Unexpected weather conditions slowed transportation. Reported at Kolkata facility during shift 1.,Resolved,Delhi
3873,Shipment Delay,High,Port congestion delayed shipment arrival. Reported at Pune facility during shift 3.,Resolved,Mumbai
3874,Documentation Error,Low,Bill of lading information mismatch detected. Reported at Ahmedabad facility during shift 1.,Open,Bengaluru
3875,Damaged Goods,High,Packaging failure led to damaged products. Reported at Delhi facility during shift 2.,In Progress,Hyderabad
3876,Warehouse Issue,Medium,Warehouse management system outage reported. Reported at Hyderabad facility during shift 3.,In Progress,Ahmedabad
3877,Transportation Failure,Critical,Delivery vehicle breakdown reported. Reported at Ahmedabad facility during shift 3.,In Progress,Delhi
3878,Warehouse Issue,Critical,Warehouse processing backlog reported. Reported at Pune facility during shift 1.,Open,Ahmedabad
3879,Transportation Failure,Low,Driver unavailable for scheduled route. Reported at Mumbai facility during shift 3.,In Progress,Chennai
3880,Customs Issue,Medium,Shipment flagged for compliance audit. Reported at Pune facility during shift 1.,Open,Delhi
3881,Warehouse Issue,Low,Inventory misplaced within storage area. Reported at Pune facility during shift 1.,In Progress,Bengaluru
3882,Damaged Goods,High,Package damaged during transportation. Reported at Mumbai facility during shift 3.,Resolved,Chennai
3883,Damaged Goods,High,Water exposure damaged packaged goods. Reported at Mumbai facility during shift 3.,Open,Pune
3884,Warehouse Issue,High,Warehouse management system outage reported. Reported at Hyderabad facility during shift 2.,Resolved,Kolkata
3885,Customs Issue,Medium,Customs requested additional documentation. Reported at Bengaluru facility during shift 3.,In Progress,Chennai
3886,Customs Issue,Low,Import permit approval pending. Reported at Ahmedabad facility during shift 1.,Open,Bengaluru
3887,Warehouse Issue,Medium,Space constraint affected storage operations. Reported at Chennai facility during shift 3.,In Progress,Mumbai
3888,Documentation Error,Medium,Required compliance document missing. Reported at Chennai facility during shift 1.,Resolved,Delhi
3889,Inventory Shortage,Low,Product unavailable due to inventory mismatch. Reported at Chennai facility during shift 3.,In Progress,Kolkata
3890,Warehouse Issue,Medium,Storage location information incorrect. Reported at Chennai facility during shift 1.,Resolved,Kolkata
3891,Customs Issue,Medium,Regulatory verification delayed release. Reported at Chennai facility during shift 3.,Resolved,Chennai
3892,Inventory Shortage,Medium,Supplier delay created inventory gap. Reported at Pune facility during shift 1.,In Progress,Mumbai
3893,Transportation Failure,Medium,Vehicle maintenance issue halted delivery. Reported at Kolkata facility during shift 3.,Open,Bengaluru
3894,Damaged Goods,Low,Packaging failure led to damaged products. Reported at Kolkata facility during shift 1.,Open,Ahmedabad
3895,Damaged Goods,Critical,Shipment contents damaged in transit. Reported at Chennai facility during shift 3.,Open,Kolkata
3896,Transportation Failure,Medium,Delivery vehicle breakdown reported. Reported at Ahmedabad facility during shift 1.,Open,Mumbai
3897,Documentation Error,High,Data entry error impacted shipment records. Reported at Mumbai facility during shift 3.,Resolved,Hyderabad
3898,Warehouse Issue,Low,Warehouse processing backlog reported. Reported at Mumbai facility during shift 1.,Open,Kolkata
3899,Transportation Failure,Medium,Transport route disruption due to road closure. Reported at Mumbai facility during shift 2.,Resolved,Pune
3900,Documentation Error,High,Incorrect shipping documentation submitted. Reported at Pune facility during shift 1.,Open,Delhi
3901,Customs Issue,Medium,Customs clearance process delayed. Reported at Mumbai facility during shift 3.,Open,Hyderabad
3902,Transportation Failure,Low,Third-party carrier cancelled shipment booking. Reported at Delhi facility during shift 1.,Open,Ahmedabad
3903,Customs Issue,Critical,Shipment held by customs authorities. Reported at Ahmedabad facility during shift 2.,In Progress,Hyderabad
3904,Damaged Goods,Medium,Improper handling caused item breakage. Reported at Chennai facility during shift 3.,Resolved,Delhi
3905,Customs Issue,Medium,Country-specific restriction affected import. Reported at Bengaluru facility during shift 1.,Open,Hyderabad
3906,Transportation Failure,Medium,Equipment malfunction impacted transport operations. Reported at Mumbai facility during shift 3.,Resolved,Bengaluru
3907,Documentation Error,High,Required compliance document missing. Reported at Kolkata facility during shift 2.,In Progress,Delhi
3908,Warehouse Issue,Medium,Order picking queue exceeded capacity. Reported at Delhi facility during shift 1.,Resolved,Kolkata
3909,Shipment Delay,Low,Container missed connecting vessel. Reported at Bengaluru facility during shift 1.,In Progress,Mumbai
3910,Customs Issue,Low,Shipment flagged for compliance audit. Reported at Hyderabad facility during shift 1.,In Progress,Ahmedabad
3911,Shipment Delay,Medium,Unexpected weather conditions slowed transportation. Reported at Kolkata facility during shift 3.,In Progress,Chennai
3912,Transportation Failure,Medium,Logistics partner experienced operational failure. Reported at Chennai facility during shift 2.,In Progress,Chennai
3913,Damaged Goods,Medium,Package damaged during transportation. Reported at Delhi facility during shift 3.,Resolved,Mumbai
3914,Customs Issue,High,Customs valuation dispute identified. Reported at Kolkata facility during shift 2.,Resolved,Mumbai
3915,Shipment Delay,Low,Holiday demand surge caused shipping delays. Reported at Bengaluru facility during shift 3.,Open,Delhi
3916,Shipment Delay,Low,Driver shortage affected transportation schedule. Reported at Bengaluru facility during shift 3.,In Progress,Delhi
3917,Shipment Delay,Low,Rail transport delay impacted delivery timeline. Reported at Hyderabad facility during shift 2.,Open,Ahmedabad
3918,Warehouse Issue,Medium,Receiving delay impacted warehouse operations. Reported at Ahmedabad facility during shift 3.,Open,Mumbai
3919,Documentation Error,Low,Missing certificate delayed shipment release. Reported at Delhi facility during shift 2.,Resolved,Kolkata
3920,Shipment Delay,Critical,Port congestion delayed shipment arrival. Reported at Ahmedabad facility during shift 2.,In Progress,Hyderabad
3921,Customs Issue,Critical,Customs requested additional documentation. Reported at Hyderabad facility during shift 2.,Resolved,Delhi
3922,Shipment Delay,Medium,Container missed connecting vessel. Reported at Hyderabad facility during shift 3.,Resolved,Hyderabad
3923,Customs Issue,Medium,Regulatory verification delayed release. Reported at Pune facility during shift 1.,Open,Chennai
3924,Customs Issue,Medium,Shipment flagged for compliance audit. Reported at Mumbai facility during shift 3.,In Progress,Pune
3925,Customs Issue,High,Customs requested additional documentation. Reported at Bengaluru facility during shift 2.,In Progress,Pune
3926,Transportation Failure,Medium,Fuel supply issue interrupted transportation. Reported at Delhi facility during shift 1.,Resolved,Pune
3927,Inventory Shortage,Medium,Product unavailable due to inventory mismatch. Reported at Ahmedabad facility during shift 3.,In Progress,Kolkata
3928,Transportation Failure,Low,Delivery vehicle breakdown reported. Reported at Bengaluru facility during shift 2.,In Progress,Delhi
3929,Damaged Goods,Medium,Temperature excursion affected product quality. Reported at Kolkata facility during shift 1.,In Progress,Ahmedabad
3930,Warehouse Issue,Critical,Dock congestion slowed warehouse throughput. Reported at Delhi facility during shift 2.,In Progress,Chennai
3931,Inventory Shortage,Medium,Demand exceeded available stock levels. Reported at Pune facility during shift 1.,In Progress,Chennai
3932,Shipment Delay,Low,Container missed connecting vessel. Reported at Bengaluru facility during shift 3.,In Progress,Bengaluru
3933,Customs Issue,Medium,Regulatory approval pending clearance. Reported at Mumbai facility during shift 2.,Open,Pune
3934,Transportation Failure,Medium,Delivery vehicle breakdown reported. Reported at Pune facility during shift 3.,Open,Pune
3935,Inventory Shortage,Low,Inventory replenishment delayed. Reported at Hyderabad facility during shift 2.,Open,Pune
3936,Damaged Goods,High,Improper handling caused item breakage. Reported at Hyderabad facility during shift 1.,In Progress,Pune
3937,Inventory Shortage,Critical,Product unavailable due to inventory mismatch. Reported at Pune facility during shift 3.,In Progress,Chennai
3938,Damaged Goods,Medium,Packaging failure led to damaged products. Reported at Ahmedabad facility during shift 1.,Resolved,Mumbai
3939,Warehouse Issue,Critical,Dock congestion slowed warehouse throughput. Reported at Kolkata facility during shift 2.,In Progress,Kolkata
3940,Documentation Error,Medium,Bill of lading information mismatch detected. Reported at Kolkata facility during shift 2.,Open,Bengaluru
3941,Inventory Shortage,Medium,Warehouse unable to fulfill requested quantity. Reported at Pune facility during shift 3.,In Progress,Ahmedabad
3942,Transportation Failure,Medium,Transportation vendor system outage reported. Reported at Chennai facility during shift 2.,Open,Delhi
3943,Inventory Shortage,High,Procurement delay affected inventory availability. Reported at Ahmedabad facility during shift 2.,Open,Hyderabad
3944,Inventory Shortage,Low,Inventory reservation conflict identified. Reported at Chennai facility during shift 3.,Open,Delhi
3945,Shipment Delay,Medium,Rail transport delay impacted delivery timeline. Reported at Pune facility during shift 2.,Open,Bengaluru
3946,Warehouse Issue,High,Warehouse staffing shortage reported. Reported at Delhi facility during shift 3.,Resolved,Ahmedabad
3947,Inventory Shortage,Medium,Unexpected order spike exhausted stock. Reported at Delhi facility during shift 1.,In Progress,Hyderabad
3948,Damaged Goods,Critical,Package damaged during transportation. Reported at Delhi facility during shift 3.,In Progress,Bengaluru
3949,Warehouse Issue,Medium,Storage location information incorrect. Reported at Kolkata facility during shift 2.,Resolved,Delhi
3950,Damaged Goods,Critical,Goods arrived with visible damage. Reported at Ahmedabad facility during shift 2.,Resolved,Delhi
3951,Inventory Shortage,Low,Procurement delay affected inventory availability. Reported at Pune facility during shift 3.,Open,Bengaluru
3952,Customs Issue,Low,Import documentation under review. Reported at Chennai facility during shift 3.,Resolved,Chennai
3953,Shipment Delay,High,Delivery delayed due to traffic disruption. Reported at Bengaluru facility during shift 1.,Open,Hyderabad
3954,Damaged Goods,Medium,Goods arrived with visible damage. Reported at Bengaluru facility during shift 2.,Open,Delhi
3955,Documentation Error,High,Incorrect shipping documentation submitted. Reported at Ahmedabad facility during shift 2.,Open,Pune
3956,Warehouse Issue,High,Inventory allocation issue detected. Reported at Pune facility during shift 1.,Open,Ahmedabad
3957,Damaged Goods,Medium,Pallet collapse resulted in product damage. Reported at Mumbai facility during shift 1.,Open,Mumbai
3958,Shipment Delay,Critical,Shipment delayed due to customs inspection. Reported at Kolkata facility during shift 2.,Open,Delhi
3959,Inventory Shortage,High,Unexpected order spike exhausted stock. Reported at Kolkata facility during shift 3.,Open,Delhi
3960,Transportation Failure,Low,Fleet utilization exceeded available capacity. Reported at Ahmedabad facility during shift 2.,Open,Kolkata
3961,Customs Issue,Medium,Shipment flagged for compliance audit. Reported at Chennai facility during shift 2.,In Progress,Ahmedabad
3962,Shipment Delay,Low,Mechanical failure delayed freight movement. Reported at Ahmedabad facility during shift 1.,In Progress,Chennai
3963,Inventory Shortage,Medium,Supplier delay created inventory gap. Reported at Chennai facility during shift 2.,Open,Hyderabad
3964,Inventory Shortage,High,Raw material shortage impacted production. Reported at Hyderabad facility during shift 1.,Open,Ahmedabad
3965,Warehouse Issue,Low,Put-away process delayed inventory availability. Reported at Hyderabad facility during shift 3.,In Progress,Hyderabad
3966,Shipment Delay,High,Shipment rerouted causing additional transit time. Reported at Kolkata facility during shift 2.,In Progress,Delhi
3967,Transportation Failure,Medium,Fleet utilization exceeded available capacity. Reported at Kolkata facility during shift 1.,Open,Kolkata
3968,Warehouse Issue,Low,Storage location information incorrect. Reported at Chennai facility during shift 1.,In Progress,Bengaluru
3969,Warehouse Issue,High,Inventory misplaced within storage area. Reported at Pune facility during shift 3.,In Progress,Hyderabad
3970,Transportation Failure,Medium,Equipment malfunction impacted transport operations. Reported at Mumbai facility during shift 2.,In Progress,Pune
3971,Documentation Error,Medium,Export declaration contained errors. Reported at Bengaluru facility during shift 1.,Open,Ahmedabad
3972,Customs Issue,High,Border security inspection caused delay. Reported at Hyderabad facility during shift 3.,In Progress,Kolkata
3973,Shipment Delay,Low,Rail transport delay impacted delivery timeline. Reported at Pune facility during shift 2.,In Progress,Bengaluru
3974,Inventory Shortage,Low,Inventory reservation conflict identified. Reported at Kolkata facility during shift 2.,Open,Delhi
3975,Customs Issue,Low,Border inspection extended shipment hold. Reported at Hyderabad facility during shift 2.,Open,Delhi
3976,Customs Issue,High,Shipment flagged for compliance audit. Reported at Mumbai facility during shift 3.,Open,Pune
3977,Documentation Error,Low,Required compliance document missing. Reported at Pune facility during shift 1.,Open,Mumbai
3978,Inventory Shortage,High,Raw material shortage impacted production. Reported at Ahmedabad facility during shift 2.,Open,Delhi
3979,Inventory Shortage,Medium,Inventory reservation conflict identified. Reported at Hyderabad facility during shift 2.,Resolved,Delhi
3980,Damaged Goods,Medium,Pallet collapse resulted in product damage. Reported at Ahmedabad facility during shift 3.,In Progress,Mumbai
3981,Warehouse Issue,Low,Inventory misplaced within storage area. Reported at Delhi facility during shift 1.,Resolved,Ahmedabad
3982,Shipment Delay,Medium,Container missed connecting vessel. Reported at Hyderabad facility during shift 1.,Open,Kolkata
3983,Customs Issue,High,Customs clearance process delayed. Reported at Bengaluru facility during shift 3.,Resolved,Pune
3984,Transportation Failure,Critical,Vehicle maintenance issue halted delivery. Reported at Ahmedabad facility during shift 3.,Resolved,Hyderabad
3985,Transportation Failure,Medium,Delivery vehicle breakdown reported. Reported at Pune facility during shift 3.,In Progress,Hyderabad
3986,Documentation Error,High,Invoice value discrepancy identified. Reported at Kolkata facility during shift 1.,Resolved,Bengaluru
3987,Shipment Delay,Low,Holiday demand surge caused shipping delays. Reported at Ahmedabad facility during shift 1.,Open,Chennai
3988,Warehouse Issue,High,Inventory misplaced within storage area. Reported at Chennai facility during shift 3.,In Progress,Mumbai
3989,Transportation Failure,Low,Fuel supply issue interrupted transportation. Reported at Delhi facility during shift 1.,In Progress,Pune
3990,Damaged Goods,Medium,Packaging failure led to damaged products. Reported at Ahmedabad facility during shift 3.,In Progress,Pune
3991,Transportation Failure,Medium,Accident blocked scheduled delivery route. Reported at Kolkata facility during shift 2.,In Progress,Ahmedabad
3992,Damaged Goods,Medium,Product packaging torn during loading. Reported at Delhi facility during shift 2.,In Progress,Chennai
3993,Shipment Delay,Medium,Shipment delayed due to customs inspection. Reported at Kolkata facility during shift 3.,Resolved,Kolkata
3994,Warehouse Issue,Medium,Inventory misplaced within storage area. Reported at Delhi facility during shift 2.,In Progress,Mumbai
3995,Transportation Failure,Medium,Fuel supply issue interrupted transportation. Reported at Pune facility during shift 2.,Open,Delhi
3996,Damaged Goods,Low,Transit vibration caused product defects. Reported at Hyderabad facility during shift 2.,Resolved,Ahmedabad
3997,Damaged Goods,Low,Package damaged during transportation. Reported at Delhi facility during shift 1.,In Progress,Kolkata
3998,Shipment Delay,High,Cargo loading completed behind schedule. Reported at Bengaluru facility during shift 2.,Open,Mumbai
3999,Transportation Failure,Low,Delivery vehicle breakdown reported. Reported at Bengaluru facility during shift 2.,Resolved,Hyderabad
4000,Warehouse Issue,Critical,Order consolidation process delayed shipment. Reported at Hyderabad facility during shift 1.,Resolved,Kolkata
4001,Shipment Delay,Medium,Port congestion delayed shipment arrival. Reported at Chennai facility during shift 3.,Open,Bengaluru
4002,Shipment Delay,Low,Rail transport delay impacted delivery timeline. Reported at Hyderabad facility during shift 3.,In Progress,Chennai
4003,Documentation Error,Low,Invoice value discrepancy identified. Reported at Kolkata facility during shift 3.,Resolved,Ahmedabad
4004,Documentation Error,High,Export declaration contained errors. Reported at Ahmedabad facility during shift 1.,In Progress,Delhi
4005,Documentation Error,Medium,Required compliance document missing. Reported at Mumbai facility during shift 1.,Resolved,Hyderabad
4006,Documentation Error,Critical,Incorrect shipping documentation submitted. Reported at Hyderabad facility during shift 2.,In Progress,Bengaluru
4007,Damaged Goods,Medium,Warehouse accident damaged stored inventory. Reported at Kolkata facility during shift 3.,Resolved,Chennai
4008,Documentation Error,Medium,Incorrect consignee information provided. Reported at Ahmedabad facility during shift 3.,Open,Hyderabad
4009,Customs Issue,High,Shipment held by customs authorities. Reported at Pune facility during shift 3.,Resolved,Chennai
4010,Inventory Shortage,Low,Raw material shortage impacted production. Reported at Kolkata facility during shift 1.,Resolved,Hyderabad
4011,Damaged Goods,Critical,Goods arrived with visible damage. Reported at Chennai facility during shift 1.,In Progress,Delhi
4012,Damaged Goods,High,Temperature excursion affected product quality. Reported at Hyderabad facility during shift 3.,Open,Ahmedabad
4013,Inventory Shortage,Low,Inventory reservation conflict identified. Reported at Hyderabad facility during shift 1.,Open,Ahmedabad
4014,Customs Issue,Medium,Import permit approval pending. Reported at Ahmedabad facility during shift 2.,In Progress,Pune
4015,Documentation Error,Medium,Incorrect consignee information provided. Reported at Mumbai facility during shift 3.,Resolved,Kolkata
4016,Customs Issue,Low,Regulatory verification delayed release. Reported at Delhi facility during shift 1.,Resolved,Delhi
4017,Warehouse Issue,Medium,Cycle count discrepancy identified. Reported at Pune facility during shift 3.,In Progress,Hyderabad
4018,Shipment Delay,Low,Rail transport delay impacted delivery timeline. Reported at Kolkata facility during shift 1.,Open,Delhi
4019,Transportation Failure,Medium,Delivery vehicle breakdown reported. Reported at Pune facility during shift 3.,Resolved,Hyderabad
4020,Inventory Shortage,Low,Inventory forecast underestimated demand. Reported at Kolkata facility during shift 2.,Resolved,Bengaluru
4021,Shipment Delay,Medium,Holiday demand surge caused shipping delays. Reported at Ahmedabad facility during shift 1.,In Progress,Kolkata
4022,Inventory Shortage,Critical,Inventory reservation conflict identified. Reported at Bengaluru facility during shift 3.,Resolved,Mumbai
4023,Damaged Goods,Medium,Product packaging torn during loading. Reported at Mumbai facility during shift 2.,Open,Hyderabad
4024,Warehouse Issue,High,Storage location information incorrect. Reported at Kolkata facility during shift 2.,Resolved,Hyderabad
4025,Transportation Failure,Critical,Route planning error delayed movement. Reported at Chennai facility during shift 2.,Open,Delhi
4026,Transportation Failure,Medium,Equipment malfunction impacted transport operations. Reported at Delhi facility during shift 1.,Open,Ahmedabad
4027,Documentation Error,High,Labeling information did not match shipment. Reported at Chennai facility during shift 1.,Open,Ahmedabad
4028,Customs Issue,High,Trade compliance review delayed processing. Reported at Chennai facility during shift 1.,In Progress,Pune
4029,Warehouse Issue,Medium,Inventory allocation issue detected. Reported at Ahmedabad facility during shift 1.,Resolved,Hyderabad
4030,Warehouse Issue,Medium,Warehouse management system outage reported. Reported at Ahmedabad facility during shift 3.,In Progress,Mumbai
4031,Customs Issue,Medium,Shipment selected for random inspection. Reported at Ahmedabad facility during shift 2.,In Progress,Bengaluru
4032,Documentation Error,Medium,Labeling information did not match shipment. Reported at Mumbai facility during shift 3.,Resolved,Chennai
4033,Warehouse Issue,Medium,Warehouse management system outage reported. Reported at Bengaluru facility during shift 2.,In Progress,Mumbai
4034,Damaged Goods,Medium,Improper handling caused item breakage. Reported at Chennai facility during shift 3.,In Progress,Kolkata
4035,Inventory Shortage,Low,Supplier delay created inventory gap. Reported at Bengaluru facility during shift 3.,Resolved,Ahmedabad
4036,Transportation Failure,Critical,Logistics partner experienced operational failure. Reported at Chennai facility during shift 1.,Resolved,Ahmedabad
4037,Transportation Failure,Medium,Transport route disruption due to road closure. Reported at Delhi facility during shift 1.,Resolved,Mumbai
4038,Inventory Shortage,High,Product unavailable due to inventory mismatch. Reported at Chennai facility during shift 3.,Resolved,Mumbai
4039,Documentation Error,Critical,Shipping label generated with incorrect address. Reported at Mumbai facility during shift 1.,Resolved,Kolkata
4040,Warehouse Issue,High,Dock congestion slowed warehouse throughput. Reported at Mumbai facility during shift 3.,Open,Ahmedabad
4041,Shipment Delay,High,Mechanical failure delayed freight movement. Reported at Kolkata facility during shift 2.,Resolved,Chennai
4042,Warehouse Issue,Medium,Picking error occurred in warehouse. Reported at Chennai facility during shift 2.,Open,Ahmedabad
4043,Warehouse Issue,Medium,Storage location information incorrect. Reported at Delhi facility during shift 2.,Open,Bengaluru
4044,Damaged Goods,Medium,Receiving inspection identified damaged goods. Reported at Kolkata facility during shift 3.,In Progress,Chennai
4045,Inventory Shortage,Medium,Procurement delay affected inventory availability. Reported at Pune facility during shift 1.,In Progress,Ahmedabad
4046,Documentation Error,High,Documentation approval pending correction. Reported at Kolkata facility during shift 3.,Open,Bengaluru
4047,Damaged Goods,High,Water exposure damaged packaged goods. Reported at Ahmedabad facility during shift 1.,In Progress,Bengaluru
4048,Customs Issue,High,Customs clearance process delayed. Reported at Delhi facility during shift 3.,Open,Mumbai
4049,Damaged Goods,Low,Water exposure damaged packaged goods. Reported at Pune facility during shift 3.,In Progress,Ahmedabad
4050,Customs Issue,Low,Country-specific restriction affected import. Reported at Chennai facility during shift 2.,Open,Ahmedabad
4051,Documentation Error,Low,Documentation approval pending correction. Reported at Bengaluru facility during shift 3.,In Progress,Hyderabad
4052,Shipment Delay,Medium,Carrier scheduling issue caused shipment delay. Reported at Pune facility during shift 3.,Open,Mumbai
4053,Damaged Goods,Critical,Product packaging torn during loading. Reported at Hyderabad facility during shift 2.,Resolved,Mumbai
4054,Warehouse Issue,High,Storage location information incorrect. Reported at Bengaluru facility during shift 3.,Open,Bengaluru
4055,Transportation Failure,Medium,Transportation vendor system outage reported. Reported at Ahmedabad facility during shift 1.,In Progress,Mumbai
4056,Customs Issue,Medium,Shipment held by customs authorities. Reported at Ahmedabad facility during shift 2.,Resolved,Chennai
4057,Warehouse Issue,Medium,Order consolidation process delayed shipment. Reported at Delhi facility during shift 1.,In Progress,Hyderabad
4058,Damaged Goods,Medium,Pallet collapse resulted in product damage. Reported at Hyderabad facility during shift 2.,In Progress,Hyderabad
4059,Shipment Delay,High,Mechanical failure delayed freight movement. Reported at Bengaluru facility during shift 2.,In Progress,Hyderabad
4060,Warehouse Issue,Low,Warehouse stock mismatch identified. Reported at Mumbai facility during shift 2.,Open,Pune
4061,Transportation Failure,Medium,Logistics partner experienced operational failure. Reported at Ahmedabad facility during shift 3.,Open,Pune
4062,Documentation Error,High,Export declaration contained errors. Reported at Pune facility during shift 2.,Open,Delhi
4063,Customs Issue,Medium,Import permit approval pending. Reported at Bengaluru facility during shift 1.,Resolved,Bengaluru
4064,Customs Issue,High,Shipment held by customs authorities. Reported at Delhi facility during shift 3.,In Progress,Pune
4065,Customs Issue,Low,Customs valuation dispute identified. Reported at Hyderabad facility during shift 3.,Open,Bengaluru
4066,Inventory Shortage,High,Stockout occurred at fulfillment center. Reported at Mumbai facility during shift 2.,Resolved,Pune
4067,Shipment Delay,High,Cargo loading completed behind schedule. Reported at Pune facility during shift 3.,Resolved,Bengaluru
4068,Documentation Error,Critical,Purchase order details inconsistent. Reported at Kolkata facility during shift 1.,Open,Hyderabad
4069,Damaged Goods,High,Warehouse accident damaged stored inventory. Reported at Kolkata facility during shift 2.,In Progress,Delhi
4070,Customs Issue,Medium,Customs clearance process delayed. Reported at Pune facility during shift 3.,In Progress,Hyderabad
4071,Customs Issue,High,Customs clearance process delayed. Reported at Ahmedabad facility during shift 2.,Resolved,Mumbai
4072,Transportation Failure,Medium,Transport route disruption due to road closure. Reported at Ahmedabad facility during shift 1.,Open,Delhi
4073,Shipment Delay,Medium,Cargo loading completed behind schedule. Reported at Mumbai facility during shift 2.,Open,Hyderabad
4074,Shipment Delay,Medium,Unexpected weather conditions slowed transportation. Reported at Hyderabad facility during shift 2.,In Progress,Chennai
4075,Customs Issue,Low,Border security inspection caused delay. Reported at Hyderabad facility during shift 3.,In Progress,Ahmedabad
4076,Damaged Goods,High,Package damaged during transportation. Reported at Delhi facility during shift 3.,Open,Kolkata
4077,Damaged Goods,High,Fragile goods mishandled during unloading. Reported at Bengaluru facility during shift 1.,Open,Delhi
4078,Transportation Failure,Low,Transportation network disruption reported. Reported at Pune facility during shift 3.,Resolved,Kolkata
4079,Customs Issue,Medium,Trade compliance review delayed processing. Reported at Delhi facility during shift 1.,Open,Kolkata
4080,Transportation Failure,Medium,Fleet utilization exceeded available capacity. Reported at Ahmedabad facility during shift 1.,In Progress,Kolkata
4081,Transportation Failure,Low,Fuel supply issue interrupted transportation. Reported at Mumbai facility during shift 1.,In Progress,Kolkata
4082,Inventory Shortage,Low,Stockout occurred at fulfillment center. Reported at Delhi facility during shift 1.,Open,Delhi
4083,Customs Issue,Medium,Regulatory approval pending clearance. Reported at Bengaluru facility during shift 2.,Resolved,Chennai
4084,Shipment Delay,Medium,Mechanical failure delayed freight movement. Reported at Bengaluru facility during shift 3.,In Progress,Bengaluru
4085,Transportation Failure,High,Fleet utilization exceeded available capacity. Reported at Pune facility during shift 3.,Open,Ahmedabad
4086,Warehouse Issue,Low,Warehouse management system outage reported. Reported at Mumbai facility during shift 2.,In Progress,Hyderabad
4087,Warehouse Issue,Low,Order picking queue exceeded capacity. Reported at Mumbai facility during shift 2.,Resolved,Delhi
4088,Inventory Shortage,Medium,Demand exceeded available stock levels. Reported at Pune facility during shift 1.,In Progress,Pune
4089,Transportation Failure,High,Trailer availability issue delayed dispatch. Reported at Hyderabad facility during shift 1.,In Progress,Chennai
4090,Shipment Delay,Medium,Cargo loading completed behind schedule. Reported at Kolkata facility during shift 1.,Open,Kolkata
4091,Inventory Shortage,Critical,Product unavailable due to inventory mismatch. Reported at Pune facility during shift 3.,In Progress,Pune
4092,Damaged Goods,Low,Container impact damaged shipment contents. Reported at Delhi facility during shift 3.,Resolved,Ahmedabad
4093,Transportation Failure,Low,Transportation network disruption reported. Reported at Hyderabad facility during shift 1.,Open,Chennai
4094,Inventory Shortage,Critical,Warehouse unable to fulfill requested quantity. Reported at Pune facility during shift 1.,Resolved,Pune
4095,Damaged Goods,High,Product packaging torn during loading. Reported at Bengaluru facility during shift 2.,Resolved,Hyderabad
4096,Documentation Error,Low,Purchase order details inconsistent. Reported at Ahmedabad facility during shift 1.,Resolved,Bengaluru
4097,Documentation Error,High,Incorrect shipping documentation submitted. Reported at Hyderabad facility during shift 2.,Open,Mumbai
4098,Damaged Goods,Medium,Receiving inspection identified damaged goods. Reported at Pune facility during shift 2.,Resolved,Mumbai
4099,Damaged Goods,Medium,Fragile goods mishandled during unloading. Reported at Ahmedabad facility during shift 2.,Open,Delhi
4100,Damaged Goods,Medium,Product packaging torn during loading. Reported at Mumbai facility during shift 2.,Resolved,Ahmedabad
4101,Documentation Error,High,Labeling information did not match shipment. Reported at Ahmedabad facility during shift 3.,Open,Mumbai
4102,Inventory Shortage,Low,Inventory reservation conflict identified. Reported at Chennai facility during shift 2.,In Progress,Hyderabad
4103,Inventory Shortage,Medium,Inventory forecast underestimated demand. Reported at Ahmedabad facility during shift 3.,Open,Bengaluru
4104,Shipment Delay,Low,Dispatch process delayed at origin facility. Reported at Pune facility during shift 3.,Open,Ahmedabad
4105,Inventory Shortage,Medium,Product unavailable due to inventory mismatch. Reported at Hyderabad facility during shift 1.,In Progress,Mumbai
4106,Shipment Delay,Medium,Carrier scheduling issue caused shipment delay. Reported at Bengaluru facility during shift 2.,In Progress,Delhi
4107,Customs Issue,High,Customs clearance process delayed. Reported at Chennai facility during shift 2.,Open,Ahmedabad
4108,Shipment Delay,Medium,Shipment delayed due to customs inspection. Reported at Kolkata facility during shift 3.,In Progress,Hyderabad
4109,Inventory Shortage,Medium,Safety stock threshold breached. Reported at Ahmedabad facility during shift 1.,Resolved,Chennai
4110,Inventory Shortage,Medium,Inventory reservation conflict identified. Reported at Kolkata facility during shift 3.,Open,Mumbai
4111,Damaged Goods,High,Shipment contents damaged in transit. Reported at Delhi facility during shift 3.,Open,Kolkata
4112,Shipment Delay,Low,Shipment delayed due to customs inspection. Reported at Delhi facility during shift 1.,Resolved,Kolkata
4113,Warehouse Issue,Low,Receiving delay impacted warehouse operations. Reported at Pune facility during shift 3.,In Progress,Delhi
4114,Inventory Shortage,Low,Stockout occurred at fulfillment center. Reported at Mumbai facility during shift 1.,Open,Chennai
4115,Transportation Failure,Low,Fuel supply issue interrupted transportation. Reported at Ahmedabad facility during shift 1.,Open,Hyderabad
4116,Damaged Goods,Low,Packaging failure led to damaged products. Reported at Delhi facility during shift 1.,In Progress,Kolkata
4117,Inventory Shortage,Low,Demand exceeded available stock levels. Reported at Delhi facility during shift 1.,Open,Hyderabad
4118,Shipment Delay,High,Shipment delayed due to customs inspection. Reported at Pune facility during shift 1.,Resolved,Delhi
4119,Inventory Shortage,Medium,Raw material shortage impacted production. Reported at Delhi facility during shift 1.,Open,Chennai
4120,Shipment Delay,Low,Shipment rerouted causing additional transit time. Reported at Chennai facility during shift 1.,Open,Hyderabad
4121,Documentation Error,Medium,Required compliance document missing. Reported at Bengaluru facility during shift 1.,Open,Bengaluru
4122,Customs Issue,Medium,Import documentation under review. Reported at Pune facility during shift 1.,Open,Bengaluru
4123,Inventory Shortage,High,Demand exceeded available stock levels. Reported at Hyderabad facility during shift 2.,In Progress,Hyderabad
4124,Damaged Goods,Low,Goods arrived with visible damage. Reported at Bengaluru facility during shift 2.,In Progress,Hyderabad
4125,Warehouse Issue,Medium,Space constraint affected storage operations. Reported at Hyderabad facility during shift 3.,Open,Delhi
4126,Damaged Goods,Low,Container impact damaged shipment contents. Reported at Kolkata facility during shift 2.,Open,Chennai
4127,Customs Issue,Medium,Shipment selected for random inspection. Reported at Pune facility during shift 1.,In Progress,Ahmedabad
4128,Customs Issue,Medium,Country-specific restriction affected import. Reported at Bengaluru facility during shift 2.,Resolved,Pune
4129,Inventory Shortage,Medium,Cycle count revealed stock deficiency. Reported at Ahmedabad facility during shift 1.,Open,Pune
4130,Customs Issue,Medium,Import documentation under review. Reported at Kolkata facility during shift 2.,In Progress,Mumbai
4131,Damaged Goods,Medium,Improper handling caused item breakage. Reported at Kolkata facility during shift 1.,Open,Chennai
4132,Documentation Error,Medium,Shipping label generated with incorrect address. Reported at Kolkata facility during shift 2.,In Progress,Ahmedabad
4133,Warehouse Issue,Medium,Receiving delay impacted warehouse operations. Reported at Bengaluru facility during shift 1.,Resolved,Pune
4134,Inventory Shortage,Critical,Stockout occurred at fulfillment center. Reported at Ahmedabad facility during shift 2.,In Progress,Kolkata
4135,Customs Issue,Low,Customs requested additional documentation. Reported at Bengaluru facility during shift 2.,Resolved,Kolkata
4136,Inventory Shortage,Low,Unexpected order spike exhausted stock. Reported at Pune facility during shift 3.,In Progress,Bengaluru
4137,Customs Issue,Critical,Shipment selected for random inspection. Reported at Kolkata facility during shift 2.,Open,Hyderabad
4138,Shipment Delay,Low,Container missed connecting vessel. Reported at Ahmedabad facility during shift 1.,In Progress,Kolkata
4139,Inventory Shortage,Low,Procurement delay affected inventory availability. Reported at Bengaluru facility during shift 2.,Resolved,Hyderabad
4140,Transportation Failure,High,Transportation vendor system outage reported. Reported at Pune facility during shift 3.,Open,Chennai
4141,Transportation Failure,High,Third-party carrier cancelled shipment booking. Reported at Mumbai facility during shift 2.,Open,Hyderabad
4142,Documentation Error,Medium,Export declaration contained errors. Reported at Bengaluru facility during shift 3.,Resolved,Mumbai
4143,Transportation Failure,Medium,Transport route disruption due to road closure. Reported at Pune facility during shift 1.,Resolved,Mumbai
4144,Shipment Delay,Medium,Delivery delayed due to traffic disruption. Reported at Bengaluru facility during shift 3.,Open,Bengaluru
4145,Shipment Delay,Low,Last-mile delivery partner unavailable. Reported at Bengaluru facility during shift 2.,Open,Ahmedabad
4146,Customs Issue,Low,Import documentation under review. Reported at Chennai facility during shift 1.,Resolved,Kolkata
4147,Warehouse Issue,High,Warehouse management system outage reported. Reported at Chennai facility during shift 3.,In Progress,Hyderabad
4148,Documentation Error,Critical,Bill of lading information mismatch detected. Reported at Mumbai facility during shift 1.,In Progress,Kolkata
4149,Warehouse Issue,Medium,Warehouse processing backlog reported. Reported at Hyderabad facility during shift 2.,In Progress,Hyderabad
4150,Warehouse Issue,High,Storage location information incorrect. Reported at Delhi facility during shift 2.,In Progress,Pune
4151,Warehouse Issue,Medium,Order picking queue exceeded capacity. Reported at Bengaluru facility during shift 1.,In Progress,Delhi
4152,Customs Issue,Low,Country-specific restriction affected import. Reported at Hyderabad facility during shift 1.,Resolved,Hyderabad
4153,Documentation Error,Low,Manifest information incomplete. Reported at Mumbai facility during shift 3.,Resolved,Kolkata
4154,Customs Issue,Low,Country-specific restriction affected import. Reported at Kolkata facility during shift 3.,In Progress,Mumbai
4155,Documentation Error,Low,Purchase order details inconsistent. Reported at Ahmedabad facility during shift 3.,Resolved,Bengaluru
4156,Inventory Shortage,Low,Safety stock threshold breached. Reported at Bengaluru facility during shift 3.,Open,Kolkata
4157,Shipment Delay,Low,Port congestion delayed shipment arrival. Reported at Pune facility during shift 3.,In Progress,Bengaluru
4158,Documentation Error,Medium,Documentation approval pending correction. Reported at Hyderabad facility during shift 3.,Open,Bengaluru
4159,Inventory Shortage,Low,Demand exceeded available stock levels. Reported at Hyderabad facility during shift 2.,Resolved,Kolkata
4160,Warehouse Issue,Low,Warehouse management system outage reported. Reported at Bengaluru facility during shift 3.,Open,Hyderabad
4161,Shipment Delay,High,Holiday demand surge caused shipping delays. Reported at Hyderabad facility during shift 1.,Open,Kolkata
4162,Transportation Failure,Low,Route planning error delayed movement. Reported at Bengaluru facility during shift 1.,In Progress,Mumbai
4163,Shipment Delay,Medium,Delivery delayed due to traffic disruption. Reported at Chennai facility during shift 2.,Resolved,Mumbai
4164,Warehouse Issue,Medium,Warehouse stock mismatch identified. Reported at Chennai facility during shift 2.,Open,Chennai
4165,Inventory Shortage,Critical,Backordered items unavailable for dispatch. Reported at Kolkata facility during shift 2.,In Progress,Chennai
4166,Customs Issue,Low,Customs clearance process delayed. Reported at Chennai facility during shift 1.,Open,Bengaluru
4167,Damaged Goods,Medium,Temperature excursion affected product quality. Reported at Pune facility during shift 2.,Open,Chennai
4168,Inventory Shortage,Medium,Safety stock threshold breached. Reported at Bengaluru facility during shift 1.,Resolved,Ahmedabad
4169,Documentation Error,High,Missing certificate delayed shipment release. Reported at Mumbai facility during shift 2.,Resolved,Mumbai
4170,Inventory Shortage,Low,Warehouse unable to fulfill requested quantity. Reported at Kolkata facility during shift 1.,In Progress,Mumbai
4171,Warehouse Issue,Low,Put-away process delayed inventory availability. Reported at Mumbai facility during shift 2.,Open,Mumbai
4172,Documentation Error,Critical,Missing certificate delayed shipment release. Reported at Hyderabad facility during shift 1.,In Progress,Ahmedabad
4173,Customs Issue,Critical,Trade compliance review delayed processing. Reported at Chennai facility during shift 1.,Resolved,Mumbai
4174,Damaged Goods,High,Product packaging torn during loading. Reported at Mumbai facility during shift 1.,In Progress,Hyderabad
4175,Damaged Goods,Low,Goods arrived with visible damage. Reported at Ahmedabad facility during shift 3.,Resolved,Bengaluru
4176,Transportation Failure,Medium,Fleet utilization exceeded available capacity. Reported at Pune facility during shift 2.,In Progress,Bengaluru
4177,Documentation Error,High,Missing invoice delayed processing. Reported at Bengaluru facility during shift 3.,Open,Chennai
4178,Customs Issue,Critical,Import permit approval pending. Reported at Hyderabad facility during shift 3.,Resolved,Kolkata
4179,Shipment Delay,Low,Driver shortage affected transportation schedule. Reported at Hyderabad facility during shift 1.,Open,Mumbai
4180,Damaged Goods,High,Shipment contents damaged in transit. Reported at Chennai facility during shift 1.,Open,Pune
4181,Inventory Shortage,Medium,Safety stock threshold breached. Reported at Chennai facility during shift 2.,In Progress,Delhi
4182,Transportation Failure,Low,Transport route disruption due to road closure. Reported at Kolkata facility during shift 3.,In Progress,Pune
4183,Inventory Shortage,Medium,Safety stock threshold breached. Reported at Delhi facility during shift 3.,In Progress,Mumbai
4184,Shipment Delay,Medium,Port congestion delayed shipment arrival. Reported at Pune facility during shift 2.,Open,Ahmedabad
4185,Documentation Error,Medium,Labeling information did not match shipment. Reported at Hyderabad facility during shift 3.,In Progress,Kolkata
4186,Transportation Failure,Medium,Route planning error delayed movement. Reported at Hyderabad facility during shift 3.,Resolved,Bengaluru
4187,Shipment Delay,Medium,Shipment delayed due to customs inspection. Reported at Pune facility during shift 1.,Resolved,Pune
4188,Transportation Failure,Critical,Fleet utilization exceeded available capacity. Reported at Pune facility during shift 3.,Open,Pune
4189,Damaged Goods,High,Warehouse accident damaged stored inventory. Reported at Hyderabad facility during shift 1.,Open,Ahmedabad
4190,Customs Issue,Low,Regulatory approval pending clearance. Reported at Mumbai facility during shift 2.,In Progress,Delhi
4191,Warehouse Issue,Medium,Dock congestion slowed warehouse throughput. Reported at Pune facility during shift 2.,In Progress,Kolkata
4192,Warehouse Issue,Medium,Warehouse stock mismatch identified. Reported at Ahmedabad facility during shift 1.,Open,Hyderabad
4193,Warehouse Issue,High,Dock congestion slowed warehouse throughput. Reported at Hyderabad facility during shift 1.,Open,Kolkata
4194,Documentation Error,Low,Missing certificate delayed shipment release. Reported at Kolkata facility during shift 1.,Resolved,Ahmedabad
4195,Warehouse Issue,Low,Space constraint affected storage operations. Reported at Mumbai facility during shift 1.,Resolved,Kolkata
4196,Transportation Failure,Low,Transportation vendor system outage reported. Reported at Chennai facility during shift 3.,Open,Ahmedabad
4197,Inventory Shortage,Medium,Backordered items unavailable for dispatch. Reported at Delhi facility during shift 1.,Open,Bengaluru
4198,Documentation Error,Medium,Data entry error impacted shipment records. Reported at Mumbai facility during shift 1.,Resolved,Delhi
4199,Inventory Shortage,Low,Demand exceeded available stock levels. Reported at Delhi facility during shift 3.,Open,Delhi
4200,Damaged Goods,Medium,Package damaged during transportation. Reported at Hyderabad facility during shift 2.,Open,Bengaluru
4201,Damaged Goods,Low,Container impact damaged shipment contents. Reported at Hyderabad facility during shift 1.,Open,Chennai
4202,Customs Issue,Medium,Shipment selected for random inspection. Reported at Hyderabad facility during shift 2.,Open,Bengaluru
4203,Damaged Goods,Low,Receiving inspection identified damaged goods. Reported at Mumbai facility during shift 3.,Open,Pune
4204,Customs Issue,Medium,Shipment held by customs authorities. Reported at Pune facility during shift 1.,In Progress,Delhi
4205,Inventory Shortage,High,Unexpected order spike exhausted stock. Reported at Delhi facility during shift 1.,In Progress,Hyderabad
4206,Shipment Delay,Medium,Shipment rerouted causing additional transit time. Reported at Pune facility during shift 2.,Open,Ahmedabad
4207,Documentation Error,Critical,Bill of lading information mismatch detected. Reported at Chennai facility during shift 1.,Open,Mumbai
4208,Shipment Delay,Medium,Mechanical failure delayed freight movement. Reported at Hyderabad facility during shift 1.,Resolved,Pune
4209,Inventory Shortage,Medium,Stockout occurred at fulfillment center. Reported at Mumbai facility during shift 3.,Open,Mumbai
4210,Customs Issue,Medium,Regulatory verification delayed release. Reported at Hyderabad facility during shift 2.,In Progress,Hyderabad
4211,Customs Issue,Low,Country-specific restriction affected import. Reported at Delhi facility during shift 3.,Open,Bengaluru
4212,Shipment Delay,Medium,Delivery delayed due to traffic disruption. Reported at Bengaluru facility during shift 2.,Resolved,Chennai
4213,Customs Issue,Medium,Border inspection extended shipment hold. Reported at Ahmedabad facility during shift 3.,Open,Delhi
4214,Shipment Delay,Critical,Unexpected weather conditions slowed transportation. Reported at Ahmedabad facility during shift 2.,Open,Kolkata
4215,Documentation Error,High,Documentation approval pending correction. Reported at Chennai facility during shift 2.,Resolved,Pune
4216,Damaged Goods,Medium,Receiving inspection identified damaged goods. Reported at Ahmedabad facility during shift 2.,In Progress,Chennai
4217,Documentation Error,Medium,Invoice value discrepancy identified. Reported at Hyderabad facility during shift 1.,Resolved,Chennai
4218,Warehouse Issue,Medium,Order picking queue exceeded capacity. Reported at Kolkata facility during shift 3.,Resolved,Hyderabad
4219,Damaged Goods,Medium,Receiving inspection identified damaged goods. Reported at Delhi facility during shift 3.,Resolved,Kolkata
4220,Shipment Delay,Low,Delivery delayed due to traffic disruption. Reported at Mumbai facility during shift 3.,In Progress,Kolkata
4221,Transportation Failure,High,Logistics partner experienced operational failure. Reported at Bengaluru facility during shift 2.,In Progress,Ahmedabad
4222,Shipment Delay,Low,Truck breakdown caused delivery delay. Reported at Kolkata facility during shift 2.,In Progress,Mumbai
4223,Inventory Shortage,Medium,Supplier delay created inventory gap. Reported at Mumbai facility during shift 2.,Resolved,Chennai
4224,Inventory Shortage,Low,Safety stock threshold breached. Reported at Bengaluru facility during shift 3.,In Progress,Bengaluru
4225,Transportation Failure,Medium,Equipment malfunction impacted transport operations. Reported at Kolkata facility during shift 3.,Resolved,Kolkata
4226,Damaged Goods,High,Shipment contents damaged in transit. Reported at Hyderabad facility during shift 2.,In Progress,Delhi
4227,Damaged Goods,Low,Warehouse accident damaged stored inventory. Reported at Chennai facility during shift 3.,Open,Bengaluru
4228,Customs Issue,Low,Import documentation under review. Reported at Hyderabad facility during shift 1.,Resolved,Chennai
4229,Warehouse Issue,Medium,Warehouse stock mismatch identified. Reported at Hyderabad facility during shift 1.,Open,Hyderabad
4230,Shipment Delay,Low,Dispatch process delayed at origin facility. Reported at Pune facility during shift 2.,In Progress,Mumbai
4231,Damaged Goods,Medium,Temperature excursion affected product quality. Reported at Pune facility during shift 2.,Resolved,Chennai
4232,Transportation Failure,High,Carrier failed to pick up shipment. Reported at Ahmedabad facility during shift 3.,Open,Delhi
4233,Damaged Goods,Low,Goods arrived with visible damage. Reported at Pune facility during shift 2.,Open,Bengaluru
4234,Customs Issue,Medium,Import documentation under review. Reported at Pune facility during shift 3.,In Progress,Delhi
4235,Inventory Shortage,Medium,Inventory reservation conflict identified. Reported at Mumbai facility during shift 2.,Open,Kolkata
4236,Inventory Shortage,Critical,Warehouse stock shortage detected. Reported at Hyderabad facility during shift 1.,Open,Kolkata
4237,Transportation Failure,Low,Carrier failed to pick up shipment. Reported at Mumbai facility during shift 2.,In Progress,Hyderabad
4238,Inventory Shortage,Low,Cycle count revealed stock deficiency. Reported at Delhi facility during shift 1.,Open,Kolkata
4239,Transportation Failure,Medium,Transportation vendor system outage reported. Reported at Delhi facility during shift 1.,Open,Delhi
4240,Transportation Failure,High,Fuel supply issue interrupted transportation. Reported at Bengaluru facility during shift 2.,Open,Kolkata
4241,Inventory Shortage,Critical,Inventory replenishment delayed. Reported at Pune facility during shift 1.,Open,Bengaluru
4242,Documentation Error,Medium,Customs paperwork contained errors. Reported at Chennai facility during shift 2.,In Progress,Chennai
4243,Inventory Shortage,Low,Inventory replenishment delayed. Reported at Chennai facility during shift 2.,Resolved,Chennai
4244,Shipment Delay,Low,Rail transport delay impacted delivery timeline. Reported at Bengaluru facility during shift 3.,In Progress,Bengaluru
4245,Transportation Failure,Medium,Route planning error delayed movement. Reported at Ahmedabad facility during shift 1.,Open,Chennai
4246,Customs Issue,Medium,Shipment held by customs authorities. Reported at Delhi facility during shift 3.,In Progress,Kolkata
4247,Shipment Delay,High,Delivery delayed due to traffic disruption. Reported at Delhi facility during shift 1.,In Progress,Hyderabad
4248,Customs Issue,High,Import permit approval pending. Reported at Mumbai facility during shift 3.,In Progress,Hyderabad
4249,Shipment Delay,Critical,Dispatch process delayed at origin facility. Reported at Ahmedabad facility during shift 3.,Open,Bengaluru
4250,Shipment Delay,High,Carrier scheduling issue caused shipment delay. Reported at Pune facility during shift 3.,Open,Delhi
4251,Customs Issue,Medium,Border inspection extended shipment hold. Reported at Mumbai facility during shift 2.,In Progress,Ahmedabad
4252,Warehouse Issue,Medium,Inventory misplaced within storage area. Reported at Mumbai facility during shift 2.,In Progress,Ahmedabad
4253,Customs Issue,Low,Regulatory verification delayed release. Reported at Bengaluru facility during shift 2.,Resolved,Mumbai
4254,Documentation Error,Medium,Required compliance document missing. Reported at Pune facility during shift 1.,Resolved,Mumbai
4255,Shipment Delay,Medium,Shipment rerouted causing additional transit time. Reported at Ahmedabad facility during shift 2.,In Progress,Kolkata
4256,Damaged Goods,Medium,Package damaged during transportation. Reported at Pune facility during shift 1.,Resolved,Kolkata
4257,Shipment Delay,Low,Port congestion delayed shipment arrival. Reported at Chennai facility during shift 3.,Open,Pune
4258,Transportation Failure,Medium,Transportation vendor system outage reported. Reported at Chennai facility during shift 2.,Resolved,Chennai
4259,Inventory Shortage,Medium,Inventory replenishment delayed. Reported at Bengaluru facility during shift 1.,In Progress,Ahmedabad
4260,Customs Issue,Medium,Shipment flagged for compliance audit. Reported at Ahmedabad facility during shift 1.,In Progress,Kolkata
4261,Inventory Shortage,Low,Safety stock threshold breached. Reported at Bengaluru facility during shift 1.,Resolved,Ahmedabad
4262,Shipment Delay,Low,Cargo loading completed behind schedule. Reported at Pune facility during shift 3.,Open,Kolkata
4263,Warehouse Issue,Medium,Dock congestion slowed warehouse throughput. Reported at Hyderabad facility during shift 3.,In Progress,Bengaluru
4264,Transportation Failure,High,Transport route disruption due to road closure. Reported at Mumbai facility during shift 2.,Resolved,Hyderabad
4265,Inventory Shortage,Critical,Warehouse stock shortage detected. Reported at Chennai facility during shift 1.,Open,Ahmedabad
4266,Warehouse Issue,High,Receiving delay impacted warehouse operations. Reported at Bengaluru facility during shift 3.,Resolved,Delhi
4267,Warehouse Issue,Low,Warehouse processing backlog reported. Reported at Mumbai facility during shift 1.,In Progress,Pune
4268,Documentation Error,Medium,Missing certificate delayed shipment release. Reported at Kolkata facility during shift 2.,Open,Ahmedabad
4269,Warehouse Issue,Medium,Inventory misplaced within storage area. Reported at Hyderabad facility during shift 1.,Resolved,Bengaluru
4270,Warehouse Issue,Medium,Dock congestion slowed warehouse throughput. Reported at Ahmedabad facility during shift 2.,Open,Pune
4271,Inventory Shortage,Low,Warehouse unable to fulfill requested quantity. Reported at Delhi facility during shift 1.,In Progress,Chennai
4272,Warehouse Issue,High,Order picking queue exceeded capacity. Reported at Pune facility during shift 1.,In Progress,Hyderabad
4273,Inventory Shortage,High,Supplier delay created inventory gap. Reported at Ahmedabad facility during shift 1.,In Progress,Mumbai
4274,Warehouse Issue,Critical,Storage location information incorrect. Reported at Ahmedabad facility during shift 1.,In Progress,Pune
4275,Inventory Shortage,Critical,Unexpected order spike exhausted stock. Reported at Bengaluru facility during shift 2.,In Progress,Kolkata
4276,Damaged Goods,Medium,Receiving inspection identified damaged goods. Reported at Kolkata facility during shift 3.,In Progress,Hyderabad
4277,Documentation Error,Medium,Export declaration contained errors. Reported at Hyderabad facility during shift 3.,Open,Hyderabad
4278,Warehouse Issue,Medium,Space constraint affected storage operations. Reported at Hyderabad facility during shift 3.,Open,Chennai
4279,Damaged Goods,Low,Pallet collapse resulted in product damage. Reported at Delhi facility during shift 2.,In Progress,Delhi
4280,Documentation Error,Medium,Purchase order details inconsistent. Reported at Pune facility during shift 2.,In Progress,Mumbai
4281,Inventory Shortage,High,Inventory reservation conflict identified. Reported at Chennai facility during shift 2.,In Progress,Kolkata
4282,Customs Issue,Critical,Import permit approval pending. Reported at Delhi facility during shift 3.,Resolved,Pune
4283,Customs Issue,High,Shipment held by customs authorities. Reported at Ahmedabad facility during shift 3.,In Progress,Hyderabad
4284,Warehouse Issue,Medium,Storage location information incorrect. Reported at Mumbai facility during shift 1.,In Progress,Kolkata
4285,Warehouse Issue,Low,Space constraint affected storage operations. Reported at Pune facility during shift 1.,Open,Hyderabad
4286,Transportation Failure,Critical,Fleet utilization exceeded available capacity. Reported at Chennai facility during shift 2.,In Progress,Ahmedabad
4287,Warehouse Issue,Low,Order consolidation process delayed shipment. Reported at Delhi facility during shift 2.,Resolved,Hyderabad
4288,Customs Issue,Low,Customs valuation dispute identified. Reported at Chennai facility during shift 2.,Open,Delhi
4289,Shipment Delay,Medium,Carrier scheduling issue caused shipment delay. Reported at Ahmedabad facility during shift 3.,Open,Bengaluru
4290,Inventory Shortage,Low,Inventory forecast underestimated demand. Reported at Delhi facility during shift 3.,Resolved,Hyderabad
4291,Damaged Goods,Medium,Product packaging torn during loading. Reported at Kolkata facility during shift 2.,Resolved,Ahmedabad
4292,Shipment Delay,Medium,Delivery delayed due to traffic disruption. Reported at Bengaluru facility during shift 2.,Resolved,Delhi
4293,Warehouse Issue,Low,Warehouse staffing shortage reported. Reported at Kolkata facility during shift 1.,Open,Delhi
4294,Warehouse Issue,High,Warehouse staffing shortage reported. Reported at Delhi facility during shift 1.,Open,Hyderabad
4295,Documentation Error,Medium,Shipping label generated with incorrect address. Reported at Hyderabad facility during shift 1.,In Progress,Bengaluru
4296,Inventory Shortage,High,Unexpected order spike exhausted stock. Reported at Bengaluru facility during shift 2.,Resolved,Kolkata
4297,Shipment Delay,Medium,Driver shortage affected transportation schedule. Reported at Delhi facility during shift 3.,In Progress,Ahmedabad
4298,Customs Issue,Low,Regulatory approval pending clearance. Reported at Mumbai facility during shift 3.,Open,Pune
4299,Customs Issue,Critical,Customs valuation dispute identified. Reported at Hyderabad facility during shift 3.,In Progress,Delhi
4300,Shipment Delay,Low,Cargo loading completed behind schedule. Reported at Pune facility during shift 2.,Resolved,Chennai
4301,Shipment Delay,Low,Holiday demand surge caused shipping delays. Reported at Bengaluru facility during shift 1.,In Progress,Mumbai
4302,Documentation Error,Low,Shipping label generated with incorrect address. Reported at Bengaluru facility during shift 2.,Resolved,Chennai
4303,Shipment Delay,Medium,Truck breakdown caused delivery delay. Reported at Pune facility during shift 2.,In Progress,Pune
4304,Warehouse Issue,High,Order consolidation process delayed shipment. Reported at Chennai facility during shift 3.,Open,Chennai
4305,Damaged Goods,Low,Shipment contents damaged in transit. Reported at Mumbai facility during shift 1.,In Progress,Bengaluru
4306,Shipment Delay,High,Container missed connecting vessel. Reported at Kolkata facility during shift 2.,In Progress,Mumbai
4307,Customs Issue,Medium,Border inspection extended shipment hold. Reported at Pune facility during shift 1.,Resolved,Mumbai
4308,Damaged Goods,Medium,Temperature excursion affected product quality. Reported at Bengaluru facility during shift 2.,In Progress,Pune
4309,Documentation Error,Medium,Incorrect shipping documentation submitted. Reported at Bengaluru facility during shift 1.,Open,Mumbai
4310,Transportation Failure,Low,Transportation vendor system outage reported. Reported at Pune facility during shift 2.,Open,Ahmedabad
4311,Warehouse Issue,Low,Warehouse staffing shortage reported. Reported at Ahmedabad facility during shift 3.,Open,Chennai
4312,Inventory Shortage,Low,Warehouse unable to fulfill requested quantity. Reported at Ahmedabad facility during shift 3.,Resolved,Bengaluru
4313,Transportation Failure,Low,Equipment malfunction impacted transport operations. Reported at Mumbai facility during shift 2.,In Progress,Kolkata
4314,Transportation Failure,Low,Third-party carrier cancelled shipment booking. Reported at Kolkata facility during shift 1.,Resolved,Ahmedabad
4315,Warehouse Issue,Medium,Warehouse staffing shortage reported. Reported at Kolkata facility during shift 2.,Resolved,Bengaluru
4316,Customs Issue,Low,Border inspection extended shipment hold. Reported at Delhi facility during shift 2.,Open,Pune
4317,Warehouse Issue,Low,Warehouse stock mismatch identified. Reported at Pune facility during shift 3.,Open,Hyderabad
4318,Damaged Goods,Medium,Fragile goods mishandled during unloading. Reported at Mumbai facility during shift 3.,In Progress,Ahmedabad
4319,Customs Issue,Medium,Import documentation under review. Reported at Pune facility during shift 1.,Open,Bengaluru
4320,Documentation Error,Low,Missing certificate delayed shipment release. Reported at Delhi facility during shift 2.,In Progress,Delhi
4321,Shipment Delay,Medium,Last-mile delivery partner unavailable. Reported at Ahmedabad facility during shift 2.,Open,Pune
4322,Documentation Error,Medium,Manifest information incomplete. Reported at Hyderabad facility during shift 2.,In Progress,Bengaluru
4323,Shipment Delay,Low,Holiday demand surge caused shipping delays. Reported at Bengaluru facility during shift 1.,Resolved,Pune
4324,Inventory Shortage,Medium,Inventory replenishment delayed. Reported at Ahmedabad facility during shift 1.,In Progress,Kolkata
4325,Documentation Error,Medium,Labeling information did not match shipment. Reported at Bengaluru facility during shift 2.,Resolved,Pune
4326,Warehouse Issue,Medium,Put-away process delayed inventory availability. Reported at Chennai facility during shift 1.,Resolved,Pune
4327,Damaged Goods,Low,Pallet collapse resulted in product damage. Reported at Mumbai facility during shift 1.,Resolved,Ahmedabad
4328,Warehouse Issue,Critical,Warehouse processing backlog reported. Reported at Chennai facility during shift 3.,In Progress,Delhi
4329,Customs Issue,Medium,Trade compliance review delayed processing. Reported at Chennai facility during shift 3.,Open,Delhi
4330,Transportation Failure,Medium,Third-party carrier cancelled shipment booking. Reported at Ahmedabad facility during shift 2.,Resolved,Mumbai
4331,Shipment Delay,Medium,Mechanical failure delayed freight movement. Reported at Hyderabad facility during shift 1.,Resolved,Ahmedabad
4332,Customs Issue,Low,Shipment flagged for compliance audit. Reported at Kolkata facility during shift 1.,Resolved,Chennai
4333,Shipment Delay,Low,Last-mile delivery partner unavailable. Reported at Mumbai facility during shift 1.,Open,Hyderabad
4334,Inventory Shortage,Low,Demand exceeded available stock levels. Reported at Hyderabad facility during shift 3.,Open,Chennai
4335,Damaged Goods,Medium,Packaging failure led to damaged products. Reported at Ahmedabad facility during shift 3.,In Progress,Mumbai
4336,Warehouse Issue,Medium,Cycle count discrepancy identified. Reported at Kolkata facility during shift 1.,Resolved,Ahmedabad
4337,Shipment Delay,Medium,Delivery delayed due to traffic disruption. Reported at Pune facility during shift 3.,In Progress,Kolkata
4338,Transportation Failure,Low,Third-party carrier cancelled shipment booking. Reported at Ahmedabad facility during shift 2.,Resolved,Kolkata
4339,Documentation Error,Low,Manifest information incomplete. Reported at Bengaluru facility during shift 1.,In Progress,Chennai
4340,Shipment Delay,Low,Rail transport delay impacted delivery timeline. Reported at Pune facility during shift 1.,In Progress,Delhi
4341,Customs Issue,High,Tariff classification review in progress. Reported at Pune facility during shift 1.,Resolved,Bengaluru
4342,Customs Issue,Medium,Import documentation under review. Reported at Delhi facility during shift 1.,In Progress,Bengaluru
4343,Documentation Error,Low,Data entry error impacted shipment records. Reported at Chennai facility during shift 2.,Resolved,Hyderabad
4344,Transportation Failure,Low,Accident blocked scheduled delivery route. Reported at Bengaluru facility during shift 2.,Open,Pune
4345,Transportation Failure,Critical,Third-party carrier cancelled shipment booking. Reported at Mumbai facility during shift 1.,In Progress,Chennai
4346,Customs Issue,Low,Regulatory approval pending clearance. Reported at Mumbai facility during shift 1.,Resolved,Delhi
4347,Transportation Failure,Low,Delivery vehicle breakdown reported. Reported at Chennai facility during shift 3.,In Progress,Pune
4348,Documentation Error,Low,Documentation approval pending correction. Reported at Bengaluru facility during shift 3.,In Progress,Pune
4349,Documentation Error,Medium,Export declaration contained errors. Reported at Bengaluru facility during shift 1.,Resolved,Bengaluru
4350,Damaged Goods,Low,Improper handling caused item breakage. Reported at Mumbai facility during shift 3.,In Progress,Kolkata
4351,Transportation Failure,Medium,Route planning error delayed movement. Reported at Mumbai facility during shift 2.,Resolved,Kolkata
4352,Customs Issue,High,Tariff classification review in progress. Reported at Hyderabad facility during shift 3.,Open,Chennai
4353,Inventory Shortage,Low,Product unavailable due to inventory mismatch. Reported at Ahmedabad facility during shift 3.,Resolved,Kolkata
4354,Transportation Failure,Low,Driver unavailable for scheduled route. Reported at Delhi facility during shift 3.,In Progress,Pune
4355,Damaged Goods,Medium,Transit vibration caused product defects. Reported at Delhi facility during shift 3.,Open,Hyderabad
4356,Shipment Delay,High,Shipment delayed due to customs inspection. Reported at Chennai facility during shift 3.,Resolved,Delhi
4357,Shipment Delay,Low,Cargo loading completed behind schedule. Reported at Kolkata facility during shift 3.,In Progress,Kolkata
4358,Warehouse Issue,Medium,Warehouse stock mismatch identified. Reported at Pune facility during shift 1.,Resolved,Pune
4359,Damaged Goods,High,Forklift accident damaged inventory. Reported at Delhi facility during shift 2.,In Progress,Bengaluru
4360,Customs Issue,Medium,Shipment held by customs authorities. Reported at Bengaluru facility during shift 1.,In Progress,Bengaluru
4361,Transportation Failure,Low,Route planning error delayed movement. Reported at Bengaluru facility during shift 1.,Open,Chennai
4362,Customs Issue,High,Shipment held by customs authorities. Reported at Chennai facility during shift 3.,Resolved,Bengaluru
4363,Shipment Delay,Low,Cargo loading completed behind schedule. Reported at Ahmedabad facility during shift 3.,Open,Hyderabad
4364,Warehouse Issue,Medium,Warehouse staffing shortage reported. Reported at Chennai facility during shift 1.,Open,Pune
4365,Customs Issue,Medium,Regulatory verification delayed release. Reported at Mumbai facility during shift 2.,Resolved,Delhi
4366,Documentation Error,High,Missing certificate delayed shipment release. Reported at Chennai facility during shift 3.,Open,Hyderabad
4367,Customs Issue,Medium,Border inspection extended shipment hold. Reported at Ahmedabad facility during shift 2.,Open,Kolkata
4368,Transportation Failure,High,Carrier failed to pick up shipment. Reported at Chennai facility during shift 3.,Open,Delhi
4369,Inventory Shortage,Low,Raw material shortage impacted production. Reported at Kolkata facility during shift 3.,Resolved,Hyderabad
4370,Warehouse Issue,High,Warehouse management system outage reported. Reported at Hyderabad facility during shift 2.,In Progress,Bengaluru
4371,Shipment Delay,Critical,Holiday demand surge caused shipping delays. Reported at Mumbai facility during shift 1.,Resolved,Bengaluru
4372,Customs Issue,High,Shipment selected for random inspection. Reported at Bengaluru facility during shift 1.,In Progress,Ahmedabad
4373,Inventory Shortage,Medium,Cycle count revealed stock deficiency. Reported at Ahmedabad facility during shift 3.,Open,Mumbai
4374,Documentation Error,Medium,Documentation approval pending correction. Reported at Mumbai facility during shift 3.,Resolved,Kolkata
4375,Documentation Error,High,Bill of lading information mismatch detected. Reported at Ahmedabad facility during shift 2.,In Progress,Chennai
4376,Warehouse Issue,High,Put-away process delayed inventory availability. Reported at Mumbai facility during shift 2.,In Progress,Ahmedabad
4377,Customs Issue,Medium,Trade compliance review delayed processing. Reported at Mumbai facility during shift 3.,In Progress,Delhi
4378,Customs Issue,Critical,Shipment flagged for compliance audit. Reported at Bengaluru facility during shift 2.,In Progress,Pune
4379,Shipment Delay,Low,Truck breakdown caused delivery delay. Reported at Kolkata facility during shift 3.,In Progress,Delhi
4380,Documentation Error,Medium,Customs paperwork contained errors. Reported at Delhi facility during shift 2.,In Progress,Chennai
4381,Documentation Error,Medium,Data entry error impacted shipment records. Reported at Bengaluru facility during shift 2.,Open,Kolkata
4382,Warehouse Issue,Medium,Receiving delay impacted warehouse operations. Reported at Delhi facility during shift 1.,Resolved,Chennai
4383,Transportation Failure,Medium,Vehicle maintenance issue halted delivery. Reported at Bengaluru facility during shift 2.,Open,Delhi
4384,Damaged Goods,Medium,Water exposure damaged packaged goods. Reported at Ahmedabad facility during shift 2.,In Progress,Pune
4385,Documentation Error,Low,Manifest information incomplete. Reported at Ahmedabad facility during shift 2.,Resolved,Bengaluru
4386,Documentation Error,Low,Incorrect consignee information provided. Reported at Chennai facility during shift 2.,Open,Hyderabad
4387,Shipment Delay,High,Driver shortage affected transportation schedule. Reported at Ahmedabad facility during shift 1.,In Progress,Pune
4388,Transportation Failure,Low,Transportation vendor system outage reported. Reported at Bengaluru facility during shift 3.,Open,Pune
4389,Warehouse Issue,Medium,Order picking queue exceeded capacity. Reported at Pune facility during shift 1.,In Progress,Mumbai
4390,Customs Issue,Medium,Customs clearance process delayed. Reported at Hyderabad facility during shift 3.,Open,Pune
4391,Warehouse Issue,Medium,Warehouse stock mismatch identified. Reported at Chennai facility during shift 3.,In Progress,Hyderabad
4392,Documentation Error,Critical,Data entry error impacted shipment records. Reported at Delhi facility during shift 3.,Resolved,Ahmedabad
4393,Damaged Goods,Medium,Fragile goods mishandled during unloading. Reported at Ahmedabad facility during shift 1.,Resolved,Chennai
4394,Warehouse Issue,Low,Storage location information incorrect. Reported at Bengaluru facility during shift 1.,Resolved,Delhi
4395,Damaged Goods,Medium,Fragile goods mishandled during unloading. Reported at Chennai facility during shift 1.,In Progress,Chennai
4396,Transportation Failure,High,Vehicle maintenance issue halted delivery. Reported at Delhi facility during shift 3.,Open,Kolkata
4397,Customs Issue,Critical,Customs valuation dispute identified. Reported at Pune facility during shift 1.,Open,Bengaluru
4398,Warehouse Issue,Low,Warehouse processing backlog reported. Reported at Kolkata facility during shift 3.,Open,Chennai
4399,Transportation Failure,High,Carrier failed to pick up shipment. Reported at Chennai facility during shift 1.,In Progress,Bengaluru
4400,Shipment Delay,Critical,Port congestion delayed shipment arrival. Reported at Hyderabad facility during shift 1.,Resolved,Kolkata
4401,Inventory Shortage,Low,Stockout occurred at fulfillment center. Reported at Ahmedabad facility during shift 2.,Resolved,Hyderabad
4402,Shipment Delay,High,Dispatch process delayed at origin facility. Reported at Pune facility during shift 2.,Resolved,Mumbai
4403,Warehouse Issue,Medium,Dock congestion slowed warehouse throughput. Reported at Hyderabad facility during shift 2.,Resolved,Pune
4404,Transportation Failure,Low,Accident blocked scheduled delivery route. Reported at Ahmedabad facility during shift 2.,In Progress,Ahmedabad
4405,Warehouse Issue,Medium,Warehouse processing backlog reported. Reported at Pune facility during shift 3.,In Progress,Bengaluru
4406,Damaged Goods,Medium,Water exposure damaged packaged goods. Reported at Mumbai facility during shift 2.,In Progress,Kolkata
4407,Damaged Goods,High,Receiving inspection identified damaged goods. Reported at Bengaluru facility during shift 3.,In Progress,Bengaluru
4408,Warehouse Issue,Critical,Inventory allocation issue detected. Reported at Bengaluru facility during shift 3.,In Progress,Kolkata
4409,Customs Issue,Low,Import documentation under review. Reported at Kolkata facility during shift 2.,In Progress,Hyderabad
4410,Documentation Error,Low,Incorrect consignee information provided. Reported at Bengaluru facility during shift 1.,Resolved,Ahmedabad
4411,Transportation Failure,Critical,Driver unavailable for scheduled route. Reported at Ahmedabad facility during shift 1.,Resolved,Hyderabad
4412,Inventory Shortage,Medium,Inventory replenishment delayed. Reported at Kolkata facility during shift 3.,Resolved,Hyderabad
4413,Damaged Goods,Medium,Forklift accident damaged inventory. Reported at Kolkata facility during shift 3.,Resolved,Chennai
4414,Damaged Goods,High,Package damaged during transportation. Reported at Hyderabad facility during shift 2.,In Progress,Chennai
4415,Documentation Error,Medium,Customs paperwork contained errors. Reported at Hyderabad facility during shift 2.,Resolved,Chennai
4416,Shipment Delay,Low,Last-mile delivery partner unavailable. Reported at Bengaluru facility during shift 2.,Resolved,Bengaluru
4417,Documentation Error,Low,Incorrect shipping documentation submitted. Reported at Ahmedabad facility during shift 2.,Resolved,Ahmedabad
4418,Inventory Shortage,Medium,Inventory reservation conflict identified. Reported at Pune facility during shift 2.,In Progress,Chennai
4419,Inventory Shortage,Medium,Backordered items unavailable for dispatch. Reported at Chennai facility during shift 1.,In Progress,Pune
4420,Shipment Delay,Low,Container missed connecting vessel. Reported at Chennai facility during shift 3.,Resolved,Chennai
4421,Damaged Goods,Low,Water exposure damaged packaged goods. Reported at Chennai facility during shift 3.,Resolved,Mumbai
4422,Damaged Goods,High,Forklift accident damaged inventory. Reported at Pune facility during shift 1.,Open,Ahmedabad
4423,Documentation Error,High,Required compliance document missing. Reported at Bengaluru facility during shift 1.,Resolved,Pune
4424,Inventory Shortage,Low,Product unavailable due to inventory mismatch. Reported at Mumbai facility during shift 1.,Resolved,Pune
4425,Documentation Error,Medium,Incorrect shipping documentation submitted. Reported at Hyderabad facility during shift 1.,Open,Ahmedabad
4426,Warehouse Issue,Medium,Inventory allocation issue detected. Reported at Delhi facility during shift 3.,Resolved,Kolkata
4427,Inventory Shortage,Medium,Unexpected order spike exhausted stock. Reported at Pune facility during shift 1.,Resolved,Pune
4428,Transportation Failure,High,Logistics partner experienced operational failure. Reported at Bengaluru facility during shift 3.,In Progress,Pune
4429,Damaged Goods,Medium,Water exposure damaged packaged goods. Reported at Mumbai facility during shift 2.,In Progress,Chennai
4430,Warehouse Issue,Low,Cycle count discrepancy identified. Reported at Mumbai facility during shift 3.,Open,Mumbai
4431,Transportation Failure,High,Accident blocked scheduled delivery route. Reported at Hyderabad facility during shift 2.,In Progress,Bengaluru
4432,Customs Issue,Low,Import permit approval pending. Reported at Chennai facility during shift 2.,Open,Mumbai
4433,Transportation Failure,Medium,Fleet utilization exceeded available capacity. Reported at Bengaluru facility during shift 1.,In Progress,Mumbai
4434,Warehouse Issue,Medium,Storage location information incorrect. Reported at Mumbai facility during shift 3.,In Progress,Pune
4435,Transportation Failure,Low,Equipment malfunction impacted transport operations. Reported at Delhi facility during shift 2.,Open,Delhi
4436,Warehouse Issue,Low,Order picking queue exceeded capacity. Reported at Chennai facility during shift 3.,Open,Ahmedabad
4437,Transportation Failure,Medium,Carrier failed to pick up shipment. Reported at Chennai facility during shift 3.,Open,Kolkata
4438,Documentation Error,High,Bill of lading information mismatch detected. Reported at Mumbai facility during shift 3.,Open,Chennai
4439,Warehouse Issue,Medium,Warehouse staffing shortage reported. Reported at Bengaluru facility during shift 3.,Open,Kolkata
4440,Customs Issue,Medium,Import permit approval pending. Reported at Chennai facility during shift 2.,Resolved,Pune
4441,Customs Issue,Critical,Border security inspection caused delay. Reported at Delhi facility during shift 1.,Resolved,Kolkata
4442,Transportation Failure,Critical,Logistics partner experienced operational failure. Reported at Mumbai facility during shift 1.,Open,Hyderabad
4443,Warehouse Issue,Medium,Warehouse processing backlog reported. Reported at Chennai facility during shift 2.,Open,Hyderabad
4444,Customs Issue,Medium,Import documentation under review. Reported at Chennai facility during shift 1.,Open,Kolkata
4445,Damaged Goods,Low,Water exposure damaged packaged goods. Reported at Chennai facility during shift 3.,Open,Bengaluru
4446,Shipment Delay,Medium,Unexpected weather conditions slowed transportation. Reported at Hyderabad facility during shift 1.,In Progress,Ahmedabad
4447,Transportation Failure,Medium,Fleet utilization exceeded available capacity. Reported at Delhi facility during shift 3.,Open,Pune
4448,Damaged Goods,Low,Container impact damaged shipment contents. Reported at Chennai facility during shift 3.,In Progress,Bengaluru
4449,Shipment Delay,Low,Cargo loading completed behind schedule. Reported at Bengaluru facility during shift 3.,In Progress,Pune
4450,Inventory Shortage,Medium,Warehouse unable to fulfill requested quantity. Reported at Mumbai facility during shift 1.,Open,Ahmedabad
4451,Transportation Failure,Low,Transport route disruption due to road closure. Reported at Mumbai facility during shift 2.,Open,Mumbai
4452,Customs Issue,Low,Country-specific restriction affected import. Reported at Ahmedabad facility during shift 3.,In Progress,Mumbai
4453,Transportation Failure,Low,Logistics partner experienced operational failure. Reported at Delhi facility during shift 3.,In Progress,Delhi
4454,Customs Issue,Low,Border security inspection caused delay. Reported at Mumbai facility during shift 3.,Resolved,Ahmedabad
4455,Inventory Shortage,Low,Inventory reservation conflict identified. Reported at Delhi facility during shift 1.,Resolved,Bengaluru
4456,Transportation Failure,Medium,Route planning error delayed movement. Reported at Mumbai facility during shift 2.,Resolved,Ahmedabad
4457,Transportation Failure,High,Third-party carrier cancelled shipment booking. Reported at Ahmedabad facility during shift 1.,In Progress,Delhi
4458,Documentation Error,Low,Labeling information did not match shipment. Reported at Ahmedabad facility during shift 2.,Resolved,Hyderabad
4459,Damaged Goods,High,Transit vibration caused product defects. Reported at Mumbai facility during shift 2.,Open,Hyderabad
4460,Damaged Goods,High,Water exposure damaged packaged goods. Reported at Chennai facility during shift 1.,Open,Chennai
4461,Inventory Shortage,High,Unexpected order spike exhausted stock. Reported at Kolkata facility during shift 3.,Open,Ahmedabad
4462,Documentation Error,High,Documentation approval pending correction. Reported at Chennai facility during shift 1.,In Progress,Pune
4463,Shipment Delay,Medium,Port congestion delayed shipment arrival. Reported at Pune facility during shift 3.,In Progress,Chennai
4464,Inventory Shortage,Low,Raw material shortage impacted production. Reported at Chennai facility during shift 2.,Resolved,Bengaluru
4465,Damaged Goods,Medium,Pallet collapse resulted in product damage. Reported at Ahmedabad facility during shift 3.,Resolved,Mumbai
4466,Documentation Error,High,Data entry error impacted shipment records. Reported at Delhi facility during shift 1.,Resolved,Mumbai
4467,Shipment Delay,Medium,Truck breakdown caused delivery delay. Reported at Bengaluru facility during shift 3.,In Progress,Delhi
4468,Shipment Delay,Low,Shipment delayed due to customs inspection. Reported at Pune facility during shift 1.,In Progress,Kolkata
4469,Shipment Delay,Low,Truck breakdown caused delivery delay. Reported at Hyderabad facility during shift 1.,Open,Bengaluru
4470,Documentation Error,High,Missing certificate delayed shipment release. Reported at Delhi facility during shift 2.,Open,Chennai
4471,Warehouse Issue,High,Inventory misplaced within storage area. Reported at Bengaluru facility during shift 3.,Resolved,Kolkata
4472,Documentation Error,Medium,Missing invoice delayed processing. Reported at Kolkata facility during shift 1.,Open,Bengaluru
4473,Documentation Error,Critical,Documentation approval pending correction. Reported at Mumbai facility during shift 3.,In Progress,Bengaluru
4474,Customs Issue,High,Tariff classification review in progress. Reported at Chennai facility during shift 2.,Resolved,Hyderabad
4475,Customs Issue,Low,Import permit approval pending. Reported at Kolkata facility during shift 2.,Open,Chennai
4476,Damaged Goods,Medium,Goods arrived with visible damage. Reported at Mumbai facility during shift 2.,Open,Chennai
4477,Transportation Failure,Low,Trailer availability issue delayed dispatch. Reported at Chennai facility during shift 2.,Open,Hyderabad
4478,Documentation Error,Medium,Incorrect consignee information provided. Reported at Chennai facility during shift 3.,Resolved,Pune
4479,Shipment Delay,Low,Port congestion delayed shipment arrival. Reported at Bengaluru facility during shift 2.,In Progress,Mumbai
4480,Warehouse Issue,Low,Picking error occurred in warehouse. Reported at Mumbai facility during shift 3.,Resolved,Hyderabad
4481,Damaged Goods,Medium,Shipment contents damaged in transit. Reported at Pune facility during shift 2.,Open,Kolkata
4482,Damaged Goods,Medium,Water exposure damaged packaged goods. Reported at Kolkata facility during shift 1.,In Progress,Kolkata
4483,Transportation Failure,Medium,Transport route disruption due to road closure. Reported at Bengaluru facility during shift 2.,Resolved,Mumbai
4484,Customs Issue,High,Shipment selected for random inspection. Reported at Kolkata facility during shift 1.,Open,Pune
4485,Transportation Failure,Medium,Transport route disruption due to road closure. Reported at Delhi facility during shift 3.,In Progress,Ahmedabad
4486,Documentation Error,Medium,Bill of lading information mismatch detected. Reported at Chennai facility during shift 2.,Open,Ahmedabad
4487,Shipment Delay,Low,Unexpected weather conditions slowed transportation. Reported at Ahmedabad facility during shift 3.,Open,Delhi
4488,Customs Issue,Medium,Import documentation under review. Reported at Bengaluru facility during shift 3.,Resolved,Hyderabad
4489,Customs Issue,Low,Tariff classification review in progress. Reported at Mumbai facility during shift 2.,In Progress,Kolkata
4490,Inventory Shortage,High,Inventory forecast underestimated demand. Reported at Kolkata facility during shift 1.,Open,Hyderabad
4491,Customs Issue,Medium,Customs clearance process delayed. Reported at Mumbai facility during shift 2.,Open,Hyderabad
4492,Inventory Shortage,Low,Raw material shortage impacted production. Reported at Mumbai facility during shift 2.,Resolved,Bengaluru
4493,Shipment Delay,High,Rail transport delay impacted delivery timeline. Reported at Kolkata facility during shift 3.,Open,Kolkata
4494,Damaged Goods,Medium,Improper handling caused item breakage. Reported at Chennai facility during shift 2.,In Progress,Kolkata
4495,Documentation Error,Low,Labeling information did not match shipment. Reported at Ahmedabad facility during shift 1.,Resolved,Bengaluru
4496,Shipment Delay,Low,Shipment delayed due to customs inspection. Reported at Hyderabad facility during shift 3.,Resolved,Bengaluru
4497,Transportation Failure,High,Equipment malfunction impacted transport operations. Reported at Bengaluru facility during shift 3.,In Progress,Delhi
4498,Customs Issue,Medium,Import documentation under review. Reported at Mumbai facility during shift 3.,In Progress,Chennai
4499,Transportation Failure,Low,Driver unavailable for scheduled route. Reported at Bengaluru facility during shift 2.,In Progress,Chennai
4500,Transportation Failure,Low,Equipment malfunction impacted transport operations. Reported at Delhi facility during shift 3.,Resolved,Ahmedabad
4501,Inventory Shortage,Medium,Inventory replenishment delayed. Reported at Delhi facility during shift 2.,Resolved,Bengaluru
4502,Shipment Delay,Medium,Truck breakdown caused delivery delay. Reported at Mumbai facility during shift 2.,In Progress,Chennai
4503,Warehouse Issue,Medium,Warehouse staffing shortage reported. Reported at Ahmedabad facility during shift 2.,Resolved,Hyderabad
4504,Warehouse Issue,Medium,Cycle count discrepancy identified. Reported at Ahmedabad facility during shift 2.,In Progress,Chennai
4505,Damaged Goods,Medium,Goods arrived with visible damage. Reported at Delhi facility during shift 1.,Open,Hyderabad
4506,Documentation Error,Critical,Manifest information incomplete. Reported at Kolkata facility during shift 2.,In Progress,Mumbai
4507,Documentation Error,Medium,Documentation approval pending correction. Reported at Mumbai facility during shift 1.,In Progress,Bengaluru
4508,Customs Issue,High,Shipment selected for random inspection. Reported at Pune facility during shift 2.,Open,Kolkata
4509,Inventory Shortage,Medium,Inventory reservation conflict identified. Reported at Mumbai facility during shift 1.,In Progress,Pune
4510,Transportation Failure,High,Transportation network disruption reported. Reported at Delhi facility during shift 3.,In Progress,Mumbai
4511,Transportation Failure,Medium,Route planning error delayed movement. Reported at Hyderabad facility during shift 3.,In Progress,Mumbai
4512,Shipment Delay,High,Rail transport delay impacted delivery timeline. Reported at Bengaluru facility during shift 3.,Resolved,Chennai
4513,Transportation Failure,Low,Transportation vendor system outage reported. Reported at Delhi facility during shift 3.,Open,Chennai
4514,Transportation Failure,Medium,Transport route disruption due to road closure. Reported at Kolkata facility during shift 2.,Resolved,Delhi
4515,Shipment Delay,Low,Delivery delayed due to traffic disruption. Reported at Bengaluru facility during shift 3.,Open,Bengaluru
4516,Shipment Delay,Medium,Last-mile delivery partner unavailable. Reported at Pune facility during shift 2.,Open,Hyderabad
4517,Customs Issue,Medium,Border security inspection caused delay. Reported at Chennai facility during shift 1.,Open,Pune
4518,Customs Issue,High,Regulatory verification delayed release. Reported at Pune facility during shift 3.,Resolved,Bengaluru
4519,Damaged Goods,Medium,Packaging failure led to damaged products. Reported at Kolkata facility during shift 1.,Resolved,Mumbai
4520,Inventory Shortage,Low,Inventory forecast underestimated demand. Reported at Hyderabad facility during shift 3.,Resolved,Delhi
4521,Inventory Shortage,Low,Warehouse unable to fulfill requested quantity. Reported at Pune facility during shift 2.,In Progress,Mumbai
4522,Warehouse Issue,Medium,Cycle count discrepancy identified. Reported at Delhi facility during shift 2.,Open,Hyderabad
4523,Warehouse Issue,Critical,Warehouse management system outage reported. Reported at Kolkata facility during shift 1.,Open,Delhi
4524,Customs Issue,Low,Border inspection extended shipment hold. Reported at Kolkata facility during shift 1.,Resolved,Kolkata
4525,Inventory Shortage,Low,Cycle count revealed stock deficiency. Reported at Hyderabad facility during shift 2.,Open,Hyderabad
4526,Damaged Goods,Medium,Forklift accident damaged inventory. Reported at Mumbai facility during shift 2.,Open,Bengaluru
4527,Shipment Delay,Medium,Mechanical failure delayed freight movement. Reported at Ahmedabad facility during shift 3.,Resolved,Pune
4528,Warehouse Issue,Medium,Cycle count discrepancy identified. Reported at Chennai facility during shift 3.,Resolved,Hyderabad
4529,Damaged Goods,Medium,Receiving inspection identified damaged goods. Reported at Ahmedabad facility during shift 1.,Resolved,Chennai
4530,Documentation Error,Low,Data entry error impacted shipment records. Reported at Delhi facility during shift 3.,In Progress,Bengaluru
4531,Damaged Goods,Medium,Fragile goods mishandled during unloading. Reported at Mumbai facility during shift 2.,Open,Mumbai
4532,Inventory Shortage,Critical,Demand exceeded available stock levels. Reported at Ahmedabad facility during shift 1.,In Progress,Chennai
4533,Transportation Failure,Medium,Equipment malfunction impacted transport operations. Reported at Delhi facility during shift 1.,Open,Hyderabad
4534,Shipment Delay,Low,Dispatch process delayed at origin facility. Reported at Delhi facility during shift 2.,Open,Delhi
4535,Customs Issue,Medium,Trade compliance review delayed processing. Reported at Hyderabad facility during shift 1.,Resolved,Bengaluru
4536,Warehouse Issue,Medium,Space constraint affected storage operations. Reported at Chennai facility during shift 2.,Open,Delhi
4537,Customs Issue,Medium,Border inspection extended shipment hold. Reported at Kolkata facility during shift 2.,Open,Mumbai
4538,Documentation Error,Low,Missing invoice delayed processing. Reported at Hyderabad facility during shift 2.,In Progress,Hyderabad
4539,Inventory Shortage,Medium,Raw material shortage impacted production. Reported at Chennai facility during shift 1.,Open,Pune
4540,Shipment Delay,Medium,Dispatch process delayed at origin facility. Reported at Hyderabad facility during shift 2.,Resolved,Mumbai
4541,Shipment Delay,Low,Shipment rerouted causing additional transit time. Reported at Kolkata facility during shift 3.,In Progress,Kolkata
4542,Damaged Goods,Medium,Package damaged during transportation. Reported at Hyderabad facility during shift 1.,In Progress,Bengaluru
4543,Documentation Error,Medium,Labeling information did not match shipment. Reported at Mumbai facility during shift 1.,In Progress,Hyderabad
4544,Warehouse Issue,High,Dock congestion slowed warehouse throughput. Reported at Delhi facility during shift 2.,Open,Chennai
4545,Documentation Error,High,Shipping label generated with incorrect address. Reported at Delhi facility during shift 2.,Resolved,Mumbai
4546,Shipment Delay,Medium,Shipment rerouted causing additional transit time. Reported at Bengaluru facility during shift 2.,Resolved,Hyderabad
4547,Inventory Shortage,Medium,Procurement delay affected inventory availability. Reported at Delhi facility during shift 1.,Open,Bengaluru
4548,Transportation Failure,Medium,Fuel supply issue interrupted transportation. Reported at Kolkata facility during shift 2.,In Progress,Delhi
4549,Warehouse Issue,Low,Storage location information incorrect. Reported at Pune facility during shift 1.,In Progress,Mumbai
4550,Documentation Error,Medium,Required compliance document missing. Reported at Mumbai facility during shift 1.,Resolved,Bengaluru
4551,Documentation Error,High,Missing certificate delayed shipment release. Reported at Chennai facility during shift 3.,In Progress,Delhi
4552,Damaged Goods,Low,Fragile goods mishandled during unloading. Reported at Delhi facility during shift 2.,In Progress,Delhi
4553,Documentation Error,Medium,Data entry error impacted shipment records. Reported at Bengaluru facility during shift 2.,Open,Hyderabad
4554,Customs Issue,Low,Shipment flagged for compliance audit. Reported at Bengaluru facility during shift 1.,In Progress,Pune
4555,Shipment Delay,Critical,Dispatch process delayed at origin facility. Reported at Kolkata facility during shift 2.,In Progress,Chennai
4556,Documentation Error,Low,Purchase order details inconsistent. Reported at Pune facility during shift 2.,Open,Delhi
4557,Transportation Failure,Medium,Route planning error delayed movement. Reported at Delhi facility during shift 3.,Open,Ahmedabad
4558,Damaged Goods,Medium,Forklift accident damaged inventory. Reported at Pune facility during shift 1.,In Progress,Delhi
4559,Warehouse Issue,Low,Warehouse staffing shortage reported. Reported at Pune facility during shift 3.,In Progress,Chennai
4560,Inventory Shortage,High,Cycle count revealed stock deficiency. Reported at Kolkata facility during shift 3.,In Progress,Hyderabad
4561,Damaged Goods,Low,Forklift accident damaged inventory. Reported at Pune facility during shift 3.,In Progress,Kolkata
4562,Damaged Goods,Low,Package damaged during transportation. Reported at Hyderabad facility during shift 2.,Resolved,Bengaluru
4563,Shipment Delay,Low,Shipment delayed due to customs inspection. Reported at Pune facility during shift 2.,Resolved,Ahmedabad
4564,Inventory Shortage,High,Warehouse unable to fulfill requested quantity. Reported at Hyderabad facility during shift 2.,Resolved,Kolkata
4565,Customs Issue,Medium,Tariff classification review in progress. Reported at Kolkata facility during shift 2.,Resolved,Hyderabad
4566,Transportation Failure,Low,Delivery vehicle breakdown reported. Reported at Kolkata facility during shift 3.,Resolved,Chennai
4567,Warehouse Issue,Low,Warehouse staffing shortage reported. Reported at Kolkata facility during shift 3.,In Progress,Ahmedabad
4568,Shipment Delay,High,Truck breakdown caused delivery delay. Reported at Chennai facility during shift 1.,In Progress,Ahmedabad
4569,Shipment Delay,High,Container missed connecting vessel. Reported at Kolkata facility during shift 2.,In Progress,Kolkata
4570,Customs Issue,Medium,Customs requested additional documentation. Reported at Chennai facility during shift 3.,Resolved,Kolkata
4571,Shipment Delay,Medium,Shipment rerouted causing additional transit time. Reported at Mumbai facility during shift 2.,In Progress,Hyderabad
4572,Documentation Error,Low,Shipping label generated with incorrect address. Reported at Delhi facility during shift 1.,Open,Pune
4573,Documentation Error,Medium,Shipping label generated with incorrect address. Reported at Kolkata facility during shift 3.,Open,Hyderabad
4574,Damaged Goods,Medium,Warehouse accident damaged stored inventory. Reported at Chennai facility during shift 3.,In Progress,Kolkata
4575,Warehouse Issue,Medium,Put-away process delayed inventory availability. Reported at Bengaluru facility during shift 2.,Open,Delhi
4576,Warehouse Issue,High,Put-away process delayed inventory availability. Reported at Hyderabad facility during shift 1.,In Progress,Mumbai
4577,Transportation Failure,High,Transportation network disruption reported. Reported at Delhi facility during shift 2.,Open,Hyderabad
4578,Shipment Delay,Low,Holiday demand surge caused shipping delays. Reported at Delhi facility during shift 2.,Resolved,Bengaluru
4579,Documentation Error,High,Incorrect consignee information provided. Reported at Ahmedabad facility during shift 2.,In Progress,Hyderabad
4580,Documentation Error,Medium,Invoice value discrepancy identified. Reported at Mumbai facility during shift 3.,Open,Hyderabad
4581,Documentation Error,High,Bill of lading information mismatch detected. Reported at Kolkata facility during shift 3.,Resolved,Kolkata
4582,Inventory Shortage,Low,Safety stock threshold breached. Reported at Pune facility during shift 1.,Open,Chennai
4583,Warehouse Issue,Medium,Picking error occurred in warehouse. Reported at Delhi facility during shift 2.,In Progress,Pune
4584,Shipment Delay,High,Driver shortage affected transportation schedule. Reported at Bengaluru facility during shift 1.,Resolved,Pune
4585,Inventory Shortage,Medium,Warehouse unable to fulfill requested quantity. Reported at Ahmedabad facility during shift 2.,In Progress,Ahmedabad
4586,Shipment Delay,Medium,Mechanical failure delayed freight movement. Reported at Bengaluru facility during shift 2.,Open,Chennai
4587,Inventory Shortage,Low,Procurement delay affected inventory availability. Reported at Kolkata facility during shift 1.,Resolved,Hyderabad
4588,Inventory Shortage,Medium,Raw material shortage impacted production. Reported at Hyderabad facility during shift 2.,Resolved,Kolkata
4589,Customs Issue,Low,Regulatory approval pending clearance. Reported at Bengaluru facility during shift 1.,Open,Delhi
4590,Inventory Shortage,Medium,Demand exceeded available stock levels. Reported at Pune facility during shift 2.,Open,Ahmedabad
4591,Customs Issue,High,Trade compliance review delayed processing. Reported at Chennai facility during shift 2.,Open,Ahmedabad
4592,Damaged Goods,Medium,Shipment contents damaged in transit. Reported at Pune facility during shift 2.,In Progress,Delhi
4593,Customs Issue,Low,Tariff classification review in progress. Reported at Delhi facility during shift 2.,In Progress,Ahmedabad
4594,Documentation Error,Medium,Incorrect consignee information provided. Reported at Chennai facility during shift 3.,Resolved,Ahmedabad
4595,Warehouse Issue,Critical,Warehouse management system outage reported. Reported at Hyderabad facility during shift 2.,In Progress,Hyderabad
4596,Customs Issue,High,Regulatory verification delayed release. Reported at Bengaluru facility during shift 2.,Resolved,Pune
4597,Inventory Shortage,Medium,Cycle count revealed stock deficiency. Reported at Pune facility during shift 1.,In Progress,Hyderabad
4598,Warehouse Issue,Medium,Warehouse staffing shortage reported. Reported at Chennai facility during shift 1.,In Progress,Kolkata
4599,Documentation Error,Low,Export declaration contained errors. Reported at Hyderabad facility during shift 1.,Open,Chennai
4600,Warehouse Issue,Medium,Warehouse management system outage reported. Reported at Kolkata facility during shift 2.,In Progress,Ahmedabad
4601,Damaged Goods,Low,Forklift accident damaged inventory. Reported at Hyderabad facility during shift 1.,In Progress,Bengaluru
4602,Customs Issue,Medium,Shipment selected for random inspection. Reported at Bengaluru facility during shift 1.,Open,Chennai
4603,Customs Issue,High,Regulatory approval pending clearance. Reported at Chennai facility during shift 3.,Resolved,Chennai
4604,Warehouse Issue,Medium,Order picking queue exceeded capacity. Reported at Pune facility during shift 2.,Resolved,Delhi
4605,Inventory Shortage,Low,Procurement delay affected inventory availability. Reported at Hyderabad facility during shift 3.,Open,Pune
4606,Customs Issue,Low,Customs valuation dispute identified. Reported at Kolkata facility during shift 2.,Open,Bengaluru
4607,Warehouse Issue,Medium,Dock congestion slowed warehouse throughput. Reported at Delhi facility during shift 2.,Open,Chennai
4608,Warehouse Issue,Low,Warehouse stock mismatch identified. Reported at Hyderabad facility during shift 2.,Resolved,Mumbai
4609,Shipment Delay,Medium,Shipment delayed due to customs inspection. Reported at Bengaluru facility during shift 2.,Resolved,Pune
4610,Warehouse Issue,Medium,Order picking queue exceeded capacity. Reported at Mumbai facility during shift 1.,Resolved,Kolkata
4611,Warehouse Issue,Medium,Receiving delay impacted warehouse operations. Reported at Mumbai facility during shift 1.,Resolved,Pune
4612,Documentation Error,Medium,Bill of lading information mismatch detected. Reported at Ahmedabad facility during shift 2.,Open,Hyderabad
4613,Customs Issue,Medium,Regulatory verification delayed release. Reported at Ahmedabad facility during shift 2.,Open,Kolkata
4614,Documentation Error,High,Export declaration contained errors. Reported at Chennai facility during shift 2.,Resolved,Kolkata
4615,Transportation Failure,High,Accident blocked scheduled delivery route. Reported at Kolkata facility during shift 3.,Resolved,Chennai
4616,Customs Issue,Medium,Customs requested additional documentation. Reported at Delhi facility during shift 2.,Resolved,Pune
4617,Shipment Delay,High,Cargo loading completed behind schedule. Reported at Mumbai facility during shift 2.,Resolved,Bengaluru
4618,Customs Issue,Low,Border inspection extended shipment hold. Reported at Chennai facility during shift 3.,Resolved,Delhi
4619,Transportation Failure,Medium,Fuel supply issue interrupted transportation. Reported at Hyderabad facility during shift 1.,In Progress,Bengaluru
4620,Documentation Error,Critical,Labeling information did not match shipment. Reported at Kolkata facility during shift 1.,Open,Hyderabad
4621,Shipment Delay,High,Container missed connecting vessel. Reported at Mumbai facility during shift 1.,Resolved,Kolkata
4622,Transportation Failure,Medium,Delivery vehicle breakdown reported. Reported at Hyderabad facility during shift 2.,Open,Bengaluru
4623,Documentation Error,Medium,Documentation approval pending correction. Reported at Mumbai facility during shift 2.,Resolved,Pune
4624,Inventory Shortage,High,Stockout occurred at fulfillment center. Reported at Ahmedabad facility during shift 2.,Open,Chennai
4625,Inventory Shortage,Low,Safety stock threshold breached. Reported at Hyderabad facility during shift 2.,Resolved,Delhi
4626,Customs Issue,Low,Border inspection extended shipment hold. Reported at Ahmedabad facility during shift 3.,In Progress,Mumbai
4627,Documentation Error,Medium,Shipping label generated with incorrect address. Reported at Kolkata facility during shift 2.,In Progress,Ahmedabad
4628,Damaged Goods,Critical,Product packaging torn during loading. Reported at Bengaluru facility during shift 1.,In Progress,Mumbai
4629,Documentation Error,Low,Missing certificate delayed shipment release. Reported at Bengaluru facility during shift 1.,Resolved,Pune
4630,Inventory Shortage,Medium,Stockout occurred at fulfillment center. Reported at Kolkata facility during shift 2.,Open,Pune
4631,Inventory Shortage,Low,Cycle count revealed stock deficiency. Reported at Pune facility during shift 3.,Open,Ahmedabad
4632,Documentation Error,High,Documentation approval pending correction. Reported at Pune facility during shift 2.,Resolved,Chennai
4633,Warehouse Issue,High,Cycle count discrepancy identified. Reported at Hyderabad facility during shift 3.,Open,Delhi
4634,Documentation Error,High,Purchase order details inconsistent. Reported at Pune facility during shift 2.,Open,Kolkata
4635,Transportation Failure,Medium,Driver unavailable for scheduled route. Reported at Delhi facility during shift 1.,Open,Bengaluru
4636,Damaged Goods,High,Temperature excursion affected product quality. Reported at Mumbai facility during shift 3.,Open,Chennai
4637,Inventory Shortage,High,Backordered items unavailable for dispatch. Reported at Mumbai facility during shift 2.,Open,Hyderabad
4638,Inventory Shortage,Critical,Procurement delay affected inventory availability. Reported at Delhi facility during shift 2.,Open,Pune
4639,Documentation Error,High,Export declaration contained errors. Reported at Bengaluru facility during shift 1.,Resolved,Mumbai
4640,Inventory Shortage,Medium,Product unavailable due to inventory mismatch. Reported at Pune facility during shift 1.,Open,Hyderabad
4641,Shipment Delay,Medium,Truck breakdown caused delivery delay. Reported at Hyderabad facility during shift 3.,Open,Bengaluru
4642,Shipment Delay,Low,Container missed connecting vessel. Reported at Pune facility during shift 2.,Open,Mumbai
4643,Damaged Goods,Low,Forklift accident damaged inventory. Reported at Chennai facility during shift 1.,In Progress,Hyderabad
4644,Shipment Delay,Low,Last-mile delivery partner unavailable. Reported at Ahmedabad facility during shift 3.,Resolved,Mumbai
4645,Shipment Delay,Medium,Rail transport delay impacted delivery timeline. Reported at Kolkata facility during shift 2.,In Progress,Pune
4646,Damaged Goods,High,Improper handling caused item breakage. Reported at Kolkata facility during shift 3.,In Progress,Bengaluru
4647,Customs Issue,Critical,Shipment selected for random inspection. Reported at Hyderabad facility during shift 2.,In Progress,Mumbai
4648,Warehouse Issue,Medium,Inventory misplaced within storage area. Reported at Delhi facility during shift 3.,Open,Kolkata
4649,Documentation Error,Low,Manifest information incomplete. Reported at Hyderabad facility during shift 2.,In Progress,Hyderabad
4650,Customs Issue,Medium,Customs clearance process delayed. Reported at Mumbai facility during shift 1.,Open,Kolkata
4651,Customs Issue,Low,Tariff classification review in progress. Reported at Mumbai facility during shift 1.,Resolved,Delhi
4652,Inventory Shortage,High,Raw material shortage impacted production. Reported at Hyderabad facility during shift 1.,Open,Kolkata
4653,Documentation Error,Critical,Customs paperwork contained errors. Reported at Kolkata facility during shift 3.,Open,Mumbai
4654,Customs Issue,Critical,Shipment selected for random inspection. Reported at Ahmedabad facility during shift 2.,In Progress,Delhi
4655,Customs Issue,Medium,Shipment selected for random inspection. Reported at Kolkata facility during shift 3.,In Progress,Delhi
4656,Shipment Delay,Low,Cargo loading completed behind schedule. Reported at Bengaluru facility during shift 3.,Resolved,Mumbai
4657,Customs Issue,Medium,Shipment held by customs authorities. Reported at Chennai facility during shift 2.,Open,Pune
4658,Transportation Failure,Medium,Carrier failed to pick up shipment. Reported at Delhi facility during shift 3.,Open,Bengaluru
4659,Inventory Shortage,Critical,Inventory replenishment delayed. Reported at Chennai facility during shift 1.,Resolved,Ahmedabad
4660,Warehouse Issue,Medium,Inventory allocation issue detected. Reported at Pune facility during shift 3.,Open,Hyderabad
4661,Warehouse Issue,Low,Warehouse processing backlog reported. Reported at Ahmedabad facility during shift 1.,In Progress,Mumbai
4662,Damaged Goods,High,Water exposure damaged packaged goods. Reported at Delhi facility during shift 3.,In Progress,Chennai
4663,Customs Issue,Critical,Country-specific restriction affected import. Reported at Delhi facility during shift 3.,In Progress,Chennai
4664,Warehouse Issue,Medium,Order picking queue exceeded capacity. Reported at Chennai facility during shift 2.,Open,Delhi
4665,Damaged Goods,High,Package damaged during transportation. Reported at Kolkata facility during shift 2.,In Progress,Hyderabad
4666,Transportation Failure,Critical,Third-party carrier cancelled shipment booking. Reported at Kolkata facility during shift 3.,In Progress,Chennai
4667,Customs Issue,High,Border security inspection caused delay. Reported at Chennai facility during shift 2.,Resolved,Pune
4668,Transportation Failure,Low,Fuel supply issue interrupted transportation. Reported at Hyderabad facility during shift 1.,In Progress,Pune
4669,Customs Issue,High,Trade compliance review delayed processing. Reported at Pune facility during shift 2.,Open,Ahmedabad
4670,Documentation Error,High,Labeling information did not match shipment. Reported at Ahmedabad facility during shift 3.,In Progress,Kolkata
4671,Customs Issue,Low,Country-specific restriction affected import. Reported at Bengaluru facility during shift 1.,Resolved,Chennai
4672,Transportation Failure,High,Accident blocked scheduled delivery route. Reported at Delhi facility during shift 1.,Open,Mumbai
4673,Shipment Delay,Medium,Driver shortage affected transportation schedule. Reported at Bengaluru facility during shift 3.,In Progress,Ahmedabad
4674,Warehouse Issue,High,Cycle count discrepancy identified. Reported at Hyderabad facility during shift 3.,Open,Chennai
4675,Inventory Shortage,Medium,Backordered items unavailable for dispatch. Reported at Chennai facility during shift 1.,Resolved,Hyderabad
4676,Warehouse Issue,Low,Inventory misplaced within storage area. Reported at Pune facility during shift 3.,Open,Hyderabad
4677,Damaged Goods,Medium,Product packaging torn during loading. Reported at Mumbai facility during shift 2.,Resolved,Chennai
4678,Damaged Goods,Low,Forklift accident damaged inventory. Reported at Hyderabad facility during shift 2.,Open,Pune
4679,Shipment Delay,Low,Dispatch process delayed at origin facility. Reported at Kolkata facility during shift 2.,Open,Pune
4680,Customs Issue,High,Border inspection extended shipment hold. Reported at Delhi facility during shift 3.,In Progress,Chennai
4681,Warehouse Issue,High,Inventory misplaced within storage area. Reported at Hyderabad facility during shift 3.,In Progress,Kolkata
4682,Warehouse Issue,Medium,Space constraint affected storage operations. Reported at Pune facility during shift 2.,Open,Delhi
4683,Damaged Goods,Medium,Warehouse accident damaged stored inventory. Reported at Delhi facility during shift 1.,Open,Chennai
4684,Warehouse Issue,Low,Space constraint affected storage operations. Reported at Mumbai facility during shift 3.,Open,Pune
4685,Inventory Shortage,Medium,Warehouse stock shortage detected. Reported at Kolkata facility during shift 3.,In Progress,Hyderabad
4686,Customs Issue,Critical,Trade compliance review delayed processing. Reported at Kolkata facility during shift 2.,Resolved,Ahmedabad
4687,Documentation Error,Medium,Incorrect shipping documentation submitted. Reported at Kolkata facility during shift 2.,Resolved,Bengaluru
4688,Transportation Failure,Medium,Vehicle maintenance issue halted delivery. Reported at Hyderabad facility during shift 3.,Resolved,Ahmedabad
4689,Damaged Goods,Medium,Goods arrived with visible damage. Reported at Mumbai facility during shift 1.,Open,Mumbai
4690,Transportation Failure,High,Driver unavailable for scheduled route. Reported at Pune facility during shift 3.,In Progress,Delhi
4691,Documentation Error,Medium,Data entry error impacted shipment records. Reported at Ahmedabad facility during shift 2.,In Progress,Hyderabad
4692,Shipment Delay,Medium,Shipment rerouted causing additional transit time. Reported at Mumbai facility during shift 3.,Resolved,Kolkata
4693,Customs Issue,Medium,Country-specific restriction affected import. Reported at Delhi facility during shift 2.,Open,Mumbai
4694,Warehouse Issue,Low,Cycle count discrepancy identified. Reported at Ahmedabad facility during shift 2.,Open,Hyderabad
4695,Documentation Error,Low,Purchase order details inconsistent. Reported at Pune facility during shift 2.,In Progress,Kolkata
4696,Damaged Goods,Medium,Receiving inspection identified damaged goods. Reported at Mumbai facility during shift 3.,Resolved,Kolkata
4697,Inventory Shortage,Medium,Warehouse unable to fulfill requested quantity. Reported at Chennai facility during shift 1.,Open,Pune
4698,Customs Issue,High,Shipment flagged for compliance audit. Reported at Delhi facility during shift 1.,In Progress,Bengaluru
4699,Warehouse Issue,Medium,Warehouse stock mismatch identified. Reported at Mumbai facility during shift 3.,In Progress,Delhi
4700,Inventory Shortage,Low,Warehouse unable to fulfill requested quantity. Reported at Hyderabad facility during shift 1.,In Progress,Bengaluru
4701,Damaged Goods,Medium,Warehouse accident damaged stored inventory. Reported at Delhi facility during shift 2.,Resolved,Chennai
4702,Documentation Error,Medium,Missing certificate delayed shipment release. Reported at Hyderabad facility during shift 2.,Open,Mumbai
4703,Warehouse Issue,Low,Dock congestion slowed warehouse throughput. Reported at Chennai facility during shift 2.,Open,Bengaluru
4704,Damaged Goods,High,Temperature excursion affected product quality. Reported at Chennai facility during shift 1.,In Progress,Bengaluru
4705,Transportation Failure,High,Equipment malfunction impacted transport operations. Reported at Bengaluru facility during shift 2.,Resolved,Kolkata
4706,Transportation Failure,Critical,Equipment malfunction impacted transport operations. Reported at Ahmedabad facility during shift 1.,In Progress,Hyderabad
4707,Damaged Goods,Low,Pallet collapse resulted in product damage. Reported at Chennai facility during shift 2.,Open,Kolkata
4708,Shipment Delay,High,Rail transport delay impacted delivery timeline. Reported at Kolkata facility during shift 2.,Resolved,Kolkata
4709,Customs Issue,Low,Regulatory approval pending clearance. Reported at Delhi facility during shift 2.,Resolved,Pune
4710,Customs Issue,High,Border inspection extended shipment hold. Reported at Kolkata facility during shift 3.,In Progress,Mumbai
4711,Shipment Delay,Medium,Rail transport delay impacted delivery timeline. Reported at Delhi facility during shift 3.,In Progress,Kolkata
4712,Transportation Failure,Medium,Equipment malfunction impacted transport operations. Reported at Delhi facility during shift 3.,Open,Delhi
4713,Shipment Delay,High,Mechanical failure delayed freight movement. Reported at Pune facility during shift 2.,Resolved,Bengaluru
4714,Documentation Error,Medium,Bill of lading information mismatch detected. Reported at Chennai facility during shift 3.,In Progress,Pune
4715,Documentation Error,Medium,Customs paperwork contained errors. Reported at Mumbai facility during shift 1.,In Progress,Hyderabad
4716,Inventory Shortage,Medium,Cycle count revealed stock deficiency. Reported at Pune facility during shift 2.,Resolved,Hyderabad
4717,Damaged Goods,Medium,Packaging failure led to damaged products. Reported at Kolkata facility during shift 1.,Resolved,Chennai
4718,Warehouse Issue,Medium,Warehouse management system outage reported. Reported at Pune facility during shift 1.,Resolved,Mumbai
4719,Documentation Error,Medium,Labeling information did not match shipment. Reported at Mumbai facility during shift 2.,In Progress,Mumbai
4720,Inventory Shortage,Low,Cycle count revealed stock deficiency. Reported at Hyderabad facility during shift 2.,In Progress,Delhi
4721,Damaged Goods,Critical,Forklift accident damaged inventory. Reported at Mumbai facility during shift 2.,Resolved,Delhi
4722,Documentation Error,High,Invoice value discrepancy identified. Reported at Bengaluru facility during shift 3.,In Progress,Ahmedabad
4723,Damaged Goods,Medium,Improper handling caused item breakage. Reported at Ahmedabad facility during shift 2.,In Progress,Chennai
4724,Transportation Failure,Medium,Delivery vehicle breakdown reported. Reported at Pune facility during shift 2.,Resolved,Hyderabad
4725,Customs Issue,High,Shipment selected for random inspection. Reported at Bengaluru facility during shift 3.,Open,Kolkata
4726,Documentation Error,Medium,Export declaration contained errors. Reported at Ahmedabad facility during shift 1.,In Progress,Delhi
4727,Inventory Shortage,Low,Procurement delay affected inventory availability. Reported at Chennai facility during shift 3.,Resolved,Chennai
4728,Transportation Failure,High,Fuel supply issue interrupted transportation. Reported at Bengaluru facility during shift 2.,In Progress,Bengaluru
4729,Damaged Goods,Low,Container impact damaged shipment contents. Reported at Ahmedabad facility during shift 2.,Open,Chennai
4730,Shipment Delay,Low,Truck breakdown caused delivery delay. Reported at Pune facility during shift 3.,In Progress,Bengaluru
4731,Warehouse Issue,Medium,Inventory allocation issue detected. Reported at Hyderabad facility during shift 1.,Resolved,Hyderabad
4732,Customs Issue,Low,Shipment flagged for compliance audit. Reported at Ahmedabad facility during shift 1.,In Progress,Ahmedabad
4733,Documentation Error,Low,Incorrect consignee information provided. Reported at Kolkata facility during shift 2.,In Progress,Hyderabad
4734,Customs Issue,Low,Regulatory approval pending clearance. Reported at Ahmedabad facility during shift 2.,Resolved,Pune
4735,Customs Issue,Medium,Customs requested additional documentation. Reported at Ahmedabad facility during shift 1.,In Progress,Delhi
4736,Inventory Shortage,Medium,Inventory reservation conflict identified. Reported at Delhi facility during shift 3.,In Progress,Pune
4737,Documentation Error,High,Incorrect shipping documentation submitted. Reported at Pune facility during shift 2.,In Progress,Ahmedabad
4738,Damaged Goods,Medium,Receiving inspection identified damaged goods. Reported at Mumbai facility during shift 3.,Open,Delhi
4739,Warehouse Issue,Medium,Order consolidation process delayed shipment. Reported at Hyderabad facility during shift 3.,Open,Kolkata
4740,Inventory Shortage,High,Demand exceeded available stock levels. Reported at Bengaluru facility during shift 3.,Resolved,Hyderabad
4741,Transportation Failure,Medium,Delivery vehicle breakdown reported. Reported at Hyderabad facility during shift 1.,In Progress,Kolkata
4742,Warehouse Issue,High,Cycle count discrepancy identified. Reported at Ahmedabad facility during shift 3.,In Progress,Ahmedabad
4743,Customs Issue,High,Border security inspection caused delay. Reported at Ahmedabad facility during shift 3.,Resolved,Bengaluru
4744,Damaged Goods,Medium,Product packaging torn during loading. Reported at Pune facility during shift 3.,In Progress,Chennai
4745,Documentation Error,Critical,Data entry error impacted shipment records. Reported at Bengaluru facility during shift 2.,In Progress,Kolkata
4746,Shipment Delay,Low,Truck breakdown caused delivery delay. Reported at Ahmedabad facility during shift 1.,In Progress,Mumbai
4747,Shipment Delay,Medium,Truck breakdown caused delivery delay. Reported at Ahmedabad facility during shift 2.,Open,Chennai
4748,Warehouse Issue,Low,Picking error occurred in warehouse. Reported at Ahmedabad facility during shift 3.,In Progress,Ahmedabad
4749,Documentation Error,Low,Invoice value discrepancy identified. Reported at Hyderabad facility during shift 3.,Resolved,Kolkata
4750,Customs Issue,Medium,Border security inspection caused delay. Reported at Delhi facility during shift 3.,Resolved,Mumbai
4751,Transportation Failure,High,Trailer availability issue delayed dispatch. Reported at Delhi facility during shift 1.,In Progress,Bengaluru
4752,Customs Issue,Medium,Shipment flagged for compliance audit. Reported at Kolkata facility during shift 2.,Open,Pune
4753,Inventory Shortage,Critical,Unexpected order spike exhausted stock. Reported at Kolkata facility during shift 2.,In Progress,Pune
4754,Customs Issue,Medium,Shipment flagged for compliance audit. Reported at Kolkata facility during shift 1.,In Progress,Delhi
4755,Inventory Shortage,High,Backordered items unavailable for dispatch. Reported at Bengaluru facility during shift 2.,Open,Bengaluru
4756,Warehouse Issue,Medium,Receiving delay impacted warehouse operations. Reported at Mumbai facility during shift 1.,Open,Hyderabad
4757,Inventory Shortage,Low,Warehouse stock shortage detected. Reported at Ahmedabad facility during shift 2.,Resolved,Hyderabad
4758,Documentation Error,High,Bill of lading information mismatch detected. Reported at Kolkata facility during shift 2.,Open,Pune
4759,Transportation Failure,High,Equipment malfunction impacted transport operations. Reported at Kolkata facility during shift 2.,Open,Hyderabad
4760,Documentation Error,High,Incorrect shipping documentation submitted. Reported at Bengaluru facility during shift 3.,Resolved,Chennai
4761,Customs Issue,High,Shipment held by customs authorities. Reported at Ahmedabad facility during shift 3.,In Progress,Kolkata
4762,Warehouse Issue,High,Receiving delay impacted warehouse operations. Reported at Delhi facility during shift 2.,Resolved,Delhi
4763,Warehouse Issue,Medium,Receiving delay impacted warehouse operations. Reported at Delhi facility during shift 3.,Resolved,Ahmedabad
4764,Warehouse Issue,High,Cycle count discrepancy identified. Reported at Hyderabad facility during shift 3.,Open,Delhi
4765,Documentation Error,Critical,Manifest information incomplete. Reported at Kolkata facility during shift 2.,Open,Mumbai
4766,Warehouse Issue,High,Storage location information incorrect. Reported at Delhi facility during shift 1.,Open,Mumbai
4767,Damaged Goods,High,Fragile goods mishandled during unloading. Reported at Delhi facility during shift 2.,In Progress,Mumbai
4768,Shipment Delay,Medium,Rail transport delay impacted delivery timeline. Reported at Ahmedabad facility during shift 3.,Open,Pune
4769,Warehouse Issue,Critical,Cycle count discrepancy identified. Reported at Hyderabad facility during shift 2.,In Progress,Ahmedabad
4770,Damaged Goods,Critical,Fragile goods mishandled during unloading. Reported at Hyderabad facility during shift 2.,Resolved,Bengaluru
4771,Inventory Shortage,Low,Safety stock threshold breached. Reported at Pune facility during shift 2.,Open,Mumbai
4772,Documentation Error,Low,Missing invoice delayed processing. Reported at Pune facility during shift 1.,In Progress,Bengaluru
4773,Documentation Error,Low,Incorrect shipping documentation submitted. Reported at Pune facility during shift 1.,Resolved,Mumbai
4774,Customs Issue,High,Border security inspection caused delay. Reported at Bengaluru facility during shift 2.,Resolved,Kolkata
4775,Documentation Error,High,Required compliance document missing. Reported at Mumbai facility during shift 3.,In Progress,Ahmedabad
4776,Shipment Delay,Low,Carrier scheduling issue caused shipment delay. Reported at Kolkata facility during shift 3.,Open,Mumbai
4777,Damaged Goods,Low,Fragile goods mishandled during unloading. Reported at Bengaluru facility during shift 1.,In Progress,Chennai
4778,Shipment Delay,Low,Truck breakdown caused delivery delay. Reported at Delhi facility during shift 2.,Open,Kolkata
4779,Shipment Delay,Medium,Unexpected weather conditions slowed transportation. Reported at Chennai facility during shift 3.,In Progress,Hyderabad
4780,Transportation Failure,High,Trailer availability issue delayed dispatch. Reported at Ahmedabad facility during shift 1.,Open,Kolkata
4781,Customs Issue,Low,Customs valuation dispute identified. Reported at Ahmedabad facility during shift 2.,Resolved,Bengaluru
4782,Warehouse Issue,High,Warehouse management system outage reported. Reported at Kolkata facility during shift 1.,In Progress,Chennai
4783,Transportation Failure,High,Fuel supply issue interrupted transportation. Reported at Ahmedabad facility during shift 3.,Resolved,Kolkata
4784,Inventory Shortage,Low,Product unavailable due to inventory mismatch. Reported at Ahmedabad facility during shift 1.,Resolved,Kolkata
4785,Documentation Error,Medium,Incorrect shipping documentation submitted. Reported at Hyderabad facility during shift 1.,Resolved,Bengaluru
4786,Shipment Delay,High,Unexpected weather conditions slowed transportation. Reported at Delhi facility during shift 2.,Resolved,Pune
4787,Warehouse Issue,Medium,Order picking queue exceeded capacity. Reported at Hyderabad facility during shift 3.,In Progress,Mumbai
4788,Documentation Error,Low,Documentation approval pending correction. Reported at Mumbai facility during shift 2.,Resolved,Bengaluru
4789,Documentation Error,High,Missing certificate delayed shipment release. Reported at Chennai facility during shift 2.,In Progress,Chennai
4790,Documentation Error,Low,Data entry error impacted shipment records. Reported at Ahmedabad facility during shift 3.,In Progress,Delhi
4791,Damaged Goods,Critical,Transit vibration caused product defects. Reported at Mumbai facility during shift 3.,In Progress,Chennai
4792,Shipment Delay,High,Cargo loading completed behind schedule. Reported at Mumbai facility during shift 3.,Resolved,Mumbai
4793,Inventory Shortage,Medium,Supplier delay created inventory gap. Reported at Delhi facility during shift 3.,Open,Ahmedabad
4794,Damaged Goods,Critical,Goods arrived with visible damage. Reported at Mumbai facility during shift 2.,Open,Bengaluru
4795,Customs Issue,Low,Country-specific restriction affected import. Reported at Kolkata facility during shift 3.,In Progress,Delhi
4796,Transportation Failure,Low,Third-party carrier cancelled shipment booking. Reported at Chennai facility during shift 1.,In Progress,Chennai
4797,Documentation Error,High,Data entry error impacted shipment records. Reported at Ahmedabad facility during shift 2.,Resolved,Chennai
4798,Inventory Shortage,High,Inventory reservation conflict identified. Reported at Bengaluru facility during shift 1.,In Progress,Bengaluru
4799,Warehouse Issue,Medium,Inventory misplaced within storage area. Reported at Hyderabad facility during shift 1.,Resolved,Mumbai
4800,Shipment Delay,Low,Delivery delayed due to traffic disruption. Reported at Pune facility during shift 2.,In Progress,Mumbai
4801,Transportation Failure,Medium,Vehicle maintenance issue halted delivery. Reported at Pune facility during shift 2.,Open,Pune
4802,Shipment Delay,Low,Shipment delayed due to customs inspection. Reported at Delhi facility during shift 3.,Open,Mumbai
4803,Inventory Shortage,Low,Warehouse unable to fulfill requested quantity. Reported at Bengaluru facility during shift 1.,In Progress,Pune
4804,Documentation Error,Medium,Missing certificate delayed shipment release. Reported at Ahmedabad facility during shift 3.,Open,Pune
4805,Warehouse Issue,Medium,Space constraint affected storage operations. Reported at Ahmedabad facility during shift 1.,In Progress,Mumbai
4806,Warehouse Issue,Low,Warehouse management system outage reported. Reported at Chennai facility during shift 1.,In Progress,Ahmedabad
4807,Shipment Delay,Low,Mechanical failure delayed freight movement. Reported at Hyderabad facility during shift 1.,Resolved,Kolkata
4808,Shipment Delay,Low,Container missed connecting vessel. Reported at Mumbai facility during shift 2.,Open,Pune
4809,Inventory Shortage,Medium,Demand exceeded available stock levels. Reported at Ahmedabad facility during shift 2.,Open,Ahmedabad
4810,Warehouse Issue,Medium,Warehouse staffing shortage reported. Reported at Kolkata facility during shift 2.,Resolved,Kolkata
4811,Warehouse Issue,Low,Warehouse stock mismatch identified. Reported at Chennai facility during shift 2.,In Progress,Pune
4812,Customs Issue,Medium,Trade compliance review delayed processing. Reported at Ahmedabad facility during shift 3.,Open,Mumbai
4813,Customs Issue,Low,Shipment selected for random inspection. Reported at Ahmedabad facility during shift 1.,Open,Delhi
4814,Damaged Goods,High,Container impact damaged shipment contents. Reported at Kolkata facility during shift 3.,Resolved,Ahmedabad
4815,Damaged Goods,Critical,Receiving inspection identified damaged goods. Reported at Ahmedabad facility during shift 2.,In Progress,Mumbai
4816,Warehouse Issue,Low,Warehouse stock mismatch identified. Reported at Hyderabad facility during shift 3.,Resolved,Chennai
4817,Documentation Error,High,Required compliance document missing. Reported at Ahmedabad facility during shift 3.,Open,Mumbai
4818,Damaged Goods,High,Pallet collapse resulted in product damage. Reported at Chennai facility during shift 2.,Open,Ahmedabad
4819,Shipment Delay,High,Last-mile delivery partner unavailable. Reported at Pune facility during shift 3.,In Progress,Ahmedabad
4820,Transportation Failure,Low,Transportation network disruption reported. Reported at Mumbai facility during shift 1.,In Progress,Ahmedabad
4821,Transportation Failure,Low,Vehicle maintenance issue halted delivery. Reported at Ahmedabad facility during shift 2.,Resolved,Pune
4822,Transportation Failure,Medium,Driver unavailable for scheduled route. Reported at Ahmedabad facility during shift 1.,In Progress,Delhi
4823,Inventory Shortage,Medium,Supplier delay created inventory gap. Reported at Bengaluru facility during shift 2.,In Progress,Chennai
4824,Warehouse Issue,Medium,Warehouse processing backlog reported. Reported at Chennai facility during shift 3.,Resolved,Kolkata
4825,Documentation Error,Medium,Manifest information incomplete. Reported at Pune facility during shift 3.,In Progress,Kolkata
4826,Customs Issue,High,Border security inspection caused delay. Reported at Delhi facility during shift 3.,In Progress,Mumbai
4827,Inventory Shortage,High,Backordered items unavailable for dispatch. Reported at Delhi facility during shift 2.,In Progress,Chennai
4828,Documentation Error,High,Invoice value discrepancy identified. Reported at Ahmedabad facility during shift 2.,In Progress,Pune
4829,Transportation Failure,Medium,Delivery vehicle breakdown reported. Reported at Bengaluru facility during shift 3.,In Progress,Delhi
4830,Transportation Failure,Medium,Logistics partner experienced operational failure. Reported at Ahmedabad facility during shift 2.,Resolved,Ahmedabad
4831,Shipment Delay,Critical,Shipment rerouted causing additional transit time. Reported at Mumbai facility during shift 1.,Open,Pune
4832,Shipment Delay,Low,Port congestion delayed shipment arrival. Reported at Kolkata facility during shift 1.,Open,Kolkata
4833,Documentation Error,Low,Shipping label generated with incorrect address. Reported at Delhi facility during shift 2.,Open,Bengaluru
4834,Customs Issue,High,Shipment selected for random inspection. Reported at Bengaluru facility during shift 1.,Open,Bengaluru
4835,Damaged Goods,High,Shipment contents damaged in transit. Reported at Kolkata facility during shift 1.,Resolved,Chennai
4836,Warehouse Issue,Critical,Warehouse staffing shortage reported. Reported at Kolkata facility during shift 3.,In Progress,Bengaluru
4837,Customs Issue,Medium,Country-specific restriction affected import. Reported at Chennai facility during shift 2.,Resolved,Delhi
4838,Inventory Shortage,High,Safety stock threshold breached. Reported at Ahmedabad facility during shift 3.,In Progress,Delhi
4839,Documentation Error,Medium,Required compliance document missing. Reported at Mumbai facility during shift 1.,Open,Ahmedabad
4840,Customs Issue,High,Trade compliance review delayed processing. Reported at Chennai facility during shift 1.,In Progress,Hyderabad
4841,Documentation Error,Medium,Shipping label generated with incorrect address. Reported at Pune facility during shift 2.,In Progress,Bengaluru
4842,Shipment Delay,Low,Truck breakdown caused delivery delay. Reported at Chennai facility during shift 2.,In Progress,Hyderabad
4843,Inventory Shortage,Low,Backordered items unavailable for dispatch. Reported at Chennai facility during shift 2.,In Progress,Kolkata
4844,Warehouse Issue,Medium,Inventory allocation issue detected. Reported at Delhi facility during shift 2.,Open,Ahmedabad
4845,Documentation Error,Medium,Manifest information incomplete. Reported at Kolkata facility during shift 3.,In Progress,Kolkata
4846,Shipment Delay,Low,Shipment rerouted causing additional transit time. Reported at Delhi facility during shift 1.,Resolved,Delhi
4847,Inventory Shortage,Critical,Product unavailable due to inventory mismatch. Reported at Bengaluru facility during shift 1.,Open,Mumbai
4848,Documentation Error,Medium,Data entry error impacted shipment records. Reported at Pune facility during shift 3.,In Progress,Bengaluru
4849,Documentation Error,High,Invoice value discrepancy identified. Reported at Delhi facility during shift 3.,Resolved,Ahmedabad
4850,Inventory Shortage,High,Warehouse unable to fulfill requested quantity. Reported at Ahmedabad facility during shift 1.,Resolved,Mumbai
4851,Damaged Goods,Medium,Warehouse accident damaged stored inventory. Reported at Delhi facility during shift 2.,In Progress,Delhi
4852,Documentation Error,Critical,Manifest information incomplete. Reported at Mumbai facility during shift 2.,Resolved,Kolkata
4853,Damaged Goods,Low,Shipment contents damaged in transit. Reported at Mumbai facility during shift 2.,Open,Delhi
4854,Documentation Error,Low,Labeling information did not match shipment. Reported at Chennai facility during shift 2.,In Progress,Mumbai
4855,Customs Issue,Medium,Shipment held by customs authorities. Reported at Delhi facility during shift 3.,In Progress,Mumbai
4856,Inventory Shortage,Low,Warehouse stock shortage detected. Reported at Delhi facility during shift 3.,Resolved,Chennai
4857,Shipment Delay,Low,Dispatch process delayed at origin facility. Reported at Ahmedabad facility during shift 2.,In Progress,Mumbai
4858,Transportation Failure,Low,Vehicle maintenance issue halted delivery. Reported at Ahmedabad facility during shift 3.,Resolved,Mumbai
4859,Shipment Delay,Medium,Holiday demand surge caused shipping delays. Reported at Hyderabad facility during shift 2.,In Progress,Pune
4860,Customs Issue,Medium,Regulatory approval pending clearance. Reported at Chennai facility during shift 1.,In Progress,Ahmedabad
4861,Damaged Goods,Low,Shipment contents damaged in transit. Reported at Delhi facility during shift 1.,Resolved,Kolkata
4862,Shipment Delay,High,Last-mile delivery partner unavailable. Reported at Pune facility during shift 2.,Open,Bengaluru
4863,Shipment Delay,Critical,Rail transport delay impacted delivery timeline. Reported at Pune facility during shift 3.,Open,Bengaluru
4864,Customs Issue,Medium,Shipment flagged for compliance audit. Reported at Bengaluru facility during shift 2.,Resolved,Chennai
4865,Transportation Failure,Medium,Delivery vehicle breakdown reported. Reported at Mumbai facility during shift 2.,Resolved,Delhi
4866,Inventory Shortage,Low,Inventory replenishment delayed. Reported at Kolkata facility during shift 2.,Resolved,Pune
4867,Documentation Error,Medium,Data entry error impacted shipment records. Reported at Mumbai facility during shift 3.,Open,Mumbai
4868,Damaged Goods,Medium,Package damaged during transportation. Reported at Mumbai facility during shift 3.,Resolved,Ahmedabad
4869,Customs Issue,Low,Import documentation under review. Reported at Chennai facility during shift 3.,Open,Delhi
4870,Shipment Delay,High,Truck breakdown caused delivery delay. Reported at Delhi facility during shift 3.,In Progress,Delhi
4871,Inventory Shortage,Medium,Demand exceeded available stock levels. Reported at Delhi facility during shift 3.,Open,Hyderabad
4872,Documentation Error,Medium,Missing certificate delayed shipment release. Reported at Bengaluru facility during shift 2.,Resolved,Delhi
4873,Documentation Error,Medium,Shipping label generated with incorrect address. Reported at Mumbai facility during shift 2.,Resolved,Pune
4874,Damaged Goods,Medium,Warehouse accident damaged stored inventory. Reported at Mumbai facility during shift 1.,Open,Ahmedabad
4875,Shipment Delay,Critical,Carrier scheduling issue caused shipment delay. Reported at Delhi facility during shift 1.,In Progress,Pune
4876,Warehouse Issue,Medium,Order consolidation process delayed shipment. Reported at Ahmedabad facility during shift 2.,Open,Hyderabad
4877,Inventory Shortage,Medium,Stockout occurred at fulfillment center. Reported at Ahmedabad facility during shift 1.,Open,Kolkata
4878,Inventory Shortage,Critical,Safety stock threshold breached. Reported at Mumbai facility during shift 3.,Open,Mumbai
4879,Inventory Shortage,Medium,Stockout occurred at fulfillment center. Reported at Ahmedabad facility during shift 3.,Resolved,Kolkata
4880,Customs Issue,Low,Shipment selected for random inspection. Reported at Ahmedabad facility during shift 2.,In Progress,Hyderabad
4881,Inventory Shortage,Medium,Raw material shortage impacted production. Reported at Hyderabad facility during shift 1.,In Progress,Hyderabad
4882,Documentation Error,Medium,Shipping label generated with incorrect address. Reported at Ahmedabad facility during shift 3.,Resolved,Kolkata
4883,Damaged Goods,Critical,Improper handling caused item breakage. Reported at Mumbai facility during shift 2.,Resolved,Hyderabad
4884,Inventory Shortage,Medium,Warehouse unable to fulfill requested quantity. Reported at Chennai facility during shift 1.,Resolved,Chennai
4885,Warehouse Issue,Critical,Space constraint affected storage operations. Reported at Bengaluru facility during shift 2.,Resolved,Chennai
4886,Customs Issue,Medium,Regulatory verification delayed release. Reported at Delhi facility during shift 2.,In Progress,Chennai
4887,Customs Issue,Low,Shipment held by customs authorities. Reported at Chennai facility during shift 3.,Resolved,Mumbai
4888,Transportation Failure,Low,Equipment malfunction impacted transport operations. Reported at Pune facility during shift 2.,In Progress,Delhi
4889,Damaged Goods,Medium,Receiving inspection identified damaged goods. Reported at Delhi facility during shift 2.,Resolved,Delhi
4890,Inventory Shortage,Low,Safety stock threshold breached. Reported at Hyderabad facility during shift 3.,Open,Bengaluru
4891,Transportation Failure,Medium,Third-party carrier cancelled shipment booking. Reported at Bengaluru facility during shift 1.,Open,Hyderabad
4892,Warehouse Issue,Medium,Dock congestion slowed warehouse throughput. Reported at Chennai facility during shift 1.,Open,Ahmedabad
4893,Inventory Shortage,Low,Product unavailable due to inventory mismatch. Reported at Mumbai facility during shift 2.,Open,Kolkata
4894,Damaged Goods,Medium,Receiving inspection identified damaged goods. Reported at Mumbai facility during shift 2.,In Progress,Kolkata
4895,Documentation Error,Medium,Invoice value discrepancy identified. Reported at Chennai facility during shift 1.,Resolved,Hyderabad
4896,Inventory Shortage,Critical,Warehouse unable to fulfill requested quantity. Reported at Bengaluru facility during shift 1.,Resolved,Hyderabad
4897,Transportation Failure,Low,Third-party carrier cancelled shipment booking. Reported at Hyderabad facility during shift 1.,Resolved,Bengaluru
4898,Warehouse Issue,Medium,Space constraint affected storage operations. Reported at Pune facility during shift 3.,In Progress,Ahmedabad
4899,Warehouse Issue,Low,Warehouse management system outage reported. Reported at Mumbai facility during shift 2.,Resolved,Chennai
4900,Warehouse Issue,High,Storage location information incorrect. Reported at Delhi facility during shift 2.,Open,Hyderabad
4901,Transportation Failure,Medium,Equipment malfunction impacted transport operations. Reported at Bengaluru facility during shift 2.,Open,Bengaluru
4902,Inventory Shortage,Low,Cycle count revealed stock deficiency. Reported at Chennai facility during shift 3.,Resolved,Chennai
4903,Transportation Failure,Low,Vehicle maintenance issue halted delivery. Reported at Ahmedabad facility during shift 2.,Resolved,Hyderabad
4904,Damaged Goods,Medium,Goods arrived with visible damage. Reported at Ahmedabad facility during shift 3.,Resolved,Pune
4905,Damaged Goods,Critical,Shipment contents damaged in transit. Reported at Chennai facility during shift 3.,Open,Bengaluru
4906,Shipment Delay,Low,Delivery delayed due to traffic disruption. Reported at Ahmedabad facility during shift 3.,Resolved,Chennai
4907,Customs Issue,High,Tariff classification review in progress. Reported at Ahmedabad facility during shift 2.,In Progress,Bengaluru
4908,Documentation Error,Medium,Bill of lading information mismatch detected. Reported at Hyderabad facility during shift 1.,In Progress,Chennai
4909,Damaged Goods,High,Water exposure damaged packaged goods. Reported at Bengaluru facility during shift 3.,Resolved,Delhi
4910,Warehouse Issue,Medium,Put-away process delayed inventory availability. Reported at Pune facility during shift 1.,Resolved,Bengaluru
4911,Damaged Goods,High,Improper handling caused item breakage. Reported at Bengaluru facility during shift 1.,Resolved,Mumbai
4912,Inventory Shortage,Low,Demand exceeded available stock levels. Reported at Chennai facility during shift 2.,In Progress,Bengaluru
4913,Customs Issue,Low,Country-specific restriction affected import. Reported at Bengaluru facility during shift 1.,Open,Kolkata
4914,Damaged Goods,Low,Product packaging torn during loading. Reported at Delhi facility during shift 1.,In Progress,Hyderabad
4915,Shipment Delay,High,Shipment rerouted causing additional transit time. Reported at Pune facility during shift 1.,In Progress,Delhi
4916,Shipment Delay,Low,Unexpected weather conditions slowed transportation. Reported at Bengaluru facility during shift 2.,Open,Kolkata
4917,Shipment Delay,Medium,Port congestion delayed shipment arrival. Reported at Bengaluru facility during shift 1.,Open,Ahmedabad
4918,Customs Issue,Medium,Customs clearance process delayed. Reported at Pune facility during shift 2.,In Progress,Chennai
4919,Warehouse Issue,Critical,Cycle count discrepancy identified. Reported at Hyderabad facility during shift 3.,Open,Hyderabad
4920,Inventory Shortage,Medium,Inventory replenishment delayed. Reported at Hyderabad facility during shift 2.,Open,Mumbai
4921,Documentation Error,High,Documentation approval pending correction. Reported at Delhi facility during shift 2.,Open,Delhi
4922,Damaged Goods,High,Forklift accident damaged inventory. Reported at Chennai facility during shift 2.,Open,Mumbai
4923,Warehouse Issue,Medium,Warehouse processing backlog reported. Reported at Pune facility during shift 1.,Resolved,Bengaluru
4924,Customs Issue,Critical,Regulatory approval pending clearance. Reported at Hyderabad facility during shift 3.,Open,Ahmedabad
4925,Shipment Delay,Medium,Container missed connecting vessel. Reported at Ahmedabad facility during shift 2.,Open,Kolkata
4926,Transportation Failure,Critical,Third-party carrier cancelled shipment booking. Reported at Bengaluru facility during shift 1.,Resolved,Delhi
4927,Damaged Goods,High,Pallet collapse resulted in product damage. Reported at Bengaluru facility during shift 1.,In Progress,Mumbai
4928,Customs Issue,Medium,Tariff classification review in progress. Reported at Delhi facility during shift 1.,Resolved,Pune
4929,Customs Issue,Low,Tariff classification review in progress. Reported at Bengaluru facility during shift 2.,Open,Ahmedabad
4930,Transportation Failure,Low,Transport route disruption due to road closure. Reported at Pune facility during shift 1.,Open,Pune
4931,Documentation Error,High,Labeling information did not match shipment. Reported at Kolkata facility during shift 3.,Resolved,Kolkata
4932,Documentation Error,Medium,Export declaration contained errors. Reported at Ahmedabad facility during shift 1.,Resolved,Bengaluru
4933,Customs Issue,Low,Tariff classification review in progress. Reported at Chennai facility during shift 3.,Resolved,Chennai
4934,Shipment Delay,High,Shipment delayed due to customs inspection. Reported at Mumbai facility during shift 2.,In Progress,Mumbai
4935,Warehouse Issue,Low,Warehouse stock mismatch identified. Reported at Bengaluru facility during shift 3.,Resolved,Mumbai
4936,Documentation Error,Low,Documentation approval pending correction. Reported at Bengaluru facility during shift 1.,In Progress,Mumbai
4937,Transportation Failure,Critical,Logistics partner experienced operational failure. Reported at Mumbai facility during shift 2.,In Progress,Pune
4938,Shipment Delay,Critical,Cargo loading completed behind schedule. Reported at Pune facility during shift 2.,Open,Pune
4939,Customs Issue,Critical,Shipment held by customs authorities. Reported at Kolkata facility during shift 2.,Resolved,Delhi
4940,Transportation Failure,Low,Fleet utilization exceeded available capacity. Reported at Delhi facility during shift 3.,In Progress,Delhi
4941,Customs Issue,High,Import permit approval pending. Reported at Delhi facility during shift 1.,Resolved,Mumbai
4942,Customs Issue,Low,Customs valuation dispute identified. Reported at Hyderabad facility during shift 2.,Open,Ahmedabad
4943,Inventory Shortage,Low,Safety stock threshold breached. Reported at Kolkata facility during shift 2.,Resolved,Bengaluru
4944,Customs Issue,Low,Regulatory approval pending clearance. Reported at Chennai facility during shift 3.,In Progress,Ahmedabad
4945,Documentation Error,Medium,Invoice value discrepancy identified. Reported at Pune facility during shift 1.,In Progress,Hyderabad
4946,Documentation Error,Medium,Labeling information did not match shipment. Reported at Bengaluru facility during shift 2.,Open,Hyderabad
4947,Transportation Failure,Low,Fleet utilization exceeded available capacity. Reported at Hyderabad facility during shift 3.,In Progress,Kolkata
4948,Documentation Error,Medium,Labeling information did not match shipment. Reported at Kolkata facility during shift 2.,Resolved,Pune
4949,Warehouse Issue,Medium,Warehouse management system outage reported. Reported at Mumbai facility during shift 1.,In Progress,Kolkata
4950,Shipment Delay,Low,Container missed connecting vessel. Reported at Pune facility during shift 2.,In Progress,Bengaluru
4951,Warehouse Issue,Medium,Picking error occurred in warehouse. Reported at Chennai facility during shift 3.,Open,Delhi
4952,Shipment Delay,Medium,Dispatch process delayed at origin facility. Reported at Chennai facility during shift 1.,In Progress,Kolkata
4953,Damaged Goods,High,Warehouse accident damaged stored inventory. Reported at Bengaluru facility during shift 1.,Resolved,Ahmedabad
4954,Transportation Failure,Medium,Third-party carrier cancelled shipment booking. Reported at Bengaluru facility during shift 1.,Open,Kolkata
4955,Transportation Failure,Medium,Equipment malfunction impacted transport operations. Reported at Ahmedabad facility during shift 1.,Open,Kolkata
4956,Shipment Delay,Medium,Container missed connecting vessel. Reported at Hyderabad facility during shift 3.,Open,Chennai
4957,Warehouse Issue,Medium,Picking error occurred in warehouse. Reported at Delhi facility during shift 2.,Open,Pune
4958,Warehouse Issue,Low,Inventory allocation issue detected. Reported at Pune facility during shift 2.,Open,Pune
4959,Damaged Goods,Critical,Container impact damaged shipment contents. Reported at Chennai facility during shift 3.,Resolved,Chennai
4960,Customs Issue,High,Border security inspection caused delay. Reported at Bengaluru facility during shift 3.,In Progress,Ahmedabad
4961,Inventory Shortage,Medium,Backordered items unavailable for dispatch. Reported at Ahmedabad facility during shift 1.,Open,Kolkata
4962,Inventory Shortage,Low,Warehouse stock shortage detected. Reported at Bengaluru facility during shift 2.,Open,Chennai
4963,Shipment Delay,Low,Shipment delayed due to customs inspection. Reported at Mumbai facility during shift 2.,Open,Hyderabad
4964,Documentation Error,Medium,Shipping label generated with incorrect address. Reported at Bengaluru facility during shift 1.,Resolved,Hyderabad
4965,Shipment Delay,Critical,Last-mile delivery partner unavailable. Reported at Kolkata facility during shift 2.,In Progress,Kolkata
4966,Inventory Shortage,Low,Backordered items unavailable for dispatch. Reported at Ahmedabad facility during shift 3.,Open,Kolkata
4967,Inventory Shortage,Medium,Inventory replenishment delayed. Reported at Pune facility during shift 1.,In Progress,Kolkata
4968,Shipment Delay,Low,Shipment delayed due to customs inspection. Reported at Delhi facility during shift 1.,Open,Bengaluru
4969,Damaged Goods,High,Package damaged during transportation. Reported at Pune facility during shift 2.,In Progress,Mumbai
4970,Inventory Shortage,Medium,Safety stock threshold breached. Reported at Mumbai facility during shift 3.,Resolved,Chennai
4971,Warehouse Issue,High,Inventory allocation issue detected. Reported at Mumbai facility during shift 3.,Open,Chennai
4972,Damaged Goods,Medium,Product packaging torn during loading. Reported at Kolkata facility during shift 2.,Resolved,Mumbai
4973,Warehouse Issue,Low,Storage location information incorrect. Reported at Bengaluru facility during shift 3.,Resolved,Hyderabad
4974,Warehouse Issue,Medium,Inventory allocation issue detected. Reported at Ahmedabad facility during shift 3.,Resolved,Kolkata
4975,Warehouse Issue,Medium,Warehouse processing backlog reported. Reported at Kolkata facility during shift 1.,In Progress,Kolkata
4976,Documentation Error,Medium,Incorrect consignee information provided. Reported at Hyderabad facility during shift 2.,Open,Delhi
4977,Inventory Shortage,Medium,Unexpected order spike exhausted stock. Reported at Hyderabad facility during shift 3.,In Progress,Kolkata
4978,Inventory Shortage,High,Procurement delay affected inventory availability. Reported at Mumbai facility during shift 1.,Open,Ahmedabad
4979,Shipment Delay,Low,Carrier scheduling issue caused shipment delay. Reported at Pune facility during shift 1.,Open,Mumbai
4980,Documentation Error,Medium,Incorrect shipping documentation submitted. Reported at Delhi facility during shift 2.,Resolved,Mumbai
4981,Damaged Goods,High,Warehouse accident damaged stored inventory. Reported at Mumbai facility during shift 3.,Resolved,Kolkata
4982,Shipment Delay,Low,Delivery delayed due to traffic disruption. Reported at Mumbai facility during shift 1.,Open,Mumbai
4983,Warehouse Issue,Medium,Picking error occurred in warehouse. Reported at Delhi facility during shift 3.,In Progress,Delhi
4984,Damaged Goods,Medium,Packaging failure led to damaged products. Reported at Ahmedabad facility during shift 2.,Resolved,Bengaluru
4985,Damaged Goods,Low,Product packaging torn during loading. Reported at Chennai facility during shift 1.,In Progress,Mumbai
4986,Inventory Shortage,Low,Unexpected order spike exhausted stock. Reported at Mumbai facility during shift 3.,Resolved,Mumbai
4987,Damaged Goods,Medium,Package damaged during transportation. Reported at Pune facility during shift 1.,Open,Delhi
4988,Damaged Goods,High,Fragile goods mishandled during unloading. Reported at Mumbai facility during shift 2.,Resolved,Chennai
4989,Damaged Goods,Medium,Shipment contents damaged in transit. Reported at Ahmedabad facility during shift 1.,In Progress,Chennai
4990,Documentation Error,High,Data entry error impacted shipment records. Reported at Hyderabad facility during shift 1.,In Progress,Ahmedabad
4991,Shipment Delay,Low,Carrier scheduling issue caused shipment delay. Reported at Ahmedabad facility during shift 3.,Open,Bengaluru
4992,Shipment Delay,Low,Carrier scheduling issue caused shipment delay. Reported at Pune facility during shift 2.,In Progress,Delhi
4993,Warehouse Issue,Medium,Storage location information incorrect. Reported at Ahmedabad facility during shift 2.,In Progress,Hyderabad
4994,Warehouse Issue,Low,Warehouse stock mismatch identified. Reported at Ahmedabad facility during shift 3.,Open,Bengaluru
4995,Warehouse Issue,Low,Order consolidation process delayed shipment. Reported at Ahmedabad facility during shift 2.,Resolved,Ahmedabad
4996,Shipment Delay,Medium,Rail transport delay impacted delivery timeline. Reported at Bengaluru facility during shift 1.,Resolved,Bengaluru
4997,Transportation Failure,Low,Equipment malfunction impacted transport operations. Reported at Hyderabad facility during shift 1.,Resolved,Kolkata
4998,Damaged Goods,Low,Product packaging torn during loading. Reported at Chennai facility during shift 2.,Open,Kolkata
4999,Warehouse Issue,Low,Space constraint affected storage operations. Reported at Ahmedabad facility during shift 2.,Open,Chennai
5000,Damaged Goods,Low,Improper handling caused item breakage. Reported at Kolkata facility during shift 1.,Open,Mumbai
